current_rating,previous_warnings,trips_count,sentiment_pred,sentiment_confidence,category_pred,category_confidence,decision
4.26,1,512,2,0.85,1,0.95,3
3.93,1,522,2,0.92,4,0.86,2
4.69,0,832,2,0.84,0,0.73,0
3.39,1,656,2,0.83,4,0.65,2
4.21,1,985,2,0.67,4,0.91,2
4.36,1,971,2,0.62,1,0.77,3
4.96,1,14,0,0.61,2,0.61,0
3.55,0,409,2,0.91,4,0.69,2
4.81,0,147,2,0.79,2,0.83,3
3.18,3,431,0,0.62,2,0.75,0
4.99,1,489,0,0.62,4,0.87,1
4.66,0,602,2,0.94,2,0.65,3
4.47,0,419,2,0.88,4,0.9,2
4.06,0,282,2,0.75,4,0.79,2
4.97,1,441,0,0.83,1,0.92,1
4.9,0,306,2,0.97,2,0.84,3
4.44,1,993,2,0.85,0,0.72,0
3.54,3,661,2,0.9,2,0.95,4
4.46,1,687,2,0.72,2,0.91,3
4.34,2,392,2,0.73,0,0.82,4
3.99,3,217,2,0.88,3,0.74,4
4.89,0,117,0,0.83,2,0.72,1
3.65,1,441,2,0.82,4,0.91,2
3.25,1,151,2,0.78,2,0.79,4
2.75,0,959,2,0.86,4,0.64,2
3.78,3,710,2,0.8,0,0.79,4
4.33,3,982,1,0.61,1,0.91,0
3.61,0,425,2,0.94,3,0.97,4
4.36,1,455,2,0.76,2,0.71,3
2.52,2,216,2,0.7,3,0.8,4
4.26,3,198,1,0.96,4,0.99,0
4.84,0,68,0,0.78,3,0.96,1
3.22,1,541,2,0.79,4,0.84,2
4.48,1,40,2,0.77,4,0.76,2
3.36,3,941,2,0.66,2,0.79,4
4.83,0,976,0,0.74,2,0.94,1
4.11,0,354,2,0.95,4,0.83,2
4.44,1,264,2,0.84,3,0.95,0
4.94,0,531,0,0.64,4,0.93,1
4.34,1,881,2,0.94,1,0.68,3
2.57,1,891,2,0.81,4,0.73,2
2.88,1,602,1,0.83,4,0.63,0
2.71,1,926,2,0.75,1,0.84,4
2.65,1,848,1,0.89,1,0.67,0
4.56,2,60,2,0.93,3,0.93,4
4.5,1,301,2,0.66,0,0.93,0
4.57,0,430,2,0.68,4,0.63,2
4.99,1,520,0,0.74,0,0.67,1
3.73,1,924,2,0.84,3,0.78,0
4.9,1,429,0,0.86,2,0.72,1
4.88,0,78,0,0.84,1,0.7,1
2.66,1,743,2,0.91,2,0.67,4
2.52,0,86,2,0.87,4,0.98,2
2.92,3,157,2,0.83,0,0.99,4
4.9,0,872,0,0.8,2,0.64,1
2.82,0,70,2,0.78,2,0.87,3
4.91,0,583,0,0.64,1,0.6,1
3.0,2,609,2,0.99,3,0.66,4
4.89,0,132,0,0.98,2,0.74,1
4.96,0,460,0,0.81,4,0.69,1
3.83,3,182,1,0.63,0,0.86,0
3.75,0,922,2,0.65,1,0.8,3
3.96,0,559,2,0.78,1,0.85,3
4.59,1,137,2,0.78,0,0.72,0
2.62,2,427,0,0.87,1,0.69,0
2.67,2,482,2,0.94,3,0.79,4
4.99,0,829,0,0.89,2,0.87,1
3.76,1,899,2,0.9,2,0.61,4
4.01,0,371,2,0.85,1,0.81,3
4.95,0,382,0,0.66,0,0.69,1
3.52,1,271,2,0.96,4,0.91,2
4.02,3,89,0,0.64,4,0.78,0
4.89,0,803,0,0.63,4,0.85,1
4.9,0,643,0,0.85,1,0.69,1
4.85,0,356,0,0.67,2,0.75,1
3.05,1,593,2,0.88,1,0.85,4
3.98,3,254,1,0.64,1,0.61,0
2.94,0,232,2,0.94,2,0.68,3
3.94,1,310,2,0.74,1,0.82,4
4.97,0,770,0,0.79,1,0.88,1
2.65,2,538,2,0.9,4,0.76,4
3.01,2,915,1,0.88,3,0.77,0
4.75,1,27,2,0.79,4,0.96,2
4.86,0,805,0,0.6,3,0.84,1
4.12,0,952,2,0.89,4,0.96,2
4.83,1,966,0,0.63,0,0.88,1
4.99,0,199,0,0.78,4,0.76,1
4.83,0,880,0,0.84,4,0.9,1
3.71,0,828,2,0.88,3,0.71,4
3.64,0,267,2,0.73,2,0.85,3
4.08,1,731,2,0.69,2,0.61,3
4.11,1,544,2,0.69,1,0.73,3
4.14,3,169,2,0.63,3,0.99,4
3.95,0,853,2,0.82,0,0.8,0
4.82,0,687,0,0.62,1,0.72,1
4.93,0,817,0,0.83,1,0.75,1
3.68,3,272,2,0.75,2,0.61,4
2.98,0,670,2,0.77,2,0.86,3
3.97,0,563,2,0.73,1,0.97,3
4.39,1,148,2,0.61,2,0.92,3
4.37,2,387,1,0.95,0,0.9,0
3.36,0,254,2,0.78,4,0.9,2
3.84,1,553,2,0.82,4,0.96,2
2.76,3,963,2,0.97,1,0.91,4
4.42,1,454,2,0.94,2,0.96,3
4.8,0,187,0,0.71,2,0.86,1
4.96,3,26,0,0.74,1,0.72,0
4.24,1,934,2,0.97,1,0.8,3
4.48,2,487,2,0.62,1,0.7,4
4.87,0,193,0,0.9,3,0.68,1
3.46,1,320,2,0.98,4,0.8,2
4.16,1,87,2,0.71,2,0.78,3
2.91,0,353,2,0.87,4,0.71,2
4.19,0,949,1,0.7,1,0.73,0
4.38,3,755,2,0.66,4,0.67,4
4.34,0,836,2,0.85,4,0.71,2
4.06,0,387,2,0.92,1,0.7,3
2.83,1,147,2,0.65,0,0.94,0
4.99,0,426,0,0.85,2,0.69,1
3.07,0,74,2,0.76,4,0.73,2
3.8,0,280,2,0.82,1,0.84,3
2.87,1,260,2,0.92,4,0.89,2
3.84,0,457,2,0.88,1,0.89,3
3.67,0,814,2,0.95,4,0.99,2
4.82,0,653,0,0.74,1,0.63,1
3.44,0,399,2,0.79,4,0.8,2
4.94,0,223,0,0.71,1,0.77,1
4.63,1,123,2,0.87,4,0.8,2
2.6,2,171,2,0.91,3,0.72,4
3.08,3,725,1,0.72,1,0.92,0
4.88,1,958,2,0.74,2,0.78,3
4.87,0,232,0,0.8,3,0.91,1
2.73,3,290,1,0.68,1,0.82,0
2.51,0,778,2,0.77,4,0.86,2
3.96,3,704,2,0.72,3,0.83,4
3.66,1,245,2,0.92,1,0.89,4
3.3,1,290,1,0.62,0,0.82,0
3.88,0,417,2,0.77,1,0.86,3
3.82,1,889,2,0.86,0,0.65,0
3.14,1,325,2,0.78,1,0.95,4
3.58,1,477,0,0.75,4,0.8,0
4.06,1,489,2,0.82,1,0.85,3
2.97,0,36,2,0.8,2,0.92,3
4.21,0,68,0,0.83,4,0.96,0
3.94,0,925,2,0.89,2,0.76,3
4.7,1,329,2,0.95,2,0.86,3
3.78,1,56,2,0.89,4,0.64,2
2.87,1,409,2,0.88,0,0.89,0
4.37,1,349,2,0.79,0,0.7,0
2.79,1,877,2,0.97,4,0.97,2
4.21,1,518,2,0.63,2,0.79,3
4.46,0,868,2,0.77,2,0.91,3
4.93,0,164,0,0.86,3,0.65,1
2.51,1,64,2,0.76,1,0.8,4
3.31,0,288,2,0.78,4,0.89,2
3.97,0,736,2,0.6,2,0.76,3
2.54,0,763,2,0.91,4,0.78,2
3.37,2,409,0,0.96,3,0.71,0
2.98,1,697,2,0.83,4,0.88,2
4.0,1,756,2,0.69,4,0.86,2
2.85,0,61,2,0.85,0,0.81,0
4.75,0,676,2,0.83,4,0.87,2
4.37,1,721,2,0.81,2,0.61,3
3.02,1,256,0,0.77,2,0.95,0
4.83,0,932,0,0.9,3,0.8,1
3.21,1,83,1,0.62,2,0.83,0
3.63,2,753,2,0.91,1,0.86,4
4.18,2,223,2,0.67,4,0.72,4
3.53,1,783,2,0.93,3,0.82,4
4.84,1,768,0,0.94,0,0.78,1
2.96,1,877,1,0.83,3,0.91,0
4.75,1,86,2,0.87,3,0.62,4
4.37,1,863,2,0.97,2,0.68,3
4.54,1,469,2,0.91,2,0.71,3
3.07,1,361,2,0.71,3,0.68,0
3.97,0,260,1,0.89,3,0.77,0
4.99,0,927,0,0.67,1,0.66,1
2.92,1,106,2,0.93,2,0.65,4
3.93,0,406,2,0.91,4,0.7,2
4.61,0,153,2,0.98,4,0.89,2
3.44,1,605,2,0.71,2,0.65,4
4.97,0,134,0,0.83,4,0.98,1
2.75,0,42,2,0.66,4,0.67,2
4.93,0,488,0,0.68,1,0.65,1
3.37,0,415,2,0.65,4,0.86,2
4.6,1,899,2,0.69,2,0.98,3
4.9,3,33,0,0.7,2,0.83,0
4.86,1,689,2,0.93,1,0.7,3
4.9,0,79,0,0.92,0,0.65,1
4.6,1,65,2,0.72,0,0.62,0
3.46,1,624,2,0.88,1,0.65,4
4.94,1,411,0,0.92,1,0.95,1
3.32,0,747,2,0.93,4,0.61,2
4.92,0,339,0,0.76,3,0.7,1
3.33,1,856,2,0.82,1,0.77,4
4.06,0,732,2,0.97,4,0.78,2
4.6,0,374,2,0.98,0,0.67,0
4.83,1,627,0,0.98,0,0.91,1
4.0,1,283,2,0.81,3,0.85,0
4.96,0,905,0,0.74,3,0.72,1
4.83,0,104,2,0.83,4,0.76,2
4.66,1,202,2,0.92,3,0.95,4
2.93,3,522,1,0.62,0,0.65,0
4.86,0,891,0,0.82,4,0.93,1
2.7,1,654,2,0.83,1,0.8,4
4.56,0,187,1,0.68,1,0.93,0
3.92,0,772,2,0.7,2,0.74,3
2.65,1,136,1,0.74,0,0.75,0
2.87,1,930,2,0.93,2,0.94,4
3.19,2,672,1,0.63,3,0.93,0
4.89,1,327,0,0.91,2,0.78,1
2.83,0,869,2,0.98,1,0.75,3
2.73,0,366,2,0.64,1,0.76,3
2.65,1,303,2,0.85,1,0.96,4
2.71,0,419,2,0.69,4,0.78,2
3.39,1,66,2,0.98,1,0.91,4
4.18,0,784,2,0.67,2,0.61,3
3.28,0,772,2,0.9,2,0.79,3
4.3,1,192,2,0.99,1,0.99,3
5.0,0,387,0,0.91,3,0.87,1
4.36,1,901,2,0.93,1,0.76,3
4.2,1,58,2,0.99,1,0.96,3
3.8,3,338,2,0.88,3,0.85,4
2.86,2,768,1,0.83,1,0.89,0
3.46,1,454,2,0.76,1,0.98,4
3.91,0,340,2,0.82,4,0.94,2
3.68,3,126,2,0.95,3,0.63,4
3.54,0,186,2,0.69,2,0.89,3
5.0,0,214,0,0.79,4,0.66,1
3.72,1,814,2,0.71,4,0.64,2
4.58,2,77,0,0.64,1,0.61,0
4.71,2,287,1,0.92,4,0.75,0
4.14,0,912,2,0.97,4,0.64,2
4.29,1,975,2,0.66,2,0.93,3
4.83,1,757,2,0.7,4,0.67,2
3.98,1,297,2,0.99,4,0.93,2
3.04,0,236,1,0.89,2,0.87,0
4.91,0,622,0,0.82,4,0.65,1
3.28,0,929,2,0.81,1,0.63,3
3.96,2,268,2,0.87,3,0.64,4
4.65,1,929,2,0.66,2,0.81,3
4.86,0,979,0,0.8,2,0.68,1
2.95,1,494,1,0.86,4,0.97,0
4.02,0,782,2,0.79,4,0.73,2
4.7,0,846,2,0.87,0,0.79,0
4.33,0,127,2,0.62,3,0.66,0
2.64,0,169,2,0.81,2,0.72,3
4.87,0,841,0,0.66,3,0.94,1
4.84,1,523,0,0.89,0,0.81,1
3.12,0,716,2,0.84,4,0.84,2
4.6,1,530,2,0.71,2,0.6,3
4.32,2,105,0,0.69,1,0.72,0
3.29,3,823,2,0.76,2,0.68,4
3.39,0,989,2,0.66,2,0.61,3
4.73,0,859,2,0.83,4,0.9,2
4.38,1,295,2,0.97,1,0.86,3
4.93,0,469,0,0.81,0,0.86,1
3.38,3,854,2,0.92,3,0.84,4
4.47,0,560,2,0.96,4,0.87,2
4.88,0,887,0,0.71,1,0.78,1
2.74,0,329,2,0.6,4,0.98,2
4.56,0,694,2,0.73,1,0.71,3
3.89,2,260,2,0.8,2,0.93,4
4.92,0,836,0,0.84,3,0.94,1
4.31,0,555,2,0.69,3,0.75,0
3.36,0,271,2,0.98,4,0.74,2
2.64,1,284,2,0.8,2,0.78,4
3.27,0,609,2,0.69,4,0.74,2
4.82,0,644,0,0.61,1,0.94,1
4.44,2,97,1,0.99,4,0.72,0
4.76,0,941,2,0.78,4,0.93,2
3.7,3,362,2,0.93,3,0.93,4
3.66,1,780,2,0.69,2,0.89,4
3.68,1,468,2,0.73,1,0.79,4
3.43,1,474,2,0.72,3,0.63,0
3.81,1,589,2,0.71,4,0.83,2
4.74,1,78,2,0.8,1,0.76,3
2.9,2,749,0,0.97,0,0.69,0
4.57,1,188,2,0.96,1,0.87,3
4.74,0,257,2,0.6,4,0.96,2
3.13,0,20,2,0.97,1,0.64,3
4.4,0,295,2,0.94,0,0.7,0
3.88,2,497,2,0.92,3,0.7,4
3.92,3,870,2,0.98,1,0.9,4
2.9,1,626,2,0.78,1,0.85,4
4.42,0,949,2,0.84,2,0.73,3
4.8,0,365,0,0.79,0,0.88,1
4.95,0,806,0,0.97,4,0.69,1
4.95,0,119,0,0.84,3,0.66,1
4.12,1,428,2,0.77,4,0.84,2
4.5,0,948,2,0.75,4,0.89,2
4.0,1,556,2,0.84,2,0.95,3
3.74,2,63,2,0.83,2,0.63,4
4.85,1,51,0,0.99,1,0.93,1
4.93,0,475,2,0.82,1,0.82,3
4.85,1,42,2,0.78,1,0.91,3
2.81,0,684,2,0.91,1,0.9,3
3.3,0,762,2,0.92,2,0.7,3
3.41,0,61,1,0.7,2,0.94,0
2.68,0,135,2,0.81,1,0.62,3
4.82,1,91,2,0.91,2,0.77,3
4.85,3,723,1,0.81,1,0.83,0
4.51,1,503,2,0.73,1,0.86,3
4.85,0,838,0,0.79,1,0.7,1
3.74,0,458,0,0.83,3,0.89,0
4.74,0,550,2,0.72,4,0.97,2
2.51,3,793,2,0.97,2,0.7,4
4.02,1,402,2,0.85,2,0.86,3
4.8,0,990,1,0.82,1,0.89,0
3.04,1,483,2,0.68,4,0.96,2
3.89,2,58,2,0.85,0,0.88,4
2.97,1,134,2,0.9,3,0.83,4
3.49,3,328,2,0.99,3,0.76,4
4.84,0,473,2,0.69,1,0.69,3
4.4,1,112,1,0.68,3,0.91,0
3.58,0,241,2,0.78,1,0.62,3
3.21,1,862,2,0.82,4,0.62,2
3.45,0,528,2,0.78,1,0.76,3
4.28,0,212,2,0.82,2,0.82,3
3.04,1,402,2,0.96,4,0.96,2
2.68,0,688,2,0.78,1,0.67,3
2.52,1,459,2,0.76,4,0.87,2
3.62,0,261,2,0.71,4,0.95,2
3.73,2,702,2,0.74,1,0.82,4
4.57,1,890,2,0.89,2,0.66,3
4.7,1,302,2,0.88,2,0.7,3
2.74,1,173,2,0.66,4,0.64,2
4.83,1,441,2,0.8,2,0.77,3
3.69,0,439,2,0.72,2,0.8,3
2.64,0,604,2,0.63,4,0.69,2
3.57,1,344,2,0.72,0,0.9,0
2.56,1,116,2,0.67,4,0.78,2
4.82,2,31,0,0.9,4,0.62,0
4.88,0,952,0,0.64,4,0.81,1
3.14,1,338,2,0.7,2,0.75,4
2.58,1,892,2,0.97,4,0.7,2
4.83,0,368,0,0.75,2,0.7,1
4.66,1,494,2,0.62,2,0.83,3
4.39,1,289,2,0.63,1,0.96,3
3.69,0,17,2,0.87,4,0.96,2
3.0,1,525,2,0.76,4,0.71,2
2.82,1,780,2,0.72,2,0.67,4
4.23,1,114,2,0.96,4,0.93,2
4.1,1,918,2,0.94,1,0.99,3
3.17,2,68,2,0.96,3,0.82,4
4.2,1,144,2,0.68,0,0.94,0
2.53,0,425,2,0.92,4,0.61,2
3.43,0,626,2,0.97,3,0.69,4
4.49,0,748,2,0.88,2,0.67,3
4.91,1,592,2,0.86,2,0.98,3
4.02,0,978,2,0.75,1,0.65,3
5.0,0,468,0,0.67,2,0.87,1
4.32,0,57,2,0.64,0,0.91,0
4.83,0,176,1,0.9,0,0.97,0
2.82,1,364,2,0.99,3,0.74,4
4.62,1,900,2,0.91,4,0.71,2
3.84,1,280,2,0.64,4,0.83,2
4.95,0,198,0,0.84,2,0.86,1
2.67,0,728,2,0.89,3,0.74,4
4.95,0,631,0,0.97,0,0.69,1
4.99,0,476,0,0.7,3,0.93,1
3.23,0,826,2,0.75,4,0.78,2
3.67,1,796,2,0.81,4,0.91,2
4.71,1,804,2,0.68,2,0.9,3
3.97,1,689,2,0.66,4,0.66,2
4.01,1,41,2,0.94,2,0.7,3
4.18,0,402,2,0.84,1,0.65,3
3.99,1,987,2,0.92,2,0.79,4
4.22,0,220,2,0.68,4,0.91,2
4.88,1,139,0,0.83,1,0.73,1
4.91,0,482,0,0.72,3,0.98,1
4.95,0,322,2,0.9,1,0.84,3
4.89,0,995,0,0.82,1,0.97,1
3.16,1,950,2,0.76,0,0.78,0
4.86,0,125,0,0.91,2,0.84,1
3.12,1,741,2,0.82,1,0.96,4
2.79,0,337,2,0.95,2,0.66,3
4.86,0,539,0,0.94,3,0.82,1
3.7,1,299,1,0.9,4,0.82,0
2.85,0,837,2,0.68,3,0.88,0
3.71,0,515,2,0.83,1,0.85,3
3.54,0,879,2,0.9,2,0.63,3
4.97,0,928,0,0.9,3,0.66,1
4.84,0,544,0,0.64,0,0.93,1
4.75,1,351,0,0.92,1,0.93,0
4.08,1,212,2,0.66,2,0.88,3
4.33,3,16,2,0.83,2,0.71,4
4.96,0,285,0,0.66,1,0.67,1
4.0,0,970,2,0.79,4,0.95,2
4.87,0,689,0,0.8,2,0.65,1
4.06,0,994,2,0.64,1,0.99,3
4.79,2,875,2,0.94,3,0.83,4
4.86,0,230,0,0.88,1,0.66,1
4.8,0,758,0,0.71,2,0.85,1
4.85,1,504,2,0.85,4,0.65,2
3.65,1,196,2,0.68,4,0.68,2
4.67,1,845,2,0.74,4,0.8,2
4.95,0,531,0,0.61,2,0.82,1
4.0,1,561,2,0.78,3,0.93,0
3.77,0,975,0,0.87,0,0.87,0
4.82,0,432,0,0.75,0,0.71,1
3.9,0,873,2,0.7,2,0.97,3
3.23,1,21,2,0.6,1,0.85,4
3.16,3,114,2,0.72,2,0.64,4
2.5,0,680,2,0.9,4,0.81,2
4.48,3,12,1,0.65,2,0.63,0
3.79,1,490,2,0.79,4,0.95,2
4.26,0,762,2,0.85,1,0.78,3
4.96,0,69,0,0.7,3,0.98,1
4.51,0,193,2,0.83,3,0.72,0
4.7,1,630,2,0.76,2,0.68,3
2.53,1,877,2,0.72,4,0.79,2
4.86,0,727,0,0.68,2,0.88,1
4.62,1,408,2,0.62,1,0.78,3
3.37,1,764,2,0.96,3,0.6,4
3.76,1,108,2,0.68,2,0.92,4
4.15,3,607,1,0.72,0,0.83,0
4.56,1,772,2,0.93,4,0.98,2
2.93,3,204,2,0.9,3,0.91,4
3.73,1,284,2,0.6,2,0.77,4
2.57,1,807,2,0.72,4,0.86,2
3.93,0,587,2,0.71,3,0.94,0
3.03,1,935,2,0.98,4,0.94,2
4.88,1,69,2,0.89,1,0.85,3
2.94,2,254,2,0.79,2,0.87,4
3.18,1,352,2,0.73,1,0.7,4
3.17,0,880,2,0.88,2,0.92,3
4.85,3,36,0,0.75,0,0.83,0
3.47,2,961,2,0.93,4,0.61,4
2.78,1,955,2,0.62,2,0.92,4
4.86,0,705,0,0.84,3,0.95,1
2.62,0,748,2,0.62,4,0.71,2
3.49,3,611,1,0.64,2,0.93,0
3.66,1,411,2,0.92,4,0.8,2
3.88,0,978,2,0.87,3,0.64,4
3.2,1,492,2,0.83,4,0.76,2
4.89,1,846,2,0.78,2,0.75,3
4.97,1,604,0,0.89,3,0.88,1
4.53,2,497,0,0.82,3,0.64,0
3.05,0,468,2,0.63,4,0.82,2
2.77,0,749,2,0.96,4,0.99,2
4.24,1,188,2,0.83,1,0.77,3
2.66,3,557,2,0.98,3,0.68,4
3.98,3,946,1,0.63,1,0.65,0
4.84,0,28,0,0.85,4,0.78,0
4.6,0,376,2,0.93,4,0.76,2
4.02,1,353,2,0.95,4,0.6,2
4.31,1,69,2,0.92,4,0.79,2
4.37,0,976,2,0.82,0,0.71,0
4.89,0,938,0,0.68,1,0.73,1
4.23,1,989,1,0.67,0,0.91,0
3.32,3,481,2,0.73,1,0.64,4
4.83,0,631,0,0.62,0,0.66,1
4.48,1,315,2,0.75,2,0.71,3
4.5,2,839,1,0.89,1,0.9,0
3.51,3,890,0,0.72,4,0.62,0
4.81,0,597,0,0.87,1,0.92,1
3.71,0,274,2,0.6,2,0.7,3
4.35,0,439,0,0.69,0,0.64,0
3.9,0,95,1,0.85,1,0.94,0
4.56,1,694,2,0.81,1,0.65,3
3.07,2,767,2,0.88,3,0.73,4
3.12,0,446,2,0.88,0,0.72,0
4.1,1,698,2,0.67,1,0.82,3
3.0,1,563,2,0.8,2,0.86,4
3.42,1,221,2,0.85,2,0.87,4
4.33,3,188,2,0.73,0,0.88,4
3.55,0,904,2,0.66,0,0.72,0
4.87,1,460,0,0.76,1,0.97,1
3.24,3,888,1,0.87,0,0.98,0
4.99,0,516,0,0.98,4,0.81,1
2.62,3,350,1,0.93,3,0.91,0
3.96,1,597,2,0.89,4,0.96,2
3.99,0,680,2,0.88,3,0.86,4
4.0,3,121,1,0.87,1,0.97,0
4.77,0,300,2,0.81,4,0.73,2
4.41,0,815,2,0.79,1,0.78,3
2.98,2,316,2,0.92,1,0.72,4
4.07,0,397,2,0.79,4,0.72,2
4.78,1,950,2,0.67,1,0.86,3
4.92,0,613,0,0.77,4,0.75,1
4.36,0,104,1,0.75,2,0.93,0
4.81,1,283,0,0.93,3,0.82,1
4.58,1,834,2,0.78,4,0.64,2
2.78,1,710,0,0.73,1,0.9,0
4.53,1,460,2,0.97,1,0.79,3
4.06,0,296,2,0.67,4,0.72,2
3.96,0,174,2,0.75,0,0.85,0
4.01,1,990,1,0.65,1,0.78,0
4.94,0,324,0,0.61,2,0.98,1
2.6,1,362,1,0.71,4,0.6,0
3.57,1,755,2,0.92,1,0.72,4
4.69,3,347,2,0.92,1,0.79,4
3.12,3,723,2,0.86,3,0.88,4
2.82,3,641,0,0.8,4,0.9,0
4.38,1,355,2,0.95,4,0.9,2
3.37,0,507,2,0.68,1,0.93,3
5.0,0,344,0,0.75,0,0.93,1
4.84,0,68,0,0.99,2,0.85,1
4.43,1,237,2,0.8,1,0.76,3
4.07,1,34,2,0.76,2,0.81,3
3.84,0,588,2,0.61,1,0.65,3
4.26,1,617,2,0.76,2,0.9,3
4.56,0,187,2,0.77,2,0.99,3
4.33,3,289,1,0.7,2,0.73,0
3.27,1,340,0,0.98,3,0.91,0
4.55,1,72,2,0.8,1,0.73,3
3.33,1,781,2,0.64,2,0.66,4
4.03,3,930,0,0.95,4,0.66,0
2.67,2,673,0,0.78,3,0.95,0
4.81,0,228,0,0.68,3,0.89,1
4.88,0,357,0,0.69,0,0.93,1
3.66,3,886,2,0.6,3,0.84,4
4.58,0,356,2,0.68,2,0.79,3
4.4,0,830,2,0.74,1,0.82,3
2.61,0,441,2,0.86,4,0.79,2
4.83,0,267,2,0.75,4,0.7,2
4.34,0,426,2,0.87,4,0.95,2
4.42,0,574,2,0.77,4,0.86,2
4.13,0,544,2,0.85,1,0.78,3
4.29,1,818,2,0.72,1,0.73,3
2.58,0,81,2,0.67,4,0.91,2
4.53,0,180,0,0.65,0,0.98,0
3.24,1,789,2,0.7,4,0.72,2
3.97,0,802,2,0.66,4,0.68,2
2.6,0,608,2,0.69,4,0.64,2
4.88,0,435,0,0.97,4,0.83,1
4.54,1,433,2,0.66,1,0.96,3
2.62,1,94,1,0.79,3,0.85,0
4.52,0,600,2,0.88,4,0.62,2
4.89,0,520,0,0.8,2,0.68,1
4.26,1,77,2,0.99,2,0.87,3
3.29,1,630,2,0.89,0,0.96,0
3.66,2,956,2,0.75,1,0.97,4
4.83,0,69,0,0.86,3,0.78,1
3.19,3,439,2,0.78,2,0.78,4
4.66,2,329,2,0.89,3,0.83,4
4.67,0,14,2,0.72,0,0.91,0
3.2,2,492,1,0.97,2,0.74,0
3.34,3,757,2,0.96,0,0.73,4
2.89,1,667,2,0.92,3,0.97,4
4.87,0,766,0,0.87,3,0.65,1
2.67,1,95,2,0.92,1,0.62,4
4.24,0,749,2,0.69,4,0.6,2
2.92,0,255,2,0.61,1,0.87,3
4.31,1,265,2,0.99,3,0.67,4
4.03,0,762,2,0.93,4,0.71,2
4.82,2,687,2,0.89,3,0.68,4
3.9,1,210,2,0.73,2,0.76,4
4.78,1,435,0,0.68,0,0.91,0
4.97,0,707,0,0.76,2,0.85,1
2.51,2,826,2,0.93,2,0.78,4
4.97,0,349,0,0.97,3,0.66,1
4.13,0,408,2,0.69,4,0.98,2
3.01,2,739,2,0.73,0,0.86,4
3.34,0,111,2,0.75,1,0.74,3
3.15,0,509,2,0.88,4,0.65,2
3.05,2,512,2,0.92,4,0.93,4
4.03,3,716,2,0.89,4,0.79,4
3.45,1,312,2,0.76,4,0.64,2
3.55,1,634,2,0.97,2,0.82,4
3.56,0,509,2,0.65,1,0.84,3
4.98,1,321,0,0.61,4,0.67,1
3.08,1,174,2,0.66,2,0.72,4
2.91,1,15,2,0.78,2,0.91,4
4.88,0,877,0,0.98,2,0.72,1
4.12,1,863,2,0.72,4,0.63,2
2.85,0,583,2,0.86,4,0.95,2
4.9,0,521,0,0.92,2,0.84,1
4.5,3,1000,1,0.91,2,0.91,0
2.74,0,452,2,0.85,4,0.96,2
4.08,3,181,2,0.84,2,0.7,4
2.56,2,427,2,0.6,2,0.83,4
3.54,0,679,2,0.79,4,0.82,2
2.86,3,611,2,0.88,4,0.77,4
3.51,0,192,2,0.63,2,0.63,3
2.64,3,618,2,0.96,3,0.98,4
2.52,2,54,2,0.88,3,0.98,4
3.11,0,753,2,0.89,2,0.67,3
4.73,3,761,2,0.93,3,0.93,4
4.34,1,504,2,0.6,1,0.83,3
4.92,0,242,0,0.61,1,0.89,1
4.53,0,402,2,0.91,2,0.69,3
4.83,0,972,0,0.83,0,0.89,1
4.16,0,817,2,0.6,0,0.96,0
4.37,0,998,2,0.82,4,0.88,2
3.29,0,863,2,0.98,4,0.86,2
2.94,1,19,2,0.92,4,0.89,2
3.94,1,315,2,0.64,4,0.84,2
3.93,3,260,1,0.87,3,0.99,0
3.66,2,536,0,0.97,2,0.7,0
2.58,0,232,2,0.67,1,0.89,3
4.69,0,28,2,0.63,2,0.79,3
3.65,3,658,2,0.93,3,0.87,4
2.77,0,285,2,0.82,4,0.94,2
3.06,3,779,2,0.62,3,0.68,4
3.2,1,513,2,0.72,4,0.72,2
3.13,1,238,0,0.89,4,0.63,0
4.6,3,529,0,0.81,0,0.91,0
4.87,1,13,0,0.93,2,0.82,0
3.37,1,846,2,0.91,0,0.74,0
4.66,1,703,2,0.9,1,0.75,3
4.2,1,736,2,0.94,3,0.72,4
4.92,0,426,0,0.99,2,0.88,1
4.93,0,468,0,0.83,4,0.64,1
4.87,2,10,0,0.68,0,0.74,0
4.96,0,451,0,0.75,3,0.81,1
4.06,1,337,2,0.98,2,0.79,3
3.89,2,14,2,0.84,1,0.67,4
4.33,1,340,2,0.8,1,0.85,3
4.54,1,894,2,0.67,1,0.62,3
4.94,0,306,0,0.62,0,0.84,1
4.7,0,454,2,0.84,3,0.9,0
4.95,0,648,0,0.77,3,0.61,1
4.21,1,643,2,0.61,3,0.75,0
2.78,0,453,2,0.99,2,0.91,3
4.1,0,95,2,0.67,4,0.77,2
3.66,1,120,2,0.83,4,0.66,2
3.26,1,286,2,0.88,4,0.78,2
4.12,3,659,1,0.71,4,0.97,0
3.7,1,154,2,0.87,4,0.63,2
2.9,2,809,0,0.74,4,0.79,0
3.94,1,148,2,0.87,2,0.8,4
4.15,1,461,2,0.69,4,0.91,2
3.2,0,574,0,0.67,4,0.63,0
3.09,1,875,2,0.63,2,0.91,4
4.85,0,750,0,0.76,0,0.95,1
4.89,0,915,0,0.95,2,0.77,1
4.89,1,882,0,0.95,1,0.6,1
4.35,1,868,2,0.6,4,0.85,2
4.92,1,980,0,0.68,1,0.76,1
4.86,0,96,0,0.72,1,0.68,1
4.12,1,600,2,0.86,1,0.64,3
4.87,0,723,0,0.72,4,0.81,1
4.02,2,50,2,0.95,2,0.61,4
3.58,2,344,2,0.64,4,0.78,4
4.92,0,968,0,0.86,3,0.73,1
2.62,1,23,2,0.78,4,0.98,2
4.16,1,319,2,0.62,4,0.81,2
3.1,1,749,2,0.84,3,0.6,0
4.43,1,161,0,0.61,0,0.67,0
2.67,1,703,2,0.76,4,0.92,2
2.74,1,805,2,0.97,3,0.82,4
4.91,0,480,0,0.71,0,0.64,1
3.03,0,678,1,0.74,1,0.93,0
3.45,0,197,2,0.64,1,0.86,3
3.22,1,291,2,0.96,3,0.79,4
4.87,0,173,0,0.61,1,0.82,1
4.49,0,187,2,0.62,4,0.72,2
4.71,0,634,2,0.74,4,0.72,2
3.48,1,325,2,0.7,0,0.8,0
2.97,2,592,2,0.87,0,0.76,4
3.53,3,664,1,0.67,3,0.68,0
4.94,1,711,0,0.78,0,0.78,1
2.66,2,501,2,0.89,0,0.61,4
3.67,3,810,2,0.84,4,0.79,4
4.78,3,715,0,0.89,3,0.92,0
2.91,3,264,2,0.83,4,0.87,4
4.6,1,894,2,0.76,1,0.93,3
4.38,3,527,1,0.64,0,0.93,0
3.0,0,170,1,0.6,3,0.87,0
2.75,1,774,2,0.7,4,0.92,2
4.43,3,432,1,0.95,3,0.6,0
3.93,0,595,0,0.94,3,0.99,0
4.67,1,485,2,0.69,4,0.64,2
2.72,2,903,1,0.65,4,0.98,0
3.35,0,608,2,0.92,2,0.87,3
2.76,1,49,0,0.87,3,0.83,0
3.93,3,648,0,0.75,3,0.73,0
3.34,0,293,2,0.68,2,0.97,3
3.34,3,792,2,0.66,0,0.94,4
2.92,1,149,2,0.92,1,0.68,4
4.29,1,798,2,0.86,1,0.92,3
4.35,1,723,2,0.71,1,0.82,3
2.58,1,422,2,0.84,1,0.97,4
2.77,1,488,2,0.76,1,0.83,4
3.09,3,105,1,0.73,1,0.77,0
3.65,1,799,2,0.71,4,0.85,2
4.98,0,901,0,0.93,3,0.98,1
4.93,0,96,0,0.91,0,0.74,1
3.37,0,102,1,0.72,1,0.91,0
4.28,1,483,1,0.75,4,0.69,0
3.0,0,234,2,0.82,1,0.65,3
4.15,1,758,2,0.82,2,0.89,3
4.0,0,184,2,0.83,4,0.8,2
4.23,3,918,2,0.9,3,0.6,4
3.4,0,155,2,0.88,1,0.73,3
3.93,1,512,2,0.8,3,0.81,0
4.64,1,140,2,0.99,3,0.74,4
3.07,3,650,1,0.75,2,0.84,0
4.58,3,354,2,0.98,3,0.89,4
4.83,0,28,2,0.88,4,0.9,2
4.8,2,11,0,0.68,4,0.77,0
3.63,0,91,2,0.89,1,0.89,3
3.57,3,541,2,0.95,4,0.62,4
4.88,0,788,0,0.91,2,0.88,1
3.53,1,277,2,0.88,4,0.68,2
4.9,1,622,0,0.79,0,0.83,1
4.24,3,743,2,0.95,4,0.78,4
3.87,1,779,1,0.63,3,0.8,0
4.02,1,491,2,0.68,2,0.81,3
4.09,3,948,2,0.91,3,0.79,4
4.45,0,793,2,0.82,1,0.91,3
3.17,3,131,2,0.86,3,0.82,4
4.53,1,888,2,0.62,4,0.75,2
2.5,3,520,2,0.79,0,0.84,4
4.37,1,115,2,0.78,2,0.98,3
4.18,0,754,2,0.65,4,0.94,2
4.96,3,16,0,0.87,3,0.62,0
3.69,0,46,2,0.94,2,0.86,3
4.25,3,423,2,0.8,4,0.98,4
4.76,3,396,0,0.73,0,0.92,0
4.73,1,935,2,0.98,2,0.8,3
3.22,1,277,0,0.86,2,0.69,0
4.83,1,472,2,0.95,1,0.63,3
4.64,1,87,2,0.94,1,0.88,3
4.33,0,502,2,0.61,4,0.73,2
4.55,1,352,2,0.91,2,0.66,3
3.05,0,892,2,0.96,2,0.8,3
3.84,2,205,2,0.78,0,0.92,4
4.13,2,894,2,0.91,4,0.79,4
3.47,0,697,2,0.91,2,0.68,3
3.38,0,474,2,0.75,4,0.77,2
3.01,2,581,1,0.63,1,0.96,0
3.86,2,79,2,0.69,3,0.61,4
3.93,0,420,2,0.72,4,0.62,2
4.83,1,665,2,0.7,1,0.73,3
2.89,0,232,2,0.87,4,0.96,2
4.99,0,639,0,0.91,3,0.79,1
3.52,0,484,2,0.77,4,0.81,2
3.06,2,141,2,0.92,3,0.76,4
2.59,0,812,2,0.84,1,0.7,3
2.79,3,770,0,0.66,2,0.94,0
2.77,3,829,2,0.93,3,0.79,4
3.77,1,51,2,0.69,4,0.98,2
4.84,1,869,0,0.65,0,0.8,1
3.63,1,320,2,0.93,0,0.72,0
4.91,0,226,0,0.83,4,0.9,1
4.98,0,710,0,0.64,3,0.84,1
2.94,0,888,2,0.88,3,0.72,4
3.27,0,719,2,0.71,4,0.71,2
3.73,2,727,0,0.7,0,0.76,0
3.17,0,372,1,0.9,3,0.98,0
4.85,0,477,0,0.76,0,0.78,1
3.86,1,198,0,0.64,3,0.78,0
4.96,0,225,0,0.95,3,0.64,1
4.58,1,999,2,0.63,4,0.71,2
4.9,0,359,0,0.92,3,0.89,1
4.97,0,304,0,0.9,4,0.65,1
4.55,2,250,2,0.99,3,0.93,4
4.36,3,279,2,0.88,3,0.8,4
4.38,0,403,0,0.83,3,0.81,0
4.68,0,62,2,0.77,4,0.99,2
4.93,2,654,2,0.91,3,0.78,4
4.85,0,559,0,0.89,4,0.92,1
4.0,1,583,2,0.7,1,0.73,3
4.85,0,499,0,0.95,0,0.9,1
4.73,1,341,2,0.96,2,0.95,3
4.65,1,611,0,0.8,3,0.71,0
3.44,3,560,2,0.95,1,0.92,4
4.94,0,782,0,0.81,3,0.87,1
4.95,0,857,0,0.87,3,0.7,1
4.92,0,97,0,0.92,3,0.92,1
4.29,1,520,2,0.69,2,0.87,3
3.3,2,88,0,0.8,2,0.77,0
4.08,2,249,2,0.91,3,0.73,4
2.66,0,714,1,0.9,1,0.8,0
2.56,0,219,2,0.7,2,0.95,3
4.82,0,849,0,0.71,4,0.94,1
3.82,1,338,2,0.77,4,0.83,2
3.25,0,295,2,0.89,3,0.69,4
2.81,0,532,2,0.91,4,0.61,2
3.98,1,348,2,0.77,2,0.68,4
3.5,2,271,0,0.8,3,0.85,0
3.85,1,352,2,0.66,4,0.69,2
2.9,0,897,2,0.63,1,0.62,3
4.88,0,283,0,0.92,4,0.89,1
4.89,0,385,0,0.91,2,0.66,1
3.92,3,104,2,0.84,3,0.67,4
4.66,1,536,2,0.9,2,0.93,3
4.96,0,721,0,0.76,1,0.92,1
4.42,1,830,2,0.81,2,0.97,3
4.18,1,118,2,0.87,3,0.75,4
2.54,0,737,2,0.71,4,0.73,2
2.79,3,597,2,0.94,3,0.8,4
2.99,1,825,2,0.8,4,0.85,2
3.76,3,276,2,0.65,2,0.96,4
4.37,0,42,2,0.67,2,0.65,3
2.88,3,21,1,0.83,0,0.85,0
4.77,1,774,2,0.86,4,0.79,2
2.73,0,284,2,0.7,2,0.77,3
3.2,3,39,2,0.65,1,0.85,4
2.8,1,269,2,0.75,2,0.84,4
4.98,1,629,0,0.87,4,0.63,1
2.86,0,881,1,0.89,4,0.78,0
4.85,0,63,0,0.88,2,0.95,1
4.07,1,70,2,0.76,1,0.86,3
3.45,2,222,2,0.76,3,0.94,4
4.96,0,11,0,0.73,2,0.91,0
4.52,3,703,1,0.95,2,0.75,0
4.38,0,877,2,0.69,2,0.99,3
3.89,1,66,2,0.97,3,0.94,4
4.3,0,564,2,0.69,1,0.69,3
4.83,0,68,0,0.85,4,0.71,1
4.17,0,136,2,0.76,4,0.95,2
4.92,0,756,0,0.68,3,0.9,1
4.87,0,924,0,0.97,2,0.68,1
4.64,1,279,2,0.63,2,0.61,3
2.74,1,858,2,0.94,4,0.9,2
3.38,1,612,1,0.69,0,0.88,0
4.33,3,91,1,0.82,2,0.79,0
2.5,1,161,0,0.94,2,0.72,0
4.95,1,710,0,0.67,3,0.79,1
4.32,3,462,2,0.93,3,0.83,4
4.93,2,243,2,0.99,3,0.86,4
4.7,3,814,0,0.96,2,0.94,0
2.78,0,850,2,0.88,4,0.64,2
4.58,1,954,2,0.64,4,0.69,2
3.52,1,704,2,0.69,2,0.89,4
3.08,1,170,1,0.93,3,0.94,0
2.9,1,65,2,0.62,3,0.75,0
4.21,1,958,2,0.91,4,0.84,2
3.08,1,279,2,0.97,3,0.63,4
4.43,0,636,2,0.6,4,0.71,2
3.36,1,570,2,0.92,4,0.82,2
4.06,2,512,2,0.93,3,0.68,4
4.4,1,328,2,0.85,4,0.68,2
3.39,0,193,2,0.72,2,0.72,3
4.82,0,982,0,0.85,1,0.62,1
3.98,0,728,2,0.92,3,0.81,4
3.22,0,720,2,0.75,2,0.87,3
4.88,2,20,0,0.68,0,0.78,0
3.99,0,798,2,0.89,1,0.63,3
3.59,0,184,2,0.81,4,0.92,2
4.94,0,998,0,0.81,3,0.96,1
3.66,0,918,2,0.68,4,0.97,2
2.51,1,705,2,0.92,4,0.8,2
3.07,0,694,2,0.87,4,0.61,2
2.63,2,496,2,0.85,4,0.63,4
2.67,0,461,2,0.89,4,0.97,2
4.95,0,74,2,0.92,3,0.65,4
4.16,0,825,2,0.85,1,0.74,3
3.41,0,409,2,0.72,4,0.77,2
4.01,0,725,0,0.75,0,0.69,0
2.97,1,26,2,0.96,1,0.94,4
3.22,0,785,2,0.96,3,0.68,4
4.99,0,425,0,0.86,2,0.81,1
3.03,0,495,2,0.93,3,0.89,4
2.77,1,944,2,0.62,2,0.83,4
4.4,1,173,2,0.64,2,0.76,3
4.85,0,905,0,0.74,4,0.79,1
4.72,1,475,2,0.76,1,0.8,3
4.99,0,416,0,0.64,3,0.84,1
4.92,0,645,0,0.65,1,0.65,1
3.59,0,650,2,0.81,2,0.85,3
4.83,1,16,0,0.68,0,0.78,0
3.15,1,39,2,0.62,3,0.93,0
4.18,1,416,2,0.94,1,0.77,3
4.94,0,559,0,0.69,3,0.8,1
4.65,1,245,2,0.79,1,0.98,3
3.03,0,522,2,0.87,3,0.66,4
2.69,2,446,1,0.78,3,0.76,0
2.74,3,282,2,0.82,4,0.85,4
3.72,0,346,2,0.95,4,0.87,2
4.72,0,538,2,0.6,4,0.65,2
4.87,0,921,0,0.63,0,0.69,1
4.04,1,405,2,0.94,3,0.76,4
3.28,0,565,1,0.7,2,0.74,0
4.98,0,878,0,0.75,1,0.97,1
4.88,0,404,0,0.89,4,0.74,1
3.96,3,937,2,0.91,3,0.78,4
4.75,2,498,0,0.96,0,0.7,0
4.81,3,26,0,0.85,1,0.85,0
4.93,1,648,2,0.73,1,0.72,3
3.06,1,854,2,0.76,2,0.76,4
3.59,0,466,2,0.84,1,0.72,3
4.93,0,615,0,0.8,1,0.64,1
4.16,1,551,2,0.81,1,0.86,3
3.91,1,312,2,0.81,1,0.94,4
3.41,0,853,1,0.92,3,0.89,0
2.62,1,993,2,0.86,4,0.92,2
4.06,0,593,2,0.62,1,0.78,3
4.14,1,783,2,0.75,3,0.89,0
3.51,1,785,2,0.73,3,0.86,0
4.84,1,614,2,0.99,4,0.8,2
4.76,1,818,2,0.88,2,0.68,3
3.54,0,915,2,0.75,1,0.74,3
4.5,3,973,0,0.94,0,0.98,0
4.21,0,732,2,0.65,0,0.68,0
3.6,0,976,2,0.88,4,0.89,2
4.36,0,295,2,0.84,1,0.82,3
4.9,1,308,0,0.75,1,0.87,1
2.8,3,291,2,0.98,4,0.88,4
4.57,0,416,2,0.96,0,0.82,0
4.25,1,293,2,0.86,2,0.61,3
3.52,1,592,2,0.77,2,0.95,4
3.58,1,186,2,0.96,4,0.9,2
2.88,0,93,2,0.61,3,0.85,0
4.61,1,204,2,0.9,0,0.79,0
4.47,2,406,1,0.67,0,0.65,0
3.9,0,114,2,0.97,4,0.86,2
2.75,2,755,1,0.88,3,0.83,0
2.97,0,401,1,0.94,3,0.69,0
4.23,3,786,1,0.71,4,0.64,0
2.91,0,174,2,0.97,1,0.68,3
4.95,0,302,0,0.74,1,0.81,1
3.35,0,685,2,0.93,2,0.91,3
3.63,0,648,2,0.81,4,0.67,2
4.56,3,438,1,0.67,2,0.69,0
3.23,0,955,2,0.82,3,0.67,0
3.95,1,585,2,0.87,2,0.66,4
3.09,1,747,2,0.62,4,0.6,2
4.42,1,605,2,0.72,4,0.66,2
3.26,1,982,2,0.69,2,0.88,4
4.99,0,809,0,0.84,2,0.92,1
2.9,1,909,2,0.99,4,0.6,2
3.56,3,218,1,0.73,1,0.72,0
4.54,1,515,2,0.61,1,0.77,3
2.98,0,480,2,0.65,3,0.94,0
4.29,1,273,2,0.6,1,0.61,3
4.94,1,142,0,0.77,2,0.69,1
4.25,0,984,1,0.88,2,0.98,0
3.12,0,623,1,0.82,3,0.97,0
3.58,1,783,2,0.92,3,0.82,4
4.94,1,859,2,0.85,2,0.7,3
4.63,1,524,2,0.61,4,0.97,2
4.96,1,213,0,0.65,0,0.93,1
4.98,0,415,0,0.85,0,0.96,1
4.48,1,380,2,0.96,4,0.77,2
4.86,0,805,0,0.75,4,0.74,1
3.18,1,462,2,0.94,3,0.68,4
2.6,0,774,2,0.73,4,0.66,2
3.72,3,159,2,0.92,3,0.69,4
3.14,1,30,1,0.81,0,0.73,0
4.67,1,895,2,0.78,1,0.87,3
3.4,3,554,2,0.91,3,0.93,4
4.8,1,921,2,0.78,1,0.63,3
4.88,2,36,0,0.85,1,0.98,0
4.38,1,263,2,0.86,1,0.9,3
3.74,1,470,2,0.75,4,0.94,2
4.88,0,598,0,0.73,3,0.71,1
3.89,1,401,1,0.75,0,0.68,0
4.83,1,223,0,0.63,1,0.68,1
4.43,0,415,1,0.91,0,0.98,0
3.44,0,878,2,0.92,4,0.73,2
3.99,0,452,2,0.76,4,0.86,2
2.65,2,984,1,0.64,2,0.67,0
2.96,1,135,2,0.78,4,0.82,2
3.19,0,980,2,0.76,1,0.82,3
2.99,1,21,2,0.68,4,0.8,2
3.46,3,531,2,0.66,3,0.99,4
4.59,1,26,1,0.7,4,0.83,0
2.93,0,322,2,0.78,0,0.74,0
4.81,0,310,2,0.64,4,0.76,2
2.74,1,394,0,0.82,0,0.69,0
4.85,0,86,2,0.66,2,0.95,3
3.65,2,711,0,0.78,3,0.78,0
2.99,0,464,2,0.69,2,0.8,3
4.77,1,114,0,0.72,0,0.78,0
4.18,0,390,2,0.65,0,0.9,0
4.84,0,18,0,0.76,0,0.62,0
4.95,1,937,0,0.96,3,0.68,1
4.47,0,85,2,0.8,0,0.87,0
3.3,1,684,2,0.93,4,0.65,2
4.83,3,591,2,0.96,3,0.69,4
3.71,1,456,2,0.7,4,0.92,2
2.52,1,338,2,0.91,4,0.71,2
4.37,1,495,2,0.88,1,0.72,3
4.65,2,465,2,0.87,3,0.78,4
3.78,0,653,2,0.73,1,0.7,3
3.43,1,316,2,0.61,1,0.78,4
2.65,0,907,2,0.97,3,0.69,4
3.3,3,667,0,0.92,1,0.61,0
4.81,0,638,0,0.67,0,0.88,1
3.55,1,250,2,0.94,3,0.96,4
4.5,2,965,1,0.82,2,0.65,0
4.8,0,578,0,0.98,1,0.96,1
2.97,0,705,2,0.92,4,0.93,2
3.91,1,803,2,0.85,4,0.83,2
4.85,0,971,0,0.69,4,0.94,1
4.23,1,800,2,0.87,2,0.89,3
4.39,0,291,2,0.6,4,0.68,2
4.64,2,704,2,0.9,3,0.72,4
3.24,3,229,2,0.83,3,0.67,4
2.51,1,560,2,0.9,2,0.94,4
4.95,0,839,0,0.97,0,0.98,1
3.38,3,674,2,0.94,3,0.6,4
4.86,0,655,0,0.76,4,0.71,1
4.87,0,705,0,0.8,4,0.96,1
3.52,2,369,2,0.89,0,0.83,4
3.27,2,984,2,0.87,3,0.87,4
3.3,3,236,2,0.84,0,0.64,4
3.67,0,602,2,0.64,2,0.92,3
4.63,3,359,0,0.91,2,0.71,0
4.9,0,332,0,0.97,2,0.82,1
4.97,0,973,0,0.6,1,0.91,1
4.02,0,845,2,0.8,1,0.97,3
4.83,0,518,0,0.89,4,0.86,1
3.64,0,350,2,0.81,0,0.65,0
4.84,1,90,2,0.64,2,0.8,3
3.36,1,992,2,0.87,4,0.72,2
4.06,1,728,2,0.96,4,0.75,2
3.17,0,307,2,0.65,3,0.78,0
4.72,2,267,0,0.89,0,0.62,0
4.34,2,965,2,0.87,2,0.66,4
3.95,2,270,2,0.98,3,0.74,4
4.85,1,446,2,0.9,1,0.65,3
4.33,1,134,2,0.93,1,0.79,3
4.98,0,148,0,0.85,3,0.89,1
4.19,1,461,2,0.85,2,0.8,3
3.34,1,28,1,0.86,1,0.69,0
4.99,0,758,0,0.81,3,0.79,1
4.89,0,570,0,0.83,1,0.73,1
3.0,2,881,1,0.86,0,0.73,0
3.83,1,224,2,0.67,4,0.75,2
3.62,1,664,2,0.85,1,0.84,4
3.05,1,793,1,0.64,1,0.81,0
2.54,0,730,2,0.98,4,0.62,2
2.61,1,297,2,0.75,4,0.84,2
4.82,3,13,0,0.95,3,0.68,0
4.48,1,343,2,0.96,1,0.91,3
3.89,1,602,2,0.68,1,0.76,4
4.63,1,312,1,0.7,3,0.7,0
2.78,3,785,0,0.67,1,0.98,0
3.95,1,365,2,0.85,1,0.85,4
3.31,0,528,2,0.86,3,0.72,4
3.37,0,227,2,0.84,4,0.7,2
4.02,0,586,2,0.87,2,0.73,3
4.9,0,617,0,0.78,0,0.81,1
2.87,0,277,2,0.99,4,0.84,2
4.92,0,336,0,0.92,4,0.71,1
4.87,0,569,0,0.66,0,0.66,1
3.67,1,232,2,0.78,4,0.98,2
2.61,1,377,2,0.61,4,0.66,2
4.3,3,550,2,0.63,4,0.85,4
4.12,0,593,2,0.87,4,0.68,2
4.96,0,255,0,0.84,1,0.98,1
4.96,0,413,0,0.67,3,0.84,1
4.9,0,680,0,0.96,0,0.92,1
4.23,2,783,2,0.88,3,0.62,4
4.63,0,628,1,0.89,4,0.66,0
3.3,0,977,2,0.77,2,0.86,3
4.37,0,946,2,0.83,1,0.68,3
3.14,1,772,2,0.79,2,0.69,4
4.94,2,35,0,0.81,2,0.93,0
4.75,0,895,2,0.84,4,0.94,2
3.51,0,255,2,0.9,4,0.87,2
3.98,0,399,2,0.65,2,0.99,3
3.52,1,418,0,0.68,3,0.83,0
4.82,0,457,0,0.87,3,0.71,1
4.15,0,663,2,0.88,2,0.93,3
4.46,1,872,2,0.87,4,0.98,2
4.87,1,929,0,0.97,1,0.79,1
3.2,3,740,0,0.86,1,0.89,0
3.93,0,347,2,0.84,3,0.86,0
4.81,3,992,1,0.75,0,0.98,0
4.37,1,417,2,0.74,4,0.8,2
2.84,1,230,2,0.64,4,0.98,2
4.37,1,562,2,0.71,2,0.99,3
3.22,1,840,2,0.98,2,0.66,4
4.03,1,417,0,0.88,3,0.74,0
3.68,0,398,2,0.8,4,0.7,2
4.96,0,537,0,0.68,2,0.92,1
3.69,1,29,2,0.62,1,0.91,4
4.44,0,842,2,0.83,0,0.76,0
4.63,1,312,2,0.68,4,0.86,2
4.33,0,265,0,0.99,2,0.79,0
4.75,1,276,2,0.78,1,0.78,3
3.7,1,411,2,0.66,4,0.83,2
4.21,1,24,2,0.62,1,0.95,3
4.7,2,227,1,0.86,3,0.95,0
4.86,0,726,0,0.71,4,0.73,1
4.59,2,625,2,0.89,3,0.88,4
4.81,0,64,0,0.97,1,0.63,1
4.97,0,563,0,0.63,3,0.95,1
3.72,2,445,0,0.74,3,0.71,0
2.7,1,264,2,0.68,2,0.8,4
4.98,0,723,0,0.64,4,0.81,1
4.53,0,388,2,0.77,4,0.97,2
2.98,0,455,2,0.9,4,0.66,2
3.98,1,379,2,0.79,4,0.93,2
2.82,0,339,2,0.61,4,0.89,2
3.17,0,548,1,0.77,2,0.63,0
4.76,1,302,2,0.62,2,0.78,3
4.42,0,800,2,0.76,2,0.86,3
4.04,1,426,2,0.88,4,0.62,2
4.93,0,126,0,0.97,4,0.7,1
4.47,1,47,2,0.85,1,0.86,3
4.91,0,882,0,0.88,2,0.77,1
4.8,3,679,1,0.83,3,0.9,0
4.03,1,666,2,0.82,1,0.65,3
2.72,0,11,0,0.6,3,0.72,0
4.02,0,312,2,0.89,0,0.89,0
3.45,1,342,2,0.76,2,0.97,4
4.06,2,141,2,0.95,2,0.84,4
4.89,0,66,0,0.74,4,0.9,1
3.98,1,525,2,0.93,1,0.82,4
4.88,0,621,0,0.61,1,0.93,1
3.03,1,974,2,0.97,4,0.93,2
4.94,1,722,0,0.61,1,0.75,1
3.14,1,326,2,0.64,4,0.81,2
4.96,0,437,0,0.63,0,0.75,1
4.54,1,473,2,0.61,2,0.69,3
4.1,1,649,2,0.97,2,0.9,3
4.74,1,293,2,0.67,4,0.97,2
4.84,0,798,0,0.68,2,0.82,1
3.32,0,799,2,0.85,4,0.75,2
4.93,0,938,0,0.85,0,0.65,1
3.2,0,951,2,0.7,1,0.88,3
3.38,0,884,2,0.6,2,0.72,3
4.28,1,792,2,0.92,4,0.78,2
2.72,1,200,2,0.89,4,0.76,2
3.36,2,486,2,0.62,3,0.85,4
4.83,1,668,0,0.91,4,0.7,1
4.09,1,419,1,0.78,2,0.86,0
4.87,0,58,0,0.7,2,0.63,1
4.52,2,613,2,0.91,0,0.83,4
4.86,1,330,0,0.94,3,0.77,1
4.29,0,756,2,0.92,3,0.95,4
4.97,0,767,0,0.96,0,0.72,1
4.18,0,577,2,0.74,1,0.76,3
3.56,0,490,2,0.97,4,0.89,2
2.93,0,604,2,0.86,4,0.66,2
4.81,0,430,0,0.68,0,0.97,1
2.88,0,319,2,0.92,4,0.73,2
2.61,0,31,2,0.66,1,0.61,3
4.19,1,900,2,0.86,2,0.61,3
4.11,1,581,1,0.89,3,0.89,0
4.99,0,530,0,0.62,1,0.98,1
4.43,1,383,2,0.78,1,0.95,3
4.83,0,174,0,0.84,0,0.77,1
5.0,0,758,0,0.81,1,0.8,1
3.93,0,945,2,0.76,4,0.97,2
4.06,3,84,2,0.96,3,0.63,4
4.95,0,911,0,0.91,1,0.64,1
4.84,0,783,0,0.96,1,0.67,1
3.11,1,115,2,0.73,4,0.79,2
4.81,0,135,0,0.81,3,0.93,1
4.52,1,909,2,0.63,2,0.63,3
3.2,0,738,2,0.97,1,0.79,3
2.74,1,380,2,0.81,2,0.91,4
4.63,1,285,2,0.85,4,0.86,2
3.11,0,714,2,0.86,2,0.73,3
4.44,1,262,2,0.86,4,0.83,2
3.18,0,724,2,0.92,4,0.79,2
4.81,0,119,2,0.87,4,0.91,2
3.15,0,296,0,0.77,2,0.97,0
4.76,2,915,2,0.86,3,0.94,4
4.6,3,442,2,0.71,1,0.63,4
4.53,1,193,2,0.8,2,0.74,3
4.86,3,27,0,0.87,3,0.92,0
4.36,1,312,2,0.63,2,0.91,3
4.9,1,34,0,0.8,2,0.92,0
4.93,0,207,0,0.92,4,0.62,1
4.22,2,199,2,0.65,2,0.63,4
3.97,3,19,1,0.6,2,0.92,0
3.72,0,539,2,0.9,4,0.73,2
4.46,0,138,2,0.95,3,0.65,4
4.49,1,334,2,0.93,2,0.85,3
3.72,0,147,2,0.98,4,0.98,2
4.19,2,293,0,0.98,1,0.72,0
4.04,2,931,0,0.95,1,0.95,0
3.31,2,645,2,0.94,1,0.89,4
4.46,0,599,2,0.7,4,0.67,2
4.68,0,281,2,0.83,3,0.74,0
2.78,1,162,2,0.94,3,0.99,4
4.86,1,232,0,0.8,4,0.84,1
2.93,1,450,1,0.8,4,0.94,0
2.64,1,402,2,0.93,1,0.82,4
4.9,0,739,0,0.92,1,0.9,1
4.3,0,36,2,0.9,4,0.84,2
3.3,0,759,2,0.7,2,0.79,3
2.96,3,506,2,0.94,3,0.9,4
4.96,0,87,0,0.64,4,0.61,1
5.0,0,920,0,0.78,4,0.75,1
3.62,0,854,2,0.72,4,0.84,2
3.33,0,235,2,0.8,4,0.79,2
3.31,1,100,2,0.62,1,0.87,4
3.7,2,126,2,0.88,3,0.84,4
4.92,0,196,0,0.95,4,0.64,1
4.89,0,886,0,0.6,3,0.66,1
4.89,0,190,0,0.96,0,0.94,1
3.62,0,111,2,0.98,3,0.94,4
2.98,0,757,2,0.93,4,0.76,2
4.93,0,615,0,0.66,0,0.84,1
4.93,0,742,0,0.95,4,0.63,1
2.96,1,845,2,0.62,3,0.9,0
5.0,0,744,0,0.84,2,0.9,1
3.41,1,990,2,0.75,4,0.65,2
4.94,3,862,2,0.97,3,0.89,4
4.08,1,297,2,0.89,1,0.68,3
3.68,1,224,2,0.83,4,0.66,2
3.14,2,609,2,0.87,3,0.74,4
3.48,2,870,1,0.76,2,0.99,0
4.28,1,80,2,0.79,2,0.86,3
4.86,0,211,0,0.69,0,0.89,1
4.05,1,194,2,0.97,0,0.61,0
3.65,2,530,0,0.62,2,0.74,0
2.56,0,272,2,0.83,1,0.86,3
3.6,0,582,2,0.86,2,0.62,3
4.82,0,582,0,0.96,3,0.67,1
3.61,2,54,1,0.98,1,0.68,0
4.03,1,520,2,0.78,0,0.96,0
4.2,0,436,2,0.68,4,0.69,2
3.55,0,922,2,0.81,4,0.66,2
4.1,1,627,2,0.88,2,0.66,3
2.77,3,603,2,0.92,2,0.98,4
4.96,0,734,0,0.97,4,0.83,1
4.85,0,990,0,0.86,4,0.84,1
4.4,0,449,0,0.77,2,0.71,0
2.71,3,12,2,0.64,4,0.97,4
4.47,1,79,2,0.78,2,0.68,3
4.56,1,337,2,0.71,1,0.77,3
3.73,2,588,0,0.84,3,0.89,0
4.98,1,321,0,0.88,2,0.7,1
4.97,1,449,0,0.82,2,0.67,1
4.18,1,471,2,0.75,2,0.66,3
4.76,1,248,2,0.98,3,0.82,4
3.46,1,31,2,0.64,3,0.88,0
3.38,0,333,2,0.73,4,0.79,2
3.82,1,955,2,0.95,1,0.66,4
3.88,3,160,2,0.91,4,0.76,4
4.87,3,34,0,0.78,1,0.68,0
2.89,2,457,1,0.95,3,0.95,0
4.81,0,681,0,0.72,1,0.66,1
4.39,1,958,2,0.83,0,0.63,0
4.85,0,391,2,0.9,3,0.98,4
4.3,1,889,2,0.65,2,0.9,3
3.5,1,567,2,0.75,4,0.86,2
4.55,0,601,2,0.92,4,0.95,2
4.85,0,813,0,0.9,0,0.65,1
4.49,1,47,2,0.71,2,0.85,3
3.52,1,523,2,0.91,1,0.89,4
4.53,1,802,2,0.76,0,0.81,0
3.64,0,50,2,0.9,3,0.68,4
4.88,3,606,1,0.76,4,0.96,0
4.86,1,122,0,0.81,1,0.88,1
3.33,3,627,2,0.9,3,0.75,4
3.26,0,467,2,0.83,2,0.74,3
3.37,0,746,2,0.72,2,0.86,3
4.39,0,138,2,0.98,0,0.85,0
4.97,0,479,0,0.73,2,0.62,1
4.45,3,807,2,0.92,4,0.98,4
4.83,1,809,2,0.69,1,0.65,3
2.82,0,317,2,0.75,2,0.98,3
4.85,0,166,0,0.71,3,0.97,1
4.48,1,67,2,0.73,2,0.76,3
4.28,0,593,2,0.82,4,0.92,2
2.89,3,98,2,0.73,4,0.72,4
4.47,0,705,2,0.79,3,0.6,0
3.25,0,301,0,0.75,4,0.96,0
4.91,0,729,0,0.93,0,0.92,1
4.04,1,260,2,0.65,2,0.79,3
4.81,0,980,2,0.97,4,0.95,2
3.62,1,367,2,0.78,2,0.69,4
2.88,3,71,0,0.71,2,0.93,0
3.83,0,204,2,0.99,1,0.69,3
4.8,2,742,2,0.98,3,0.93,4
3.38,0,538,2,0.84,4,0.76,2
3.01,0,100,2,0.82,4,0.95,2
4.15,0,976,2,0.81,4,0.72,2
3.66,0,280,1,0.98,4,0.78,0
3.46,0,595,2,0.68,2,0.76,3
4.85,0,339,0,0.62,4,0.81,1
4.88,1,219,0,0.72,0,0.75,1
4.84,1,272,0,0.98,1,0.66,1
2.83,0,433,1,0.63,0,0.68,0
4.05,1,23,2,0.87,1,0.77,3
4.64,3,603,2,0.93,3,0.91,4
4.54,3,801,2,0.99,4,0.92,4
4.08,0,854,2,0.69,4,0.79,2
3.83,2,784,0,0.65,2,0.81,0
4.81,0,621,0,0.98,2,0.87,1
4.87,1,187,2,0.99,2,0.82,3
4.35,2,850,2,0.75,4,0.86,4
4.34,0,199,2,0.62,3,0.98,0
4.84,1,824,0,0.99,3,0.96,1
4.31,0,711,2,0.89,4,0.94,2
4.88,0,770,0,0.79,2,0.92,1
4.69,1,802,2,0.76,1,0.89,3
4.29,0,321,2,0.91,0,0.73,0
3.01,2,968,0,0.68,0,0.81,0
4.11,0,346,2,0.74,2,0.97,3
4.62,1,295,2,0.78,2,0.89,3
3.45,0,764,2,0.92,4,0.62,2
4.98,0,859,0,0.98,3,0.73,1
3.47,1,171,1,0.64,2,0.95,0
2.7,0,149,2,0.94,2,0.69,3
4.94,0,132,0,0.8,2,0.78,1
4.51,0,206,2,0.61,4,0.76,2
4.94,1,492,0,0.77,4,0.61,1
4.38,3,432,2,0.79,4,0.84,4
4.96,0,848,0,0.97,0,0.98,1
2.72,3,360,1,0.98,2,0.66,0
4.81,3,19,0,0.85,3,0.95,0
4.9,0,504,0,0.89,1,0.83,1
2.79,2,311,2,0.94,3,0.75,4
4.24,1,650,2,0.66,1,0.8,3
3.58,0,1000,2,0.91,4,0.71,2
4.24,0,663,2,0.67,2,0.61,3
4.11,1,486,2,0.97,4,0.64,2
2.78,0,865,2,0.68,4,0.79,2
3.51,2,334,2,0.75,0,0.96,4
4.99,0,125,0,0.61,2,0.64,1
3.76,0,24,2,0.69,1,0.87,3
4.18,1,636,2,0.97,0,0.82,0
4.95,0,597,0,0.64,3,0.71,1
3.37,1,317,1,0.73,1,0.79,0
4.8,0,844,0,0.94,0,0.82,1
4.99,0,698,0,0.98,0,0.98,1
4.86,0,647,0,0.63,0,0.84,1
3.63,0,606,2,0.73,1,0.94,3
4.3,0,582,2,0.86,1,0.99,3
4.94,0,713,0,0.91,1,0.63,1
4.88,2,27,0,0.84,4,0.75,0
4.82,1,517,2,0.8,4,0.62,2
3.21,1,227,2,0.93,3,0.64,4
4.95,1,644,0,0.94,0,0.77,1
3.33,0,709,2,0.7,1,0.91,3
4.93,0,155,0,0.75,4,0.94,1
4.85,0,737,0,0.64,3,0.83,1
4.56,0,500,2,0.67,4,0.62,2
4.12,1,999,1,0.78,4,0.74,0
3.46,0,89,2,0.75,1,0.61,3
4.82,2,49,0,0.65,4,0.61,0
3.58,2,522,1,0.98,3,0.83,0
3.61,3,466,2,0.72,2,0.77,4
4.79,1,468,2,0.89,1,0.72,3
4.94,3,23,0,0.92,0,0.86,0
2.89,1,966,2,0.96,1,0.69,4
4.1,1,342,2,0.74,2,0.86,3
4.96,0,439,0,0.62,1,0.9,1
4.14,0,85,2,0.68,4,0.86,2
3.55,1,169,0,0.7,4,0.7,0
3.07,0,509,2,0.73,0,0.98,0
4.91,0,993,0,0.77,3,0.85,1
4.5,1,82,2,0.6,1,0.7,3
4.31,1,515,2,0.95,1,0.8,3
2.95,1,116,2,0.71,2,0.91,4
4.8,1,894,2,0.66,2,0.92,3
4.34,1,834,2,0.81,1,0.75,3
4.56,1,633,2,0.77,1,0.87,3
4.57,1,506,2,0.92,1,0.61,3
4.95,0,116,0,0.93,4,0.81,1
3.03,0,323,2,0.97,4,0.87,2
4.84,1,890,2,0.91,1,0.97,3
4.13,1,666,2,0.75,4,0.84,2
3.48,0,953,2,0.9,0,0.74,0
4.16,1,562,2,0.76,2,0.75,3
2.84,0,603,2,0.98,3,0.78,4
3.86,1,176,2,0.73,1,0.79,4
3.95,3,672,2,0.75,3,0.68,4
3.55,0,900,2,0.9,0,0.89,0
2.88,2,745,2,0.92,3,0.78,4
4.26,0,669,2,0.69,3,0.95,0
2.99,2,728,2,0.75,4,0.76,4
4.67,1,628,2,0.98,1,0.95,3
3.16,1,632,2,0.96,4,0.63,2
3.88,0,237,2,0.77,0,0.91,0
4.95,0,728,0,0.96,1,0.72,1
3.76,1,707,2,0.97,4,0.76,2
4.11,0,63,2,0.91,4,0.68,2
3.62,2,519,2,0.87,3,0.9,4
3.23,0,779,2,0.88,3,0.77,4
4.73,1,964,2,0.84,1,0.93,3
2.75,1,305,0,0.72,0,0.69,0
4.59,2,902,2,0.98,3,0.81,4
3.75,0,290,2,0.85,1,0.87,3
3.34,1,637,2,0.81,3,0.96,0
2.92,1,79,1,0.88,0,0.69,0
4.51,1,517,2,0.65,4,0.98,2
3.41,1,428,2,0.96,4,0.71,2
4.8,0,481,0,0.85,2,0.72,1
3.92,1,961,2,0.62,3,0.66,0
4.67,3,467,2,0.98,0,0.71,4
4.96,0,541,0,0.99,2,0.61,1
3.28,0,11,2,0.9,4,0.85,2
3.04,0,307,2,0.68,2,0.7,3
4.79,0,214,0,0.65,0,0.78,0
4.72,1,845,2,0.68,4,0.7,2
2.62,0,149,2,0.79,4,0.76,2
4.72,1,742,2,0.66,2,0.72,3
4.92,0,832,0,0.61,1,0.87,1
4.86,0,704,0,0.64,1,0.61,1
4.53,1,374,2,0.75,2,0.95,3
4.88,0,374,2,0.67,1,0.63,3
3.18,1,438,2,0.73,4,0.66,2
3.6,2,329,2,0.78,1,0.65,4
2.79,0,979,2,0.72,0,0.7,0
4.85,0,208,0,0.72,2,0.77,1
4.89,0,708,0,0.81,1,0.84,1
2.85,3,361,2,0.98,1,0.82,4
2.58,3,149,0,0.66,3,0.95,0
4.8,1,924,2,0.71,1,0.77,3
4.73,2,217,0,0.65,4,0.62,0
4.2,3,994,2,0.77,1,0.87,4
3.05,2,510,0,0.87,1,0.85,0
2.77,1,811,2,0.98,4,0.69,2
4.89,1,479,0,0.63,0,0.91,1
3.64,0,156,2,0.75,1,0.77,3
2.62,1,150,2,0.98,3,0.8,4
4.59,1,404,2,0.81,1,0.72,3
3.08,1,626,0,0.6,0,0.85,0
3.88,1,549,0,0.64,2,0.88,0
4.99,0,904,0,0.68,2,0.98,1
3.6,3,636,1,0.84,2,0.86,0
4.6,1,379,2,0.84,4,0.72,2
4.87,0,644,0,0.93,1,0.81,1
4.83,0,176,0,0.69,1,0.91,1
3.15,0,728,2,0.84,2,0.65,3
3.02,1,116,2,0.93,1,0.78,4
3.56,0,402,2,0.75,1,0.67,3
4.41,0,911,2,0.66,1,0.97,3
4.96,0,404,0,0.74,0,0.79,1
3.38,0,404,2,0.89,4,0.86,2
3.78,1,979,2,0.93,3,0.95,4
3.01,1,594,2,0.96,1,0.88,4
2.55,1,875,2,0.71,4,0.79,2
4.94,1,21,0,0.92,3,0.61,0
3.11,0,126,2,0.83,4,0.96,2
4.7,3,225,1,0.7,2,0.85,0
4.88,1,92,2,0.92,1,0.78,3
3.1,1,448,2,0.82,4,0.71,2
4.93,0,661,0,0.96,2,0.98,1
4.1,0,38,2,0.92,1,0.82,3
4.95,1,627,0,0.61,3,0.74,1
2.9,1,419,1,0.9,2,0.92,0
3.95,0,954,2,0.64,4,0.71,2
3.32,0,939,2,0.96,1,0.67,3
4.81,1,490,2,0.93,1,0.89,3
4.91,1,750,2,0.83,2,0.63,3
2.94,1,267,2,0.85,1,0.76,4
3.45,1,471,2,0.9,2,0.64,4
4.86,0,537,2,0.79,2,0.69,3
2.65,1,332,2,0.99,1,0.66,4
3.2,1,62,2,0.6,2,0.62,4
4.94,1,357,0,0.65,1,0.88,1
4.33,0,314,2,0.72,2,0.77,3
4.97,0,570,0,0.95,3,0.79,1
3.01,0,446,2,0.62,4,0.63,2
2.72,0,529,2,0.64,1,0.91,3
2.96,0,978,2,0.94,1,0.74,3
2.97,3,191,0,0.94,3,0.87,0
3.05,0,619,2,0.85,0,0.61,0
4.35,1,555,2,0.71,0,0.81,0
4.71,0,837,2,0.88,3,0.93,4
4.99,1,819,0,0.92,3,0.67,1
3.71,3,254,2,0.95,3,0.65,4
3.34,0,424,2,0.91,1,0.81,3
4.4,3,663,2,0.8,2,0.89,4
4.97,0,887,0,0.61,2,0.76,1
4.82,0,693,0,0.78,4,0.9,1
3.06,1,839,2,0.83,4,0.7,2
4.19,0,858,2,0.94,4,0.63,2
4.88,0,936,0,0.71,4,0.84,1
4.2,1,434,2,0.89,1,0.94,3
4.23,1,262,2,0.92,1,0.74,3
4.88,0,51,0,0.65,2,0.69,1
2.91,0,203,2,0.99,0,0.83,0
4.34,2,748,2,0.74,4,0.81,4
4.87,0,319,0,0.76,3,0.62,1
4.92,0,833,0,0.97,0,0.77,1
3.25,1,969,2,0.9,4,0.61,2
2.52,1,852,2,0.98,1,0.65,4
3.33,3,195,1,0.73,4,0.82,0
2.98,2,11,2,0.99,3,0.89,4
3.96,2,132,2,0.88,1,0.91,4
3.55,0,944,2,0.69,0,0.69,0
4.86,0,164,0,0.65,1,0.88,1
3.61,2,488,2,0.89,3,0.82,4
4.94,0,817,0,0.68,4,0.63,1
4.96,1,338,0,0.73,3,0.98,1
4.51,2,335,1,0.78,1,0.63,0
4.31,2,379,1,0.74,4,0.96,0
4.9,0,568,2,0.87,3,0.87,4
4.81,1,868,0,0.87,1,0.66,1
3.5,0,339,2,0.77,1,0.87,3
4.87,0,818,0,0.71,1,0.7,1
3.58,1,88,2,0.72,4,0.62,2
2.61,1,928,2,0.72,2,0.75,4
4.73,0,297,2,0.9,4,0.92,2
3.75,0,325,2,0.8,4,0.93,2
4.75,1,518,2,0.85,2,0.67,3
4.96,2,21,0,0.67,2,0.96,0
3.41,1,580,2,0.79,4,0.61,2
4.42,1,835,2,0.92,3,0.75,4
3.1,3,781,2,0.93,3,0.73,4
3.8,1,708,2,0.87,0,0.61,0
3.53,2,241,2,0.69,1,0.8,4
4.92,0,200,0,0.64,4,0.88,1
4.86,2,45,0,0.88,4,0.85,0
3.9,0,524,2,0.94,1,0.78,3
4.41,0,142,1,0.84,3,0.76,0
4.94,0,614,0,0.65,0,0.92,1
2.74,1,340,2,0.99,1,0.97,4
4.22,1,600,1,0.79,3,0.7,0
4.92,0,168,2,0.93,1,0.61,3
4.46,1,914,2,0.74,1,0.85,3
4.16,1,830,2,0.85,1,0.88,3
4.93,0,216,0,0.82,2,0.7,1
3.87,1,651,2,0.67,2,0.82,4
4.83,0,517,0,0.62,4,0.76,1
3.14,1,53,2,0.76,1,0.67,4
3.99,0,199,2,0.61,1,0.95,3
4.92,0,436,0,0.92,3,0.6,1
3.07,0,381,2,0.86,3,0.91,4
4.75,1,396,2,0.75,1,0.68,3
4.81,0,383,0,0.95,3,0.69,1
3.88,1,32,2,0.94,3,0.73,4
4.07,1,609,2,0.68,2,0.83,3
2.62,1,433,1,0.82,3,0.9,0
3.6,1,882,2,0.97,4,0.75,2
4.61,0,740,2,0.87,2,0.87,3
2.91,1,124,1,0.92,1,0.94,0
3.35,1,649,1,0.68,4,0.75,0
3.13,0,1000,2,0.68,4,0.91,2
3.03,1,213,2,0.9,3,0.93,4
4.8,0,109,0,0.75,1,0.62,1
4.65,1,191,2,0.74,4,0.68,2
4.3,3,764,2,0.97,3,0.88,4
3.98,1,289,2,0.81,4,0.89,2
3.81,0,111,0,0.81,1,0.98,0
4.85,1,758,2,0.91,1,0.92,3
3.01,0,507,2,0.92,4,0.8,2
3.6,0,499,2,0.62,3,0.75,0
3.49,1,481,2,0.94,4,0.72,2
3.0,1,227,2,0.67,1,0.72,4
2.77,1,838,2,0.78,2,0.95,4
4.7,1,980,2,0.7,4,0.66,2
3.32,3,887,2,0.95,4,0.66,4
4.93,0,536,0,0.92,3,0.96,1
4.88,1,34,0,0.75,0,0.73,0
2.92,1,450,2,0.63,4,0.67,2
2.72,0,896,2,0.76,0,0.69,0
2.68,1,976,2,0.61,4,0.64,2
4.24,0,321,2,0.94,2,0.68,3
4.98,0,30,0,0.87,3,0.65,0
3.25,0,204,2,0.62,4,0.72,2
4.9,0,311,0,0.96,1,0.89,1
4.97,1,345,0,0.73,2,0.69,1
4.1,1,577,0,0.67,3,0.86,0
4.93,1,966,0,0.92,4,0.92,1
4.79,0,45,2,0.96,4,0.82,2
2.62,0,458,2,0.8,2,0.72,3
4.89,1,865,2,0.65,1,0.77,3
3.92,0,504,2,0.76,4,0.79,2
4.49,0,496,2,0.73,4,0.8,2
4.6,0,935,2,0.71,2,0.91,3
4.35,0,827,0,0.92,0,0.96,0
3.03,0,918,2,0.71,4,0.83,2
3.64,1,769,2,0.86,4,0.73,2
4.62,1,565,2,0.74,1,0.67,3
3.21,3,828,0,0.99,3,0.87,0
4.92,0,280,0,0.88,2,0.85,1
4.9,0,577,0,0.91,2,0.64,1
3.11,0,444,2,0.92,1,0.93,3
3.17,1,759,2,0.68,2,0.66,4
4.88,0,394,0,0.74,2,0.97,1
4.19,0,990,2,0.89,4,0.79,2
4.87,0,448,0,0.63,0,0.76,1
4.94,0,675,0,0.91,1,0.95,1
4.99,0,380,0,0.79,1,0.82,1
4.42,1,654,2,0.96,1,0.71,3
3.4,1,848,2,0.83,4,0.7,2
4.21,0,564,2,0.77,4,0.96,2
3.5,3,352,0,0.62,0,0.96,0
3.18,1,256,2,0.86,4,0.92,2
4.51,0,356,2,0.65,4,0.97,2
3.93,1,640,2,0.82,4,0.87,2
3.15,3,623,2,0.62,2,0.78,4
4.8,0,223,0,0.88,0,0.6,1
4.86,0,641,0,0.68,0,0.69,1
2.62,1,727,2,0.68,2,0.86,4
2.92,1,153,2,0.91,4,0.81,2
3.09,0,970,2,0.68,2,0.65,3
4.23,3,552,2,0.68,1,0.95,4
2.96,0,452,2,0.72,4,0.86,2
2.93,3,359,2,0.86,3,0.84,4
2.78,1,161,2,0.71,1,0.92,4
4.61,1,645,2,0.98,4,0.64,2
4.58,3,91,1,0.97,2,0.76,0
3.24,1,454,2,0.66,1,0.61,4
4.92,1,298,0,0.81,0,0.73,1
4.88,0,393,0,0.66,1,0.69,1
4.97,0,90,0,0.64,3,0.65,1
4.48,0,328,2,0.94,2,0.82,3
4.94,0,925,0,0.78,4,0.72,1
3.13,1,334,2,0.99,3,0.99,4
4.5,1,794,2,0.82,1,0.83,3
2.57,0,791,2,0.88,4,0.72,2
3.68,1,587,2,0.99,2,0.97,4
3.7,1,941,1,0.94,2,0.83,0
4.85,0,146,0,0.6,0,0.92,1
4.59,0,330,2,0.88,4,0.9,2
4.89,1,153,0,0.8,3,0.61,1
4.91,0,379,0,0.82,1,0.67,1
3.55,1,722,1,0.68,0,0.64,0
4.21,0,698,2,0.83,2,0.95,3
2.84,0,267,2,0.96,4,0.61,2
3.35,0,479,2,0.64,4,0.81,2
4.54,0,31,1,0.92,1,0.75,0
3.88,1,477,2,0.61,4,0.87,2
2.78,0,338,2,0.61,4,0.66,2
4.28,0,356,1,0.83,4,0.95,0
4.95,0,724,0,0.75,4,0.92,1
4.02,1,501,2,0.67,4,0.89,2
4.82,0,521,0,0.93,2,0.72,1
4.95,1,924,2,0.92,1,0.87,3
4.01,1,210,2,0.93,4,0.97,2
4.55,1,262,2,0.66,4,0.83,2
4.43,0,413,2,0.68,1,0.76,3
4.98,0,561,0,0.76,1,0.79,1
4.89,1,415,0,0.8,1,0.82,1
4.23,1,969,2,0.88,2,0.93,3
3.84,0,121,2,0.65,1,0.68,3
4.6,0,305,1,0.96,3,0.75,0
3.12,0,677,2,0.88,1,0.69,3
4.32,1,696,2,0.61,1,0.81,3
4.84,0,805,0,0.91,4,0.69,1
4.68,1,826,2,0.71,4,0.81,2
3.32,1,459,2,0.98,3,0.61,4
3.73,1,884,2,0.89,3,0.65,4
4.89,0,225,0,0.85,0,0.79,1
4.33,1,733,2,0.71,2,0.83,3
4.94,0,506,0,0.81,0,0.66,1
2.96,1,979,2,0.81,0,0.7,0
3.16,1,662,2,0.89,0,0.98,0
4.84,0,505,2,0.95,1,0.93,3
3.07,2,788,2,0.9,3,0.75,4
4.85,1,959,0,0.98,1,0.65,1
4.11,0,171,2,0.62,4,0.74,2
4.3,0,631,1,0.77,1,0.86,0
4.91,0,197,0,0.94,4,0.86,1
3.13,1,378,0,0.87,2,0.94,0
4.31,3,700,0,0.7,0,0.99,0
3.98,2,302,0,0.94,0,0.94,0
3.29,0,819,2,0.71,4,0.74,2
3.64,0,281,2,0.95,2,0.71,3
3.14,0,363,2,0.7,4,0.66,2
4.81,3,16,0,0.9,0,0.94,0
4.97,3,15,0,0.84,1,0.89,0
2.86,0,479,2,0.99,2,0.7,3
4.91,1,83,2,0.64,2,0.9,3
2.93,1,726,1,0.65,0,0.67,0
3.12,1,239,1,0.66,4,0.9,0
4.94,0,228,0,0.67,4,0.9,1
3.57,3,740,2,0.62,1,0.75,4
4.02,3,344,2,0.81,1,0.81,4
3.7,1,276,1,0.67,4,0.92,0
4.34,0,364,2,0.62,2,0.74,3
3.75,3,584,1,0.96,0,0.62,0
4.72,0,581,2,0.79,1,0.8,3
4.48,1,277,2,0.66,1,0.85,3
4.45,1,294,2,0.69,1,0.63,3
4.96,0,77,0,0.77,4,0.76,1
4.82,0,617,0,0.73,0,0.73,1
4.98,1,470,0,0.78,1,0.62,1
3.75,1,316,2,0.73,4,0.87,2
4.98,0,751,0,0.8,2,0.73,1
3.92,3,167,1,0.62,0,0.77,0
4.49,0,51,2,0.85,1,0.96,3
4.61,0,767,2,0.94,1,0.98,3
4.05,1,561,2,0.7,2,0.61,3
4.67,0,293,1,0.93,1,0.99,0
4.9,1,55,0,0.92,1,0.6,1
4.27,2,504,2,0.9,0,0.84,4
4.62,1,685,2,0.98,4,0.61,2
4.28,0,88,0,0.81,1,0.95,0
3.16,1,278,0,0.84,1,0.74,0
3.11,2,471,2,0.8,3,0.87,4
2.62,0,91,2,0.78,4,0.74,2
3.69,1,531,0,0.89,2,0.85,0
4.92,1,897,2,0.69,1,0.93,3
4.83,3,288,2,0.92,3,0.7,4
3.46,1,934,2,0.97,1,0.88,4
3.89,0,646,2,0.75,1,0.81,3
3.81,2,193,2,0.83,4,0.92,4
3.68,1,852,2,0.92,3,0.97,4
2.85,2,31,2,0.91,3,0.97,4
4.81,1,323,2,0.89,2,0.88,3
3.41,3,561,0,0.72,2,0.93,0
4.97,1,74,0,0.67,1,0.75,1
4.63,0,515,2,0.93,1,0.94,3
3.97,1,425,2,0.74,3,0.6,0
3.31,0,106,2,0.74,1,0.7,3
4.37,2,650,0,0.92,1,0.69,0
4.81,0,542,0,0.95,2,0.81,1
3.54,1,236,2,0.71,2,0.75,4
2.67,3,458,0,0.82,3,0.76,0
3.36,0,157,2,0.78,4,0.8,2
2.5,0,281,2,0.85,2,0.8,3
4.96,1,712,0,0.94,1,0.69,1
4.05,1,576,2,0.78,4,0.64,2
4.49,0,837,2,0.68,1,0.83,3
4.5,1,919,2,0.92,3,0.83,4
4.21,3,332,2,0.88,3,0.75,4
4.01,0,617,2,0.78,1,0.94,3
3.16,0,985,2,0.87,4,0.72,2
3.61,1,974,2,0.74,0,0.82,0
2.87,0,140,1,0.79,2,0.89,0
4.93,0,730,0,0.89,0,0.93,1
3.72,1,947,2,0.62,1,0.86,4
2.76,3,263,2,0.93,3,0.67,4
3.1,2,907,2,0.84,0,0.81,4
4.88,0,514,0,0.89,2,0.77,1
4.84,0,850,0,0.69,4,0.85,1
4.98,0,846,0,0.8,1,0.9,1
4.9,0,321,0,0.66,3,0.68,1
3.28,1,852,2,0.98,3,0.68,4
4.19,0,775,2,0.77,4,0.98,2
2.74,1,341,0,0.61,2,0.6,0
3.48,1,687,2,0.92,1,0.95,4
4.09,0,26,1,0.79,2,0.66,0
4.29,0,557,2,0.71,2,0.83,3
4.92,0,680,0,0.68,3,0.94,1
4.84,1,568,0,0.91,2,0.7,1
2.64,1,732,2,0.95,4,0.91,2
4.85,0,350,0,0.67,3,0.68,1
3.86,0,292,2,0.64,1,0.82,3
4.84,0,785,0,0.88,4,0.86,1
4.08,0,370,2,0.62,4,0.79,2
4.31,0,645,2,0.94,0,0.89,0
3.33,0,535,2,0.74,4,0.85,2
4.37,1,685,2,0.71,1,0.73,3
2.58,3,563,2,0.89,3,0.94,4
4.57,2,29,0,0.68,1,0.81,0
4.85,0,171,0,0.88,1,0.74,1
4.92,0,658,0,0.64,1,0.79,1
4.63,0,900,2,0.66,4,0.98,2
4.98,0,458,0,0.7,0,0.62,1
4.66,2,740,2,0.86,3,0.82,4
4.15,1,17,2,0.64,4,0.62,2
3.87,2,488,1,0.89,3,0.77,0
2.79,0,325,1,0.91,3,0.79,0
4.75,0,502,2,0.82,4,0.7,2
4.97,0,637,0,0.65,3,0.69,1
4.46,0,809,2,0.66,4,0.99,2
3.33,1,958,2,0.98,3,0.93,4
3.44,0,23,1,0.96,1,0.86,0
4.73,0,262,2,0.84,1,0.84,3
3.0,3,566,2,0.88,3,0.64,4
4.69,0,451,2,0.99,3,0.89,4
2.58,1,470,2,0.96,1,0.66,4
2.8,2,49,0,0.99,1,0.77,0
4.89,0,664,0,0.62,2,0.95,1
4.86,0,264,0,0.72,4,0.83,1
4.2,1,228,2,0.69,2,0.92,3
4.85,0,506,0,0.76,2,0.72,1
4.86,2,47,0,0.79,3,0.69,0
3.1,1,531,1,0.79,0,0.94,0
2.69,0,661,2,0.91,3,0.66,4
3.38,0,79,2,0.64,1,0.68,3
4.99,2,42,0,0.76,0,0.81,0
3.85,1,678,1,0.65,4,0.87,0
3.69,0,804,2,0.98,3,0.64,4
4.07,3,777,2,0.65,3,0.65,4
4.18,1,191,1,0.88,4,0.75,0
4.3,1,477,2,0.76,4,0.93,2
4.52,1,186,2,0.88,0,0.61,0
4.73,1,977,2,0.83,1,0.92,3
3.16,2,168,2,0.9,3,0.64,4
4.36,2,10,2,0.87,0,0.69,4
2.63,0,247,2,0.74,1,0.61,3
4.14,2,478,1,0.72,0,0.6,0
3.21,0,946,2,0.65,4,0.72,2
4.96,0,653,0,0.79,3,0.65,1
4.77,0,662,2,0.78,2,0.87,3
3.26,1,276,2,0.99,3,0.86,4
3.34,0,666,2,0.8,2,0.92,3
4.94,1,38,0,0.82,2,0.98,0
4.2,1,509,2,0.64,2,0.99,3
3.46,0,907,2,0.68,2,0.71,3
2.91,2,319,2,0.85,3,0.82,4
4.97,0,975,0,0.87,3,0.77,1
3.34,1,184,2,0.85,4,0.75,2
4.94,0,662,0,0.69,3,0.73,1
4.65,1,948,2,0.98,1,0.71,3
2.66,0,555,0,0.67,1,0.88,0
4.45,0,86,2,0.89,0,0.73,0
4.85,0,603,0,0.69,4,0.61,1
3.13,1,850,2,0.92,4,0.83,2
3.96,1,95,0,0.63,3,0.63,0
3.4,1,152,2,0.7,4,0.91,2
3.61,0,229,2,0.83,4,0.87,2
2.72,0,650,2,0.92,4,0.91,2
4.1,0,166,2,0.79,4,0.71,2
2.83,3,220,2,0.64,1,0.87,4
4.34,1,847,2,0.92,4,0.62,2
4.99,0,953,0,0.87,2,0.78,1
3.51,0,682,2,0.89,4,0.63,2
3.02,2,963,2,0.96,3,0.95,4
4.77,1,656,2,0.85,2,0.76,3
4.38,2,451,2,0.98,3,0.75,4
3.88,0,662,0,0.72,3,0.95,0
2.96,1,479,2,0.61,4,0.85,2
4.99,0,997,0,0.76,3,0.93,1
4.99,1,239,0,0.85,3,0.85,1
4.92,1,686,0,0.93,4,0.9,1
4.53,0,451,2,0.93,2,0.98,3
2.53,2,250,2,0.67,0,0.61,4
4.17,1,904,2,0.76,2,0.67,3
4.83,0,667,0,0.67,0,0.64,1
3.61,1,761,2,0.94,4,0.85,2
3.61,0,312,2,0.64,4,0.63,2
4.13,1,826,2,0.96,4,0.98,2
2.73,0,559,2,0.79,2,0.69,3
4.64,1,729,2,0.8,2,0.66,3
2.77,1,734,2,0.81,4,0.74,2
3.53,2,274,0,0.83,1,0.66,0
4.7,0,221,2,0.63,4,0.97,2
4.44,0,267,2,0.91,4,0.91,2
4.97,0,357,0,0.76,2,0.62,1
4.88,0,631,0,0.73,0,0.69,1
4.0,1,962,2,0.69,4,0.9,2
2.75,1,109,2,0.91,3,0.68,4
3.61,0,295,2,0.61,3,0.98,0
2.95,0,865,2,0.84,4,0.69,2
4.81,0,719,0,0.98,3,0.96,1
3.6,1,587,2,0.6,2,0.68,4
4.09,3,121,2,0.91,3,0.76,4
4.91,1,194,0,0.73,2,0.84,1
4.2,1,126,2,0.81,4,0.95,2
4.12,0,169,2,0.88,2,0.65,3
4.39,0,566,2,0.69,4,0.8,2
4.23,1,421,2,0.89,1,0.92,3
4.31,1,296,2,0.66,1,0.86,3
4.25,1,818,2,0.66,1,0.77,3
4.89,0,616,0,0.72,0,0.6,1
4.54,0,781,2,0.71,2,0.66,3
2.91,2,779,2,0.93,3,0.65,4
2.75,2,986,2,0.8,4,0.82,4
4.9,0,575,0,0.62,4,0.82,1
4.82,0,69,0,0.99,1,0.84,1
3.49,0,933,2,0.71,4,0.76,2
4.7,1,881,2,0.81,1,0.76,3
4.34,0,621,2,0.83,4,0.66,2
3.69,2,882,2,0.84,0,0.69,4
4.45,0,217,2,0.65,0,0.9,0
4.05,1,259,2,0.6,1,0.94,3
3.22,3,342,2,0.67,4,0.89,4
3.42,0,991,2,0.95,4,0.86,2
3.94,1,471,2,0.92,2,0.78,4
3.24,0,800,2,0.69,3,0.65,0
3.03,0,144,2,0.87,1,0.65,3
3.27,1,170,2,0.89,1,0.79,4
4.28,3,281,2,0.79,1,0.61,4
4.84,0,389,0,0.64,4,0.83,1
3.58,1,263,2,0.87,2,0.79,4
4.87,1,116,0,0.67,2,0.83,1
4.86,0,882,0,0.62,1,0.91,1
4.07,0,230,2,0.7,1,0.71,3
3.15,0,207,0,0.61,0,0.62,0
4.73,0,450,2,0.74,1,0.96,3
4.93,0,448,0,0.67,4,0.96,1
3.64,0,809,2,0.96,1,0.71,3
5.0,1,315,0,0.83,4,0.95,1
2.87,1,452,2,0.77,4,0.8,2
4.68,0,490,2,0.74,1,0.67,3
3.04,0,951,2,0.64,1,0.66,3
4.85,0,316,0,0.81,0,0.83,1
2.52,1,555,2,0.63,4,0.88,2
3.58,0,633,2,0.92,4,0.64,2
4.87,0,495,0,0.86,0,0.91,1
2.67,2,738,2,0.88,1,0.67,4
2.59,0,631,2,0.97,4,0.86,2
4.27,2,940,2,0.9,3,0.62,4
4.7,0,221,2,0.91,3,0.69,4
4.31,1,854,2,0.96,3,0.71,4
3.23,3,549,0,0.9,1,0.71,0
3.29,3,114,1,0.88,4,0.67,0
4.85,0,368,2,0.71,2,0.86,3
3.29,1,842,2,0.81,2,0.68,4
4.99,0,343,0,0.63,2,0.67,1
4.36,0,985,2,0.73,1,0.89,3
3.48,1,685,2,0.62,0,0.63,0
4.75,1,219,2,0.7,2,0.63,3
4.91,0,521,0,0.78,4,0.77,1
4.24,0,373,1,0.84,3,0.61,0
3.19,0,648,2,0.94,4,0.67,2
4.49,1,298,2,0.82,1,0.86,3
4.42,1,433,2,0.7,1,0.7,3
4.03,0,234,2,0.95,0,0.78,0
4.45,1,305,2,0.67,1,0.85,3
4.41,0,478,2,0.89,2,0.98,3
3.32,0,560,2,0.75,4,0.82,2
3.17,1,512,2,0.89,4,0.81,2
4.21,0,618,2,0.74,2,0.89,3
4.96,0,547,0,0.94,4,0.94,1
4.97,0,336,0,0.65,2,0.86,1
2.65,1,214,2,0.67,2,0.65,4
4.87,0,597,0,0.67,3,0.67,1
4.99,1,999,0,0.61,1,0.67,1
3.46,0,828,2,0.68,1,0.66,3
4.08,1,163,1,0.67,2,0.83,0
4.93,1,46,2,0.72,2,0.75,3
3.68,1,807,2,0.61,4,0.69,2
4.96,0,375,0,0.62,4,0.7,1
4.89,0,185,0,0.89,4,0.7,1
3.75,3,689,0,0.7,3,0.61,0
2.73,1,567,2,0.66,4,0.75,2
4.98,0,459,0,0.65,3,0.62,1
4.61,2,408,2,0.91,2,0.61,4
3.86,0,689,2,0.69,2,0.79,3
2.73,0,416,2,0.82,4,0.63,2
2.81,3,21,1,0.85,4,0.66,0
2.84,2,584,1,0.85,4,0.71,0
4.98,0,866,0,0.64,1,0.67,1
3.48,1,240,2,0.86,3,0.91,4
3.07,2,22,1,0.78,3,0.81,0
3.27,0,401,2,0.75,0,0.99,0
3.48,1,557,2,0.92,4,0.74,2
4.89,0,583,0,0.74,4,0.83,1
4.44,0,570,1,0.97,3,0.64,0
4.48,2,812,2,0.87,2,0.85,4
4.82,1,161,2,0.87,4,0.75,2
4.56,0,590,2,0.69,4,0.98,2
2.87,1,942,1,0.74,2,0.88,0
4.11,3,345,2,0.92,3,0.94,4
4.13,1,69,2,0.94,1,0.8,3
2.53,0,808,2,0.97,2,0.63,3
3.41,1,653,2,0.8,2,0.81,4
4.97,0,308,0,0.8,3,0.67,1
4.98,0,98,0,0.74,0,0.85,1
4.99,0,627,0,0.7,0,0.78,1
4.98,0,512,0,0.81,4,0.85,1
3.36,3,138,0,0.87,4,0.65,0
4.17,0,421,2,0.83,2,0.95,3
3.59,0,779,1,0.98,4,0.89,0
2.74,0,53,2,0.61,1,0.78,3
4.29,1,92,2,0.77,2,0.94,3
4.67,1,923,2,0.87,1,0.66,3
3.68,2,224,1,0.89,1,0.68,0
4.23,0,76,2,0.64,2,0.89,3
3.59,3,976,2,0.61,2,0.62,4
3.93,1,325,2,0.81,4,0.6,2
3.52,0,137,0,0.98,0,0.75,0
4.96,0,755,0,0.73,3,0.9,1
3.51,1,88,2,0.7,4,0.8,2
3.66,1,981,2,0.84,4,0.84,2
4.7,1,985,2,0.83,1,0.72,3
2.74,0,781,2,0.97,2,0.92,3
3.19,1,604,2,0.79,1,0.71,4
4.88,1,64,2,0.67,2,0.93,3
3.01,1,142,2,0.66,4,0.97,2
3.66,3,863,2,0.78,0,0.82,4
4.85,0,508,0,0.91,0,0.62,1
4.74,0,967,2,0.68,1,0.96,3
3.37,1,129,2,0.63,3,0.97,0
4.42,0,413,2,0.62,2,0.99,3
4.32,0,346,2,0.85,4,0.9,2
3.17,0,432,2,0.98,4,0.79,2
4.91,0,707,0,0.79,4,0.63,1
4.39,1,115,2,0.72,4,0.74,2
3.42,2,905,2,0.76,4,0.8,4
3.63,3,162,1,0.85,0,0.96,0
3.18,2,321,2,0.95,3,0.64,4
4.67,1,194,2,0.75,2,0.69,3
3.53,3,719,2,0.77,2,0.72,4
4.47,1,37,2,0.64,1,0.76,3
4.82,0,249,0,0.62,1,0.8,1
4.27,1,145,2,0.64,2,0.75,3
3.02,2,808,2,0.85,3,0.7,4
4.2,1,80,2,0.95,1,0.82,3
4.77,1,352,2,0.81,1,0.86,3
3.74,2,198,2,0.78,1,0.63,4
4.74,2,870,2,0.93,3,0.92,4
2.88,0,768,2,0.8,3,0.87,0
3.47,1,228,2,0.75,0,0.78,0
4.04,1,309,2,0.88,2,0.93,3
4.94,0,631,0,0.9,3,0.68,1
4.76,1,22,2,0.69,4,0.81,2
4.82,0,503,0,0.63,4,0.63,1
4.86,0,67,0,0.95,3,0.7,1
4.39,1,956,2,0.73,3,0.96,0
3.11,2,587,1,0.74,2,0.72,0
3.77,0,484,2,0.84,4,0.66,2
3.7,1,689,2,0.64,0,0.93,0
3.55,0,479,2,0.68,4,0.76,2
3.23,1,930,2,0.91,4,0.8,2
4.94,0,222,0,0.6,4,0.8,1
3.36,0,175,0,0.83,3,0.61,0
2.75,1,819,2,0.75,0,0.82,0
2.65,0,339,1,0.82,4,0.75,0
4.97,0,749,0,0.71,4,0.9,1
4.2,3,348,1,0.64,4,0.78,0
3.21,0,336,2,0.93,1,0.96,3
4.6,0,458,2,0.92,4,0.63,2
4.76,1,927,2,0.9,3,0.82,4
4.22,0,372,2,0.9,3,0.73,4
2.91,1,831,2,0.82,0,0.77,0
2.88,0,316,0,0.62,0,0.71,0
4.18,1,487,2,0.71,1,0.73,3
4.25,3,398,2,0.72,0,0.95,4
4.54,0,616,1,0.73,0,0.82,0
3.23,1,748,2,0.89,1,0.86,4
4.19,1,259,2,0.63,2,0.88,3
3.97,2,948,2,0.69,3,0.68,4
4.92,1,223,2,0.7,2,0.76,3
2.81,2,985,1,0.76,1,0.62,0
4.58,1,253,2,0.71,2,0.75,3
3.6,0,703,2,0.97,3,0.63,4
4.81,3,773,1,0.99,1,0.65,0
3.26,2,153,1,0.82,3,0.69,0
4.91,1,910,2,0.81,2,0.88,3
4.39,1,465,2,0.85,1,0.8,3
4.81,1,462,2,0.84,4,0.94,2
3.01,1,126,2,0.92,2,0.95,4
2.76,0,352,2,0.65,1,0.95,3
4.97,0,917,0,0.77,4,0.84,1
4.82,1,261,0,0.68,4,0.89,1
4.54,1,873,2,0.8,4,0.92,2
4.3,1,579,1,0.62,4,0.82,0
4.91,0,677,0,0.77,2,0.78,1
3.7,0,938,2,0.82,4,0.9,2
3.34,3,215,2,0.86,3,0.79,4
4.34,1,363,2,0.85,1,0.86,3
4.62,1,883,2,0.63,1,0.83,3
3.89,3,428,2,0.99,3,0.92,4
4.39,1,960,2,0.81,4,0.61,2
2.92,1,540,2,0.94,1,0.8,4
3.84,0,419,2,0.89,3,0.65,4
4.47,1,535,2,0.92,2,0.84,3
4.55,0,130,2,0.82,1,0.78,3
2.65,2,990,2,0.69,4,0.83,4
3.53,0,587,2,0.72,1,0.65,3
3.56,1,716,2,0.91,3,0.89,4
4.83,3,28,0,0.87,1,0.9,0
4.19,0,17,2,0.81,4,0.83,2
3.52,1,261,1,0.68,1,0.82,0
3.91,1,258,1,0.63,3,0.73,0
3.74,0,732,2,0.95,4,0.86,2
4.25,0,437,2,0.63,1,0.87,3
4.97,2,17,0,0.72,2,0.7,0
3.53,1,421,2,0.87,3,0.71,4
2.55,1,352,2,0.92,4,0.78,2
4.83,1,944,0,0.64,2,0.86,1
3.74,1,546,2,0.87,1,0.85,4
4.88,0,251,0,0.9,4,0.68,1
3.79,1,780,2,0.88,3,0.62,4
2.98,3,217,2,0.96,4,0.87,4
2.99,1,929,2,0.8,4,0.73,2
2.89,3,591,1,0.89,0,0.96,0
3.95,1,987,2,0.66,4,0.81,2
4.76,1,625,2,0.89,1,0.61,3
4.88,0,399,0,0.75,2,0.87,1
3.73,1,203,2,0.74,4,0.65,2
2.55,2,64,2,0.88,3,0.72,4
4.91,0,554,0,0.91,4,0.77,1
4.93,1,862,0,0.61,3,0.67,1
2.76,0,810,2,0.66,4,0.9,2
4.41,2,842,2,0.73,2,0.91,4
2.55,0,110,2,0.91,4,0.94,2
4.4,3,235,2,0.92,3,0.91,4
3.65,1,546,2,0.75,4,0.79,2
4.58,0,306,2,0.67,4,0.7,2
4.31,1,466,2,0.88,2,0.79,3
4.38,1,519,2,0.7,1,0.82,3
4.27,1,993,2,0.62,3,0.87,0
4.91,0,758,0,0.81,4,0.86,1
4.0,0,162,2,0.75,4,0.79,2
2.66,1,26,0,0.88,3,0.86,0
4.27,0,438,2,0.83,4,0.84,2
4.78,1,549,2,0.91,3,0.91,4
3.61,0,83,2,0.87,4,0.92,2
2.58,0,189,2,0.63,2,0.79,3
4.37,1,758,2,0.71,2,0.91,3
3.36,1,398,2,0.86,1,0.98,4
4.69,1,184,1,0.72,0,0.66,0
3.33,1,683,1,0.68,2,0.66,0
4.82,0,82,0,0.84,0,0.97,1
4.47,0,125,2,0.69,0,0.77,0
4.98,0,724,0,0.83,3,0.7,1
4.38,1,760,2,0.94,3,0.73,4
4.83,0,537,0,0.63,3,0.94,1
4.73,0,746,2,0.75,1,0.95,3
3.28,2,666,2,0.9,2,0.67,4
4.01,0,939,2,0.66,1,0.99,3
3.77,3,543,2,0.84,1,0.69,4
3.71,0,813,2,0.77,1,0.67,3
2.89,2,383,1,0.95,0,0.95,0
2.81,1,180,1,0.76,3,0.68,0
3.2,1,233,2,0.75,1,0.74,4
4.05,0,785,2,0.87,2,0.81,3
4.62,0,256,1,0.61,3,0.67,0
3.44,0,660,0,0.72,4,0.74,0
3.62,0,693,1,0.71,3,0.68,0
4.59,0,567,2,0.77,2,0.75,3
3.78,1,417,2,0.97,4,0.61,2
4.86,0,682,0,0.75,4,0.84,1
3.7,1,755,2,0.94,4,0.74,2
4.21,3,392,2,0.64,4,0.95,4
4.71,3,222,0,0.72,2,0.93,0
4.45,0,783,2,0.66,4,0.79,2
4.82,0,326,0,0.92,1,0.81,1
3.42,0,899,2,0.79,3,0.89,0
3.62,0,283,0,0.96,0,0.91,0
4.52,0,37,2,0.85,4,0.72,2
4.68,0,524,1,0.82,4,0.91,0
4.97,0,88,0,0.68,4,0.99,1
2.91,0,512,2,0.9,2,0.96,3
4.4,0,230,2,0.79,1,0.61,3
4.99,3,38,0,0.98,0,0.98,0
4.99,0,836,0,0.7,1,0.71,1
3.82,0,979,2,0.87,4,0.66,2
4.31,1,52,2,0.86,4,0.97,2
4.02,1,456,2,0.84,4,0.8,2
3.06,0,667,2,0.8,3,0.94,0
3.76,1,340,2,0.9,4,0.83,2
4.11,1,179,2,0.82,2,0.98,3
4.84,0,68,0,0.95,3,0.77,1
4.52,2,45,2,0.82,0,0.66,4
4.86,1,608,2,0.94,1,0.7,3
4.99,2,40,0,0.76,2,0.86,0
2.79,3,428,2,0.98,4,0.77,4
3.69,1,928,2,0.75,0,0.86,0
2.61,0,399,2,0.6,2,0.75,3
4.08,0,491,1,0.64,3,0.88,0
3.26,1,398,0,0.79,2,0.7,0
2.72,3,262,2,0.63,0,0.78,4
4.85,0,651,0,0.75,3,0.88,1
4.57,3,988,0,0.62,1,0.73,0
3.06,0,154,2,0.69,4,0.65,2
4.0,3,831,2,0.7,2,0.66,4
4.87,0,748,0,0.93,2,0.77,1
2.96,1,230,2,0.7,4,0.87,2
4.65,0,846,2,0.73,4,0.8,2
4.5,0,650,2,0.88,4,0.85,2
4.08,0,129,2,0.7,2,0.86,3
4.92,0,664,0,0.96,4,0.77,1
4.58,0,836,1,0.62,3,0.64,0
2.91,0,393,2,0.67,4,0.8,2
2.82,2,929,2,0.62,2,0.81,4
4.05,0,165,1,0.66,4,0.97,0
4.77,1,652,2,0.63,1,0.78,3
4.44,1,241,2,0.64,3,0.67,0
4.15,1,592,2,0.96,1,0.93,3
3.29,0,649,2,0.87,4,0.84,2
3.47,0,736,2,0.84,1,0.61,3
3.68,0,55,2,0.69,4,0.92,2
4.81,0,262,0,0.97,1,0.88,1
4.94,0,114,0,0.97,3,0.79,1
4.58,0,701,2,0.76,4,0.65,2
3.33,2,763,2,0.86,3,0.93,4
4.95,1,766,2,0.94,1,0.78,3
4.16,1,644,2,0.64,1,0.89,3
2.99,0,835,2,0.81,3,0.63,0
3.62,3,100,1,0.93,3,0.72,0
3.21,0,165,2,0.62,4,0.95,2
3.63,0,497,2,0.98,3,0.85,4
4.9,1,498,0,0.86,4,0.95,1
4.83,0,17,0,0.64,3,0.85,0
2.92,0,848,2,0.87,4,0.67,2
4.88,0,93,0,0.7,1,0.61,1
2.83,0,443,2,0.82,4,0.96,2
4.38,3,880,2,0.87,3,0.68,4
4.96,0,550,0,0.82,2,0.74,1
4.87,0,705,0,0.67,3,0.75,1
4.81,0,413,0,0.98,2,0.6,1
4.95,1,16,2,0.67,1,0.88,3
3.79,3,212,2,0.87,3,0.61,4
4.65,1,825,2,0.6,1,0.88,3
3.05,1,644,2,0.92,2,0.96,4
4.15,2,966,2,0.89,3,0.97,4
4.8,1,24,2,0.78,1,0.85,3
3.34,1,959,2,0.85,2,0.68,4
3.89,0,757,2,0.65,2,0.66,3
4.47,0,674,2,0.68,3,0.87,0
3.2,3,255,2,0.7,3,0.75,4
4.62,3,56,2,0.77,0,0.9,4
4.6,0,568,2,0.71,1,0.86,3
2.85,1,939,2,0.89,4,0.69,2
3.47,1,746,2,0.88,3,0.86,4
3.44,0,667,2,0.84,4,0.73,2
4.05,3,846,0,0.69,0,0.81,0
4.21,1,867,2,0.95,1,0.93,3
4.01,2,42,0,0.97,4,0.89,0
4.89,0,249,0,0.62,4,0.91,1
4.84,0,838,0,0.66,0,0.69,1
2.8,1,555,0,0.8,2,0.63,0
4.86,1,336,0,0.94,1,0.69,1
4.48,0,163,2,0.6,0,0.97,0
3.5,2,142,1,0.87,0,0.73,0
4.92,1,268,2,0.7,1,0.79,3
2.72,1,985,2,0.98,1,0.89,4
2.51,0,771,0,0.83,0,0.8,0
4.91,0,629,0,0.64,0,0.79,1
3.21,2,622,2,0.96,3,0.64,4
3.54,0,950,0,0.88,0,0.77,0
4.43,0,379,2,0.7,4,0.91,2
4.37,3,325,0,0.76,4,0.94,0
2.79,0,312,2,0.76,4,0.87,2
3.56,1,578,2,0.64,2,0.79,4
4.96,0,353,0,0.97,2,0.68,1
4.84,0,856,0,0.65,2,0.67,1
2.71,1,258,2,0.79,4,0.93,2
2.77,1,764,2,0.61,4,0.82,2
3.56,0,803,2,0.9,4,0.75,2
4.33,0,951,2,0.95,4,0.79,2
4.54,0,99,2,0.99,4,0.6,2
4.81,3,612,2,0.91,3,0.73,4
4.56,0,669,2,0.88,4,0.88,2
4.15,0,801,2,0.77,4,0.71,2
4.46,1,297,2,0.98,3,0.76,4
4.89,3,38,0,0.97,3,0.74,0
3.52,2,215,2,0.74,3,0.77,4
2.65,1,567,2,0.8,4,0.9,2
3.94,0,272,2,0.61,4,0.9,2
4.14,1,854,2,0.83,1,0.7,3
4.89,0,984,0,0.65,1,0.65,1
4.5,1,622,2,0.84,1,0.86,3
3.26,1,366,2,0.93,2,0.98,4
4.81,0,807,0,0.88,1,0.72,1
3.77,0,976,2,0.63,0,0.83,0
4.93,0,915,0,0.86,2,0.82,1
3.44,1,557,2,0.95,4,0.73,2
4.91,1,550,0,0.74,0,0.64,1
4.86,0,782,0,0.97,1,0.88,1
4.72,1,915,0,0.68,3,0.96,0
4.94,0,30,0,0.77,4,0.72,0
3.59,0,187,2,0.96,2,0.88,3
4.17,1,578,2,0.65,1,0.63,3
4.42,1,946,2,0.66,4,0.87,2
4.17,1,534,2,0.82,4,0.83,2
3.73,0,322,2,0.9,4,0.83,2
4.26,0,931,2,0.74,4,0.73,2
2.85,1,403,2,0.74,2,0.98,4
5.0,0,193,0,0.92,3,0.77,1
3.25,0,891,2,0.97,1,0.83,3
4.51,3,896,1,0.77,0,0.91,0
3.24,0,904,2,0.9,4,0.78,2
4.46,1,503,2,0.88,2,0.82,3
4.93,0,615,0,0.95,1,0.66,1
2.96,2,254,2,0.82,2,0.77,4
4.94,1,445,0,0.93,1,0.91,1
3.17,3,86,2,0.89,3,0.74,4
4.61,2,948,1,0.79,2,0.96,0
2.67,1,914,0,0.81,2,0.83,0
4.16,2,575,2,0.94,3,0.94,4
4.11,0,49,0,0.78,0,0.94,0
4.17,1,320,2,0.98,1,0.76,3
3.63,0,264,2,0.82,4,0.91,2
3.85,1,671,2,0.86,4,0.98,2
3.44,0,293,2,0.72,4,0.68,2
3.96,0,577,2,0.73,4,0.61,2
4.88,0,954,0,0.7,2,0.69,1
4.93,1,835,2,0.98,1,0.95,3
4.14,0,974,2,0.66,4,0.67,2
4.78,1,603,2,0.61,1,0.97,3
4.27,1,999,2,0.96,4,0.71,2
3.67,1,905,2,0.78,1,0.77,4
4.81,1,369,2,0.64,4,0.98,2
4.86,0,703,0,0.66,3,0.88,1
4.39,1,444,2,0.84,2,0.84,3
4.76,1,876,2,0.93,1,0.65,3
3.34,0,541,2,0.89,2,0.82,3
3.2,3,524,2,0.86,2,0.65,4
3.61,0,962,2,0.94,3,0.92,4
4.35,1,399,2,0.88,3,0.83,4
2.68,2,891,1,0.96,3,0.78,0
4.99,1,74,0,0.86,3,0.75,1
4.92,1,423,0,0.69,0,0.65,1
4.9,1,448,0,0.88,4,0.61,1
3.63,2,207,2,0.98,3,0.67,4
4.83,1,430,0,0.92,3,0.73,1
3.22,3,754,1,0.6,0,0.66,0
4.59,3,475,2,0.89,3,0.93,4
4.05,0,342,2,0.8,4,0.81,2
3.02,1,332,2,0.8,1,0.93,4
4.86,3,35,0,0.94,3,0.78,0
4.02,3,116,0,0.82,4,0.75,0
3.18,0,73,2,0.69,2,0.93,3
3.22,3,112,2,0.91,1,0.7,4
4.94,0,191,0,0.96,1,0.63,1
4.06,2,896,2,0.63,1,0.61,4
4.12,0,224,2,0.76,4,0.99,2
3.78,1,819,2,0.73,4,0.76,2
2.59,2,729,2,0.91,0,0.74,4
3.81,0,954,2,0.71,4,0.92,2
3.29,0,745,2,0.95,1,0.79,3
3.81,1,510,2,0.96,4,0.75,2
4.64,0,353,1,0.91,2,0.8,0
2.84,1,108,0,0.79,4,0.83,0
4.91,0,44,2,0.92,2,0.93,3
3.64,1,739,2,0.86,4,0.73,2
2.65,0,123,1,0.78,4,0.65,0
4.99,0,87,0,0.87,3,0.64,1
3.45,3,570,2,0.7,0,0.98,4
4.94,0,878,0,0.64,0,0.6,1
4.48,1,421,2,0.85,4,0.69,2
4.89,0,762,2,0.98,1,0.73,3
3.83,0,210,2,0.93,0,0.97,0
3.19,0,839,2,0.92,1,0.92,3
4.42,0,523,1,0.94,3,0.66,0
3.13,0,264,2,0.68,3,0.97,0
4.97,0,358,0,0.77,1,0.6,1
3.53,0,163,2,0.67,1,0.76,3
4.55,3,190,2,0.83,4,0.88,4
3.72,1,314,2,0.71,3,0.87,0
3.67,1,238,2,0.97,1,0.93,4
4.44,2,264,1,0.91,3,0.87,0
4.98,0,880,0,0.62,4,0.76,1
3.51,0,236,2,0.64,4,0.71,2
2.54,1,326,0,0.97,2,0.97,0
3.51,3,945,0,0.89,4,0.94,0
4.34,1,523,2,0.81,2,0.8,3
3.76,3,114,2,0.94,2,0.65,4
3.22,0,969,2,0.72,3,0.73,0
2.89,3,47,2,0.93,0,0.95,4
4.08,3,109,2,0.9,3,0.95,4
3.68,0,412,2,0.74,1,0.83,3
4.66,1,370,2,0.79,3,0.76,0
4.8,1,456,2,0.89,1,0.91,3
4.32,1,207,2,0.68,2,0.84,3
2.7,1,391,2,0.69,1,0.62,4
3.07,1,712,2,0.88,4,0.93,2
3.87,0,668,2,0.87,4,0.85,2
4.54,1,497,2,0.64,4,0.95,2
4.5,2,366,1,0.76,4,0.69,0
4.98,0,61,0,0.64,4,0.88,1
3.74,1,40,1,0.64,0,0.92,0
3.15,0,273,2,0.78,4,0.82,2
3.06,2,230,0,0.75,2,0.65,0
3.48,0,89,2,0.71,0,0.81,0
4.81,0,594,0,0.73,4,0.91,1
3.56,0,157,2,0.89,3,0.87,4
3.85,0,293,2,0.95,2,0.72,3
2.52,0,987,2,0.98,4,0.64,2
4.87,1,804,0,0.97,0,0.76,1
4.88,0,141,0,0.74,4,0.71,1
4.81,0,631,0,0.95,2,0.68,1
4.79,1,788,2,0.99,4,0.98,2
2.62,0,898,2,0.88,3,0.64,4
3.69,1,630,2,0.83,3,0.98,0
3.52,0,923,2,0.78,4,0.81,2
3.1,1,181,2,0.7,4,0.72,2
4.02,1,552,2,0.71,2,0.86,3
3.43,0,837,2,0.82,4,0.94,2
4.95,0,655,0,0.91,1,0.85,1
3.65,0,783,2,0.75,4,0.92,2
4.82,0,336,0,0.77,3,0.63,1
3.83,1,40,2,0.92,4,0.6,2
3.04,2,670,0,0.74,4,0.61,0
4.9,0,132,0,0.91,1,0.65,1
4.08,1,730,2,0.81,4,0.76,2
4.12,0,16,2,0.71,2,0.97,3
4.14,1,872,2,0.88,1,0.91,3
4.92,1,475,2,0.91,1,0.7,3
3.47,2,417,2,0.88,3,0.83,4
4.78,1,393,0,0.61,0,0.93,0
4.9,0,179,0,0.88,1,0.86,1
3.12,3,910,2,0.64,0,0.82,4
4.91,0,869,0,0.83,0,0.64,1
4.84,0,357,2,0.62,2,0.89,3
3.06,0,826,2,0.9,2,0.8,3
4.88,1,42,0,0.93,1,0.78,0
4.84,0,453,2,0.63,4,0.68,2
3.99,3,802,1,0.73,2,0.91,0
3.11,1,13,2,0.92,4,0.87,2
3.23,0,696,2,0.93,1,0.81,3
3.89,0,887,2,0.63,1,0.83,3
3.62,3,374,2,0.71,4,0.71,4
3.46,1,212,1,0.79,4,0.97,0
4.06,1,626,2,0.73,2,0.92,3
4.55,0,964,2,0.88,2,0.82,3
4.95,0,482,0,0.94,3,0.91,1
4.09,0,658,2,0.92,4,0.64,2
4.87,1,541,0,0.66,1,0.93,1
4.91,1,74,0,0.87,1,0.65,1
4.09,1,24,2,0.94,1,0.66,3
4.86,0,693,0,0.79,4,0.64,1
2.81,0,436,2,0.83,3,0.7,0
3.7,1,647,2,0.79,1,0.63,4
4.81,0,848,0,0.9,2,0.72,1
2.89,0,402,2,0.86,4,0.87,2
4.74,2,217,1,0.89,1,0.72,0
3.18,0,708,2,0.79,3,0.61,0
3.73,1,945,2,0.81,4,0.87,2
4.22,0,158,2,0.96,4,0.9,2
4.87,1,38,0,0.77,0,0.98,0
4.48,0,549,2,0.91,2,0.79,3
3.5,0,334,2,0.96,4,0.84,2
4.27,1,311,1,0.78,0,0.67,0
3.76,2,679,1,0.79,1,0.78,0
4.83,0,686,2,0.83,4,0.73,2
4.98,0,510,0,0.65,0,0.71,1
4.81,1,749,2,0.86,1,0.92,3
2.73,1,16,2,0.72,4,0.61,2
4.82,0,92,0,0.72,3,0.64,1
3.75,1,575,1,0.68,4,0.86,0
4.87,0,244,0,0.86,4,0.6,1
4.91,0,272,0,0.95,4,0.76,1
4.71,1,310,2,0.71,4,0.8,2
3.6,0,200,2,0.99,1,0.95,3
2.69,0,527,0,0.93,2,0.7,0
3.92,0,802,2,0.74,2,0.61,3
4.91,0,807,0,0.64,4,0.61,1
3.89,1,33,2,0.97,4,0.96,2
3.34,0,630,0,0.9,1,0.98,0
3.86,2,318,1,0.88,1,0.81,0
3.22,1,142,2,0.89,3,0.97,4
3.5,3,445,1,0.76,0,0.7,0
4.05,1,257,0,0.8,1,0.72,0
4.84,0,552,0,0.84,0,0.84,1
3.56,1,446,2,0.63,1,0.76,4
2.68,1,640,2,0.86,4,0.86,2
2.64,1,422,2,0.7,4,0.71,2
3.3,1,359,2,0.95,1,0.93,4
4.61,2,89,1,0.95,0,0.65,0
4.38,1,748,2,0.61,4,0.67,2
4.03,2,950,2,0.97,4,0.88,4
4.88,0,974,0,0.62,4,0.67,1
4.91,1,512,0,0.78,0,0.96,1
4.1,1,650,2,0.77,2,0.79,3
4.02,1,59,2,0.63,2,0.61,3
2.6,0,349,2,0.73,4,0.71,2
4.92,0,972,0,0.99,3,0.98,1
4.86,0,917,0,0.89,4,0.82,1
3.84,0,581,1,0.75,0,0.67,0
4.29,0,73,2,0.88,4,0.74,2
4.98,0,196,0,0.95,4,0.84,1
3.74,1,964,2,0.76,4,0.83,2
3.61,2,870,2,0.72,2,0.86,4
3.4,3,24,2,0.99,3,0.86,4
4.89,1,86,2,0.93,2,0.93,3
3.56,1,719,2,0.98,4,0.98,2
4.53,0,551,2,0.75,1,0.61,3
4.1,0,805,2,0.69,2,0.91,3
2.87,0,475,0,0.79,0,0.85,0
4.13,1,317,2,0.61,2,0.95,3
4.83,1,967,0,0.91,0,0.73,1
4.98,1,863,0,0.92,1,0.99,1
3.22,1,723,2,0.89,4,0.83,2
2.95,1,902,2,0.74,2,0.63,4
3.17,1,467,2,0.7,2,0.7,4
4.58,1,459,2,0.83,4,0.78,2
4.54,2,563,1,0.88,4,0.69,0
4.7,0,633,2,0.96,0,0.92,0
4.02,1,459,2,0.82,2,0.92,3
4.88,0,632,0,0.78,2,0.66,1
4.42,1,735,2,0.64,4,0.97,2
4.72,0,376,2,0.65,4,0.82,2
3.48,0,376,2,0.62,2,0.74,3
4.66,1,841,2,0.76,2,0.99,3
2.88,0,501,2,0.9,4,0.61,2
4.82,0,995,0,0.96,2,0.9,1
2.87,2,546,1,0.64,4,0.78,0
4.24,2,15,2,0.91,3,0.77,4
2.94,0,828,2,0.91,4,0.65,2
4.01,2,613,2,0.8,0,0.66,4
2.74,2,629,2,0.88,3,0.93,4
3.63,1,576,2,0.62,4,0.85,2
3.22,0,521,2,0.62,2,0.74,3
3.92,1,770,2,0.71,2,0.63,4
4.84,0,48,0,0.88,0,0.63,0
4.74,1,106,2,0.96,1,0.95,3
4.9,0,523,0,0.63,1,0.61,1
3.26,1,712,2,0.91,1,0.81,4
4.68,0,263,2,0.8,2,0.78,3
4.93,0,274,0,0.8,2,0.86,1
4.97,3,16,0,0.69,4,0.78,0
4.87,0,685,0,0.84,2,0.67,1
3.85,1,696,2,0.97,4,0.61,2
4.69,0,717,2,0.89,3,0.69,4
3.56,0,819,2,0.98,0,0.87,0
3.64,3,722,2,0.67,3,0.86,4
4.17,1,137,2,0.9,4,0.64,2
3.82,1,778,2,0.7,2,0.61,4
4.89,0,981,0,0.87,1,0.68,1
4.87,1,184,2,0.8,1,0.73,3
4.9,0,97,0,0.77,3,0.7,1
2.84,1,564,2,0.8,4,0.62,2
4.18,3,323,2,0.61,0,0.62,4
2.71,0,93,2,0.61,4,0.81,2
4.11,1,596,2,0.82,3,0.79,0
4.83,0,491,0,0.77,2,0.67,1
2.68,2,945,2,0.74,2,0.81,4
4.81,0,636,0,0.62,1,0.67,1
4.8,0,520,0,0.75,1,0.73,1
2.96,2,703,0,0.69,0,0.73,0
4.94,3,187,2,0.97,3,0.73,4
2.64,1,561,2,0.94,1,0.97,4
4.35,1,671,2,0.72,4,0.97,2
4.14,1,716,2,0.9,1,0.85,3
4.82,0,95,0,0.67,1,0.92,1
3.2,0,189,2,0.84,4,0.73,2
3.39,1,928,2,0.73,2,0.63,4
3.19,1,162,2,0.88,4,0.76,2
4.18,0,317,2,0.66,4,0.79,2
2.79,3,400,2,0.89,0,0.81,4
3.79,1,852,1,0.9,3,0.64,0
4.86,0,570,0,0.88,1,0.97,1
3.74,0,537,2,0.78,2,0.75,3
4.88,3,702,2,0.98,3,0.91,4
4.14,1,898,2,0.91,1,0.86,3
3.91,0,475,2,0.88,4,0.61,2
3.27,0,649,2,0.89,4,0.73,2
3.4,0,347,2,0.83,2,0.69,3
4.12,1,555,2,0.86,2,0.91,3
4.77,0,838,2,0.62,1,0.67,3
4.65,3,561,1,0.89,4,0.91,0
3.6,0,462,2,0.94,4,0.73,2
2.62,0,916,2,0.96,4,0.93,2
3.45,0,877,2,0.96,2,0.88,3
4.03,0,560,2,0.95,3,0.76,4
4.72,1,392,0,0.9,4,0.97,0
4.15,2,457,2,0.94,3,0.71,4
4.21,1,460,2,0.66,1,0.91,3
4.82,0,87,2,0.72,4,0.76,2
3.9,1,416,2,0.87,4,0.7,2
4.51,3,965,1,0.88,4,0.88,0
4.91,0,974,0,0.74,4,0.81,1
2.65,2,802,2,0.89,3,0.96,4
4.95,0,284,0,0.77,4,0.88,1
4.94,0,784,0,0.6,4,0.91,1
4.99,0,660,0,0.71,4,0.96,1
4.24,1,127,2,0.93,3,0.95,4
4.88,0,359,0,0.61,2,0.79,1
4.47,0,724,1,0.86,1,0.7,0
3.89,1,428,2,0.93,3,0.76,4
4.71,1,696,2,0.85,2,0.74,3
4.89,0,954,0,0.85,2,0.65,1
4.84,0,496,0,0.85,0,0.9,1
4.96,1,641,0,0.76,3,0.63,1
4.38,1,543,2,0.86,4,0.73,2
4.94,0,144,0,0.87,1,0.96,1
2.69,0,609,2,0.79,4,0.85,2
4.9,1,64,0,0.85,3,0.82,1
2.97,2,943,2,0.89,3,0.7,4
3.45,0,230,0,0.73,0,0.71,0
3.41,1,363,1,0.85,1,0.71,0
2.97,3,883,2,0.85,3,0.94,4
4.81,0,535,0,0.6,2,0.6,1
3.37,2,65,0,0.85,1,0.71,0
3.1,0,594,1,0.71,1,0.9,0
4.88,0,362,0,0.86,3,0.91,1
4.86,1,601,0,0.68,0,0.72,1
4.88,1,125,0,0.64,4,0.77,1
3.91,3,951,0,0.78,4,0.7,0
4.98,0,749,0,0.67,1,0.63,1
4.24,1,829,2,0.89,3,0.88,4
3.56,0,791,2,0.78,0,0.99,0
4.06,2,555,2,0.69,0,0.85,4
4.52,1,202,2,0.63,4,0.88,2
3.01,0,271,2,0.97,2,0.73,3
4.37,1,284,2,0.66,1,0.89,3
4.99,0,656,0,0.8,4,0.62,1
4.95,0,606,0,0.72,4,0.95,1
4.89,0,428,0,0.68,0,0.61,1
2.93,3,655,0,0.64,4,0.73,0
3.03,1,205,2,0.8,1,0.98,4
2.95,2,870,1,0.92,4,0.72,0
4.85,0,587,0,0.75,4,0.75,1
4.26,0,248,2,0.64,4,0.63,2
3.71,1,687,2,0.66,1,0.97,4
3.07,0,82,2,0.76,3,0.71,0
4.9,1,655,2,0.86,1,0.95,3
3.14,1,707,2,0.89,4,0.65,2
2.88,1,477,2,0.94,4,0.74,2
3.27,0,382,2,0.93,0,0.62,0
3.06,3,781,0,0.91,1,0.91,0
3.26,1,776,2,0.72,4,0.92,2
3.56,0,924,2,0.82,4,0.63,2
4.65,1,515,2,0.62,2,0.68,3
4.25,1,877,2,0.87,3,0.94,4
3.68,0,990,2,0.79,3,0.63,0
3.44,1,123,2,0.73,2,0.67,4
2.56,1,183,2,0.92,3,0.82,4
4.62,1,634,2,0.92,3,0.82,4
2.66,1,55,2,0.87,1,0.85,4
3.88,1,810,2,0.71,4,0.78,2
4.43,3,846,0,0.92,0,0.98,0
2.6,0,695,2,0.69,4,0.86,2
3.75,1,970,2,0.86,2,0.66,4
4.03,0,221,2,0.86,1,0.65,3
2.99,0,650,2,0.65,3,0.86,0
3.39,2,431,1,0.74,1,0.7,0
3.42,1,128,2,0.95,3,0.85,4
4.86,0,185,0,0.98,2,0.76,1
3.69,2,446,2,0.88,4,0.85,4
3.7,0,552,2,0.83,1,0.93,3
3.0,0,659,2,0.82,4,0.75,2
4.97,0,439,0,0.87,0,0.95,1
4.18,1,816,2,0.65,2,0.8,3
4.33,0,200,2,0.66,2,0.66,3
4.92,0,877,0,0.62,1,0.95,1
3.51,0,819,2,0.93,4,0.96,2
2.52,0,263,2,0.6,2,0.96,3
3.93,2,330,2,0.61,2,0.75,4
2.74,2,358,2,0.95,1,0.99,4
3.72,1,530,2,0.7,4,0.63,2
2.77,2,76,1,0.66,1,0.9,0
4.31,0,262,2,0.97,1,0.93,3
4.86,0,837,0,0.63,1,0.92,1
4.1,1,764,2,0.69,2,0.73,3
4.19,1,325,2,0.63,4,0.88,2
3.46,1,541,2,0.9,4,0.89,2
4.78,0,636,2,0.69,1,0.87,3
3.65,1,546,2,0.83,2,0.92,4
2.71,1,782,2,0.78,4,0.68,2
3.44,1,446,2,0.89,0,0.64,0
2.73,2,904,1,0.73,0,0.6,0
4.62,2,472,1,0.92,2,0.68,0
2.74,0,734,2,0.61,4,0.73,2
4.82,0,288,0,0.81,2,0.6,1
3.4,1,814,2,0.9,1,0.94,4
3.69,1,434,2,0.82,0,0.99,0
4.02,0,25,2,0.95,3,0.94,4
4.75,1,408,2,0.71,2,0.73,3
2.93,0,415,2,0.72,4,0.63,2
3.87,0,876,2,0.7,4,0.77,2
2.97,0,172,0,0.9,2,0.69,0
2.79,0,330,2,0.85,2,0.79,3
4.36,1,655,2,0.62,1,0.91,3
2.86,1,370,2,0.82,4,0.76,2
4.84,2,326,2,0.93,3,0.75,4
3.67,0,105,2,0.85,1,0.73,3
4.94,0,921,0,0.87,1,0.76,1
4.36,1,248,2,0.91,1,0.81,3
4.16,0,184,2,0.97,4,0.68,2
3.48,1,836,2,0.91,2,0.62,4
3.6,3,346,1,0.63,2,0.99,0
4.21,1,884,2,0.92,4,0.98,2
4.45,0,565,2,0.63,4,0.65,2
4.96,0,365,0,0.88,3,0.81,1
3.5,1,18,2,0.64,0,0.93,0
4.8,0,437,0,0.87,1,0.79,1
4.06,1,554,2,0.86,2,0.89,3
3.65,2,792,0,0.92,4,0.87,0
2.68,0,113,2,0.91,1,0.75,3
4.18,1,366,2,0.98,3,0.86,4
4.83,1,378,2,0.61,2,0.9,3
3.02,0,834,2,0.82,4,0.91,2
4.84,1,557,0,0.78,4,0.83,1
4.5,0,789,2,0.84,1,0.89,3
2.89,2,752,1,0.92,1,0.97,0
3.41,1,363,2,0.67,4,0.96,2
2.58,1,104,2,0.93,2,0.69,4
4.04,0,821,1,0.98,0,0.81,0
3.75,2,973,2,0.7,3,0.73,4
3.96,0,443,2,0.77,4,0.97,2
4.82,0,341,0,0.71,3,0.9,1
3.5,1,460,2,0.66,4,0.84,2
3.48,3,428,1,0.87,3,0.88,0
4.54,1,705,2,0.87,3,0.93,4
4.87,0,247,0,0.92,4,0.67,1
4.99,0,386,0,0.78,3,0.83,1
4.88,0,579,0,0.68,3,0.68,1
3.08,2,374,2,0.7,0,0.83,4
4.85,1,530,2,0.87,1,0.89,3
3.74,0,77,2,0.82,4,0.8,2
4.81,1,153,2,0.83,2,0.73,3
2.94,2,834,2,0.87,4,0.62,4
4.58,1,483,0,0.7,1,0.62,0
2.81,1,575,2,0.63,2,0.69,4
4.81,0,155,0,0.61,1,0.62,1
2.93,0,854,1,0.76,1,0.81,0
3.93,1,116,1,0.75,4,0.84,0
4.36,0,957,1,0.71,3,0.69,0
4.21,1,34,2,0.81,1,0.93,3
3.83,1,165,2,0.66,4,0.87,2
4.85,0,488,0,0.63,2,0.98,1
4.55,2,434,2,0.97,3,0.96,4
4.85,0,109,0,0.85,1,0.99,1
4.81,0,625,0,0.86,3,0.69,1
4.33,1,916,2,0.79,2,0.76,3
4.55,0,625,2,0.84,2,0.75,3
4.58,0,584,2,0.95,1,0.7,3
3.53,3,431,2,0.84,0,0.71,4
3.5,0,370,2,0.77,2,0.65,3
3.9,0,734,2,0.66,4,0.93,2
3.33,2,416,2,0.63,0,0.64,4
4.93,0,247,0,0.95,0,0.87,1
3.25,3,666,1,0.73,0,0.8,0
4.85,1,898,0,0.94,0,0.69,1
4.02,1,764,2,0.97,1,0.88,3
4.47,0,381,2,0.72,3,0.74,0
4.44,1,903,2,0.86,4,0.96,2
4.87,0,14,0,0.89,1,0.68,0
3.01,1,751,2,0.63,4,0.75,2
4.77,1,581,2,0.67,2,0.89,3
3.22,1,207,2,0.75,1,0.73,4
4.19,1,825,2,0.94,3,0.61,4
4.93,0,813,0,0.65,4,0.69,1
4.96,1,955,0,0.97,2,0.97,1
4.88,1,82,2,0.79,1,0.71,3
3.74,3,553,2,0.97,3,0.62,4
4.89,0,733,0,0.9,4,0.8,1
4.05,1,261,2,0.68,1,0.62,3
4.91,0,830,0,0.69,3,0.87,1
4.94,0,47,0,0.87,2,0.97,0
3.28,0,724,2,0.7,4,0.66,2
3.58,1,598,2,0.61,4,0.81,2
3.58,3,796,2,0.8,0,0.8,4
4.28,1,112,2,0.76,2,0.62,3
4.81,0,157,0,0.93,4,0.6,1
3.73,2,61,1,0.95,2,0.7,0
4.8,0,515,0,0.65,2,0.67,1
4.58,3,275,1,0.89,2,0.9,0
4.57,1,400,2,0.68,0,0.75,0
4.85,1,20,0,0.94,0,0.67,0
3.89,3,274,1,0.99,2,0.9,0
3.81,0,334,2,0.61,4,0.63,2
3.84,3,475,0,0.9,3,0.67,0
4.92,0,286,0,0.73,4,0.8,1
4.4,1,859,2,0.74,2,0.64,3
4.84,1,610,0,0.97,4,0.96,1
4.22,0,359,2,0.83,4,0.96,2
3.47,2,712,0,0.97,4,0.85,0
2.82,0,352,2,0.78,1,0.97,3
4.13,0,908,2,0.9,4,0.95,2
4.95,0,545,0,0.67,2,0.75,1
4.43,1,944,2,0.64,1,0.75,3
3.63,2,390,1,0.77,0,0.82,0
3.43,2,770,1,0.9,4,0.84,0
4.83,0,17,0,0.89,1,0.71,0
4.53,2,394,1,0.84,1,0.82,0
3.39,3,477,2,0.72,1,0.99,4
3.94,3,91,2,0.65,0,0.82,4
3.58,1,739,0,0.73,2,0.63,0
4.84,0,863,0,0.94,2,0.62,1
4.23,0,609,0,0.87,0,0.74,0
3.87,1,795,2,0.98,2,0.72,4
3.59,0,362,2,0.71,4,0.77,2
3.44,2,982,2,0.89,2,0.92,4
4.0,0,179,2,0.83,1,0.63,3
3.75,0,487,2,0.77,3,0.8,0
2.53,2,590,2,0.89,3,0.76,4
3.28,0,361,2,0.95,4,0.96,2
4.67,0,684,2,0.63,0,0.8,0
3.14,1,247,2,0.64,4,0.68,2
4.93,1,440,0,0.84,1,0.98,1
4.44,0,704,2,0.97,2,0.6,3
4.54,2,22,0,0.96,1,0.75,0
4.12,1,287,2,0.61,3,0.63,0
4.94,0,617,0,0.73,3,0.83,1
4.54,0,646,2,0.94,3,0.95,4
4.78,2,553,0,0.78,4,0.77,0
3.95,0,531,2,0.61,4,0.73,2
4.85,0,863,0,0.77,4,0.65,1
2.53,2,730,2,0.69,2,0.79,4
3.62,0,646,2,0.76,2,0.81,3
2.63,0,128,2,0.74,4,0.83,2
3.94,0,625,2,0.67,2,0.66,3
4.78,2,749,1,0.65,4,0.72,0
4.34,3,431,2,0.92,3,0.66,4
3.58,0,905,0,0.61,0,0.84,0
4.92,0,856,0,0.87,1,0.82,1
3.96,1,913,1,0.78,2,0.73,0
4.48,1,441,2,0.71,2,0.65,3
4.77,0,319,0,0.72,1,0.68,0
4.94,0,740,0,0.81,4,0.89,1
2.54,0,716,2,0.89,3,0.91,4
2.93,2,695,2,0.87,3,0.92,4
3.66,2,674,2,0.9,3,0.74,4
4.06,3,151,2,0.74,1,0.96,4
4.68,3,243,2,0.65,1,0.85,4
3.63,1,866,2,0.76,1,0.72,4
2.88,1,125,2,0.76,3,0.77,0
4.84,0,757,0,0.62,2,0.66,1
3.56,1,804,2,0.97,4,0.74,2
4.89,1,56,0,0.75,1,0.92,1
4.71,0,959,2,0.73,2,0.95,3
3.77,1,200,2,0.78,4,0.81,2
4.8,1,172,2,0.96,3,0.78,4
4.19,1,677,2,0.96,2,0.92,3
3.42,0,797,2,0.88,4,0.76,2
2.7,1,209,2,0.62,4,0.75,2
4.21,3,318,2,0.98,0,0.87,4
4.99,0,309,0,0.6,3,0.66,1
4.25,1,673,0,0.95,1,0.7,0
3.64,0,889,2,0.96,3,0.85,4
3.82,1,196,2,0.74,2,0.65,4
3.1,0,188,0,0.97,3,0.82,0
4.85,0,345,0,0.82,1,0.83,1
4.21,1,120,2,0.65,2,0.83,3
3.4,3,590,2,0.94,3,0.72,4
2.8,2,375,2,0.95,0,0.86,4
4.1,1,983,2,0.78,2,0.75,3
4.33,0,751,2,0.67,0,0.76,0
4.78,0,667,2,0.86,2,0.89,3
3.45,1,890,2,0.99,4,0.9,2
4.95,1,353,0,0.64,3,0.65,1
4.84,0,788,0,0.75,3,0.64,1
4.97,0,950,0,0.76,0,0.95,1
4.9,0,232,0,0.72,1,0.75,1
4.96,0,836,0,0.93,4,0.63,1
2.73,1,822,0,0.65,0,0.92,0
4.81,0,467,0,0.95,1,0.75,1
3.46,0,858,2,0.71,2,0.65,3
2.88,2,42,2,0.97,3,0.9,4
3.16,3,299,0,0.63,1,0.96,0
4.87,0,908,0,0.82,4,0.82,1
3.05,2,346,1,0.64,2,0.96,0
2.76,0,140,1,0.91,2,0.64,0
3.51,1,147,2,0.93,4,0.63,2
3.27,2,567,2,0.65,3,0.92,4
3.56,1,430,2,0.92,2,0.91,4
3.51,0,434,2,0.82,2,0.61,3
3.54,2,417,1,0.61,1,0.92,0
4.86,2,10,0,0.69,3,0.67,0
3.53,1,824,2,0.86,4,0.63,2
4.55,1,748,2,0.88,3,0.92,4
3.26,0,680,2,0.8,2,0.89,3
4.82,1,713,2,0.88,4,0.88,2
3.12,2,284,1,0.94,2,0.72,0
2.81,0,418,2,0.94,3,0.68,4
2.81,3,618,2,0.88,3,0.91,4
2.79,0,480,2,0.96,0,0.94,0
4.24,1,558,2,0.66,4,0.92,2
3.19,1,881,2,0.88,3,0.89,4
4.9,0,895,0,0.7,0,0.68,1
3.47,1,663,2,0.97,4,0.64,2
4.54,3,858,2,0.65,4,0.7,4
2.53,0,928,2,0.95,4,0.65,2
4.82,0,927,0,0.96,3,0.75,1
2.69,1,878,2,0.84,2,0.7,4
3.04,0,607,2,0.83,2,0.62,3
4.84,0,728,0,0.68,0,0.74,1
3.03,1,720,0,0.88,0,0.76,0
4.0,3,743,0,0.64,1,0.6,0
2.65,2,360,1,0.69,4,0.62,0
4.89,0,115,0,0.72,0,0.77,1
4.69,1,739,2,0.93,3,0.85,4
4.1,3,648,2,0.8,2,0.83,4
3.24,1,624,2,0.89,1,0.87,4
4.77,0,258,2,0.92,2,0.85,3
2.56,2,172,2,0.96,3,0.87,4
4.77,1,637,2,0.71,4,0.71,2
4.65,0,534,2,0.91,4,0.63,2
3.96,3,610,2,0.75,0,0.84,4
4.81,3,43,0,0.79,0,0.78,0
4.48,2,572,2,0.72,2,0.94,4
2.72,3,704,0,0.71,4,0.94,0
3.56,1,612,2,0.61,2,0.79,4
3.1,1,877,2,0.6,4,0.74,2
2.91,1,599,2,0.76,1,0.89,4
4.83,0,506,0,0.98,4,0.8,1
4.83,0,89,0,0.61,2,0.69,1
4.58,0,663,2,0.93,3,0.95,4
4.26,0,742,2,0.89,3,0.98,4
4.64,2,826,2,0.99,3,0.82,4
4.17,0,588,2,0.85,1,0.8,3
2.96,1,876,2,0.81,4,0.93,2
3.78,0,348,2,0.94,4,0.76,2
4.95,0,413,0,0.82,0,0.65,1
4.91,0,779,0,0.73,2,0.69,1
4.82,1,89,2,0.89,3,0.93,4
4.84,1,101,2,0.78,2,0.64,3
4.94,1,480,0,0.6,4,0.61,1
3.36,0,661,2,0.65,2,0.69,3
3.94,1,762,2,0.66,4,0.91,2
4.98,0,498,0,0.71,2,0.97,1
4.88,0,939,0,0.63,0,0.87,1
4.01,0,982,2,0.75,4,0.92,2
3.36,0,444,2,0.9,3,0.87,4
4.9,0,556,0,0.68,3,0.77,1
2.91,0,754,2,0.82,4,0.75,2
3.06,1,722,2,0.79,0,0.67,0
4.02,1,231,2,0.71,1,0.73,3
2.62,2,58,2,0.93,2,0.94,4
4.29,1,242,2,0.73,4,0.77,2
4.83,0,788,0,0.64,2,0.87,1
4.96,1,697,0,0.94,1,0.89,1
2.91,3,102,1,0.91,2,0.94,0
4.7,0,760,2,0.83,3,0.9,0
4.4,1,349,2,0.63,2,0.94,3
4.82,1,731,0,0.74,3,0.8,1
3.97,1,668,2,0.69,2,0.93,4
3.88,0,847,2,0.98,1,0.81,3
4.84,0,471,0,0.95,3,0.96,1
2.88,1,680,2,0.73,4,0.76,2
3.02,3,445,0,0.9,4,0.72,0
3.94,0,61,1,0.71,4,0.94,0
2.84,0,963,0,0.82,3,0.69,0
3.17,2,15,2,0.96,0,0.93,4
4.84,0,312,0,0.8,0,0.87,1
4.93,0,432,0,0.95,0,0.62,1
4.63,1,232,1,0.83,3,0.78,0
3.88,1,109,2,0.8,3,0.66,0
2.65,0,369,1,0.94,4,0.68,0
4.86,1,37,0,0.84,0,0.65,0
4.96,1,66,0,0.74,0,0.75,1
4.51,0,837,2,0.95,4,0.72,2
3.04,0,989,2,0.65,4,0.61,2
3.93,0,703,2,0.68,4,0.87,2
4.97,0,486,0,0.9,1,0.97,1
4.87,0,360,0,0.93,1,0.64,1
4.97,0,911,0,0.8,4,0.83,1
4.2,2,710,1,0.92,0,0.85,0
2.69,0,459,2,0.81,4,0.75,2
2.52,0,734,2,0.94,4,0.65,2
4.62,0,549,2,0.69,4,0.7,2
4.81,0,166,0,0.8,2,0.83,1
3.61,0,505,2,0.96,3,0.91,4
2.8,1,987,2,0.81,2,0.79,4
3.48,1,198,2,0.92,2,0.86,4
2.97,0,231,2,0.72,4,0.93,2
3.93,1,499,2,0.85,4,0.7,2
3.25,2,101,0,0.95,2,0.66,0
4.81,0,491,0,0.68,0,0.79,1
4.88,0,219,0,0.85,3,0.63,1
4.92,0,768,0,0.66,3,0.67,1
3.5,0,174,2,0.87,1,0.85,3
3.54,0,973,2,0.91,4,0.87,2
4.39,1,984,2,0.96,2,0.91,3
4.88,0,632,0,0.83,4,0.61,1
4.97,0,310,0,0.75,0,0.92,1
3.45,2,519,2,0.78,2,0.88,4
3.26,0,396,2,0.98,0,0.69,0
4.45,1,566,2,0.69,4,0.61,2
4.56,2,581,1,0.78,1,0.96,0
4.27,1,284,1,0.71,1,0.97,0
3.13,1,61,2,0.81,2,0.74,4
4.81,0,602,0,0.77,0,0.74,1
4.62,1,561,0,0.74,0,0.97,0
4.53,0,66,2,0.94,4,0.7,2
3.75,1,42,2,0.94,1,0.87,4
3.61,1,544,2,0.82,4,0.75,2
4.96,3,50,0,0.86,0,0.68,0
3.12,1,540,2,0.77,4,0.89,2
3.17,0,203,2,0.98,3,0.61,4
3.43,0,895,2,0.83,2,0.69,3
4.96,1,726,0,0.63,0,0.77,1
2.53,3,382,0,0.79,1,0.98,0
4.26,2,533,2,0.92,3,0.83,4
3.76,1,723,2,0.83,4,0.99,2
3.33,1,816,2,0.77,4,0.6,2
3.94,1,155,2,0.88,2,0.98,4
4.5,1,165,2,0.79,3,0.64,0
2.91,0,256,2,0.9,3,0.84,4
4.2,1,564,0,0.64,4,0.91,0
3.76,1,942,0,0.87,3,0.73,0
4.01,1,711,2,0.84,2,0.74,3
3.42,1,506,2,0.93,4,0.96,2
3.52,0,705,2,0.73,4,0.8,2
4.47,1,227,2,0.7,1,0.75,3
3.65,0,24,2,0.8,1,0.84,3
3.95,0,32,1,0.99,1,0.95,0
4.81,0,755,0,0.82,4,0.62,1
4.59,1,814,2,0.73,3,0.87,0
2.69,2,501,1,0.85,4,0.68,0
4.99,0,308,0,0.81,4,0.85,1
4.69,1,812,2,0.74,4,0.87,2
4.13,3,184,2,0.94,2,0.82,4
4.33,0,516,2,0.75,0,0.69,0
4.82,1,768,0,0.88,3,0.78,1
3.98,0,891,2,0.84,0,0.75,0
4.83,1,461,0,0.97,1,0.88,1
3.68,0,624,2,0.9,2,0.91,3
4.87,1,563,0,0.61,1,0.85,1
2.66,0,304,2,0.98,3,0.77,4
2.85,1,588,2,0.78,4,0.87,2
3.89,0,844,2,0.82,4,0.85,2
2.52,0,511,2,0.83,4,0.9,2
2.64,3,131,0,0.72,3,0.87,0
4.73,1,514,2,0.89,4,0.73,2
3.95,3,561,2,0.76,0,0.84,4
4.99,0,569,0,0.91,0,0.77,1
2.77,1,221,2,0.91,1,0.92,4
3.99,1,337,2,0.83,3,0.96,0
3.88,2,864,2,0.85,1,0.75,4
2.73,3,695,2,0.9,2,0.85,4
2.76,0,639,2,0.62,2,0.71,3
4.97,0,94,0,0.71,0,0.94,1
2.93,1,774,2,0.99,3,0.64,4
2.92,1,450,1,0.99,1,0.86,0
4.86,0,516,0,0.9,2,0.89,1
3.23,3,790,2,0.88,3,0.73,4
4.63,1,831,2,0.63,2,0.97,3
3.26,1,193,2,0.97,4,0.73,2
3.69,1,832,2,0.98,4,0.7,2
3.56,0,617,2,0.81,4,0.89,2
2.66,0,454,2,0.9,2,0.63,3
4.56,1,929,2,0.63,4,0.69,2
3.2,1,856,2,0.69,4,0.76,2
4.86,0,103,0,0.85,0,0.89,1
4.49,1,10,2,0.82,1,0.98,3
3.32,0,23,0,0.88,3,0.69,0
4.06,3,29,1,0.8,2,0.79,0
4.87,0,274,0,0.77,4,0.72,1
4.16,1,998,2,0.62,2,0.9,3
3.22,3,306,2,0.83,2,0.87,4
3.9,0,392,2,0.94,4,0.62,2
4.17,1,742,2,0.82,4,0.93,2
4.84,0,35,0,0.83,4,0.9,0
2.53,1,372,2,0.97,3,0.86,4
4.22,1,113,2,0.82,1,0.95,3
4.87,2,24,1,0.66,3,0.96,0
2.8,1,217,2,0.73,4,0.63,2
3.13,2,89,0,0.69,2,0.72,0
4.57,2,125,2,0.77,2,0.73,4
4.91,0,645,0,0.87,2,0.94,1
3.53,1,160,2,0.61,1,0.82,4
3.56,3,770,1,0.64,0,0.93,0
4.05,1,402,2,0.82,1,0.87,3
3.8,1,679,2,0.89,3,0.88,4
3.87,0,741,2,0.75,0,0.89,0
4.96,0,848,0,0.85,3,0.79,1
2.65,0,983,2,0.87,2,0.76,3
3.29,1,924,2,0.64,4,0.77,2
3.81,1,824,2,0.91,3,0.77,4
4.95,1,816,0,0.63,4,0.65,1
3.22,0,728,2,0.7,2,0.78,3
3.58,3,547,0,0.72,1,0.93,0
2.81,0,898,2,0.95,4,0.98,2
3.05,1,628,2,0.83,4,0.78,2
4.82,1,651,0,0.62,0,0.99,1
2.53,0,150,0,0.66,2,0.8,0
3.89,0,949,2,0.92,4,0.96,2
3.49,0,558,2,0.81,1,0.91,3
4.47,1,966,2,0.79,4,0.75,2
4.17,0,857,2,0.63,4,0.8,2
4.95,0,642,0,0.61,0,0.75,1
4.9,1,298,0,0.73,1,0.76,1
3.49,3,575,1,0.73,2,0.8,0
3.02,1,595,1,0.68,0,0.94,0
2.59,1,802,2,0.62,4,0.88,2
3.88,1,50,2,0.76,2,0.85,4
4.11,0,800,2,0.9,0,0.94,0
4.54,1,868,2,0.84,1,0.64,3
3.79,1,484,1,0.92,3,0.64,0
2.79,0,359,2,0.88,4,0.91,2
3.36,1,14,2,0.96,4,0.95,2
3.4,3,512,2,0.94,3,0.92,4
4.43,1,44,2,0.77,2,0.82,3
3.85,1,668,2,0.85,4,0.66,2
3.42,1,356,2,0.84,1,0.84,4
4.79,3,15,2,0.95,3,0.97,4
2.56,1,715,2,0.95,3,0.72,4
4.04,0,643,2,0.64,4,0.8,2
3.75,2,199,0,0.95,2,0.67,0
5.0,2,33,0,0.68,3,0.96,0
4.28,1,98,2,0.81,2,0.7,3
4.98,1,339,0,0.6,3,0.81,1
3.28,2,435,2,0.89,1,0.81,4
4.16,0,308,2,0.9,1,0.63,3
4.98,1,48,0,0.74,0,0.92,0
3.56,0,533,2,0.9,4,0.63,2
4.21,3,437,2,0.91,3,0.78,4
2.81,0,675,2,0.69,4,0.62,2
5.0,0,401,0,0.72,3,0.94,1
3.2,0,616,2,0.63,2,0.85,3
4.95,0,509,0,0.7,4,0.79,1
2.57,1,189,0,0.73,2,0.96,0
4.23,1,350,2,0.84,1,0.89,3
2.52,1,326,2,0.75,1,0.89,4
4.86,0,785,0,0.69,0,0.62,1
2.85,0,702,1,0.97,3,0.84,0
2.94,1,205,2,0.68,4,0.72,2
4.89,0,428,0,0.79,2,0.94,1
3.1,1,380,2,0.9,4,0.77,2
3.03,2,498,2,0.98,2,0.61,4
2.54,1,718,0,0.85,0,0.84,0
4.88,0,245,0,0.84,3,0.72,1
4.81,1,487,0,0.77,0,0.84,1
4.53,0,14,2,0.83,3,0.76,0
4.83,1,220,2,0.71,1,0.72,3
4.81,0,892,0,0.74,1,0.66,1
2.71,0,567,2,0.96,3,0.96,4
4.17,1,232,2,0.68,2,0.61,3
2.82,1,332,2,0.68,4,0.78,2
3.07,0,301,2,0.61,2,0.77,3
2.61,0,167,2,0.66,1,0.72,3
2.59,1,961,0,0.9,4,0.64,0
3.3,0,730,2,0.81,2,0.6,3
3.65,0,358,0,0.91,2,0.94,0
4.99,1,869,0,0.63,2,0.87,1
4.56,1,321,2,0.77,2,0.71,3
4.98,0,733,0,0.82,0,0.66,1
4.13,3,998,2,0.78,1,0.77,4
3.57,0,398,2,0.95,3,0.72,4
4.89,0,928,0,0.71,3,0.96,1
2.82,0,566,2,0.93,4,0.76,2
2.73,0,417,2,0.87,2,0.94,3
3.02,1,465,2,0.91,3,0.98,4
4.98,0,604,0,0.94,1,0.97,1
3.46,1,154,2,0.94,1,0.88,4
3.62,2,718,2,0.88,3,0.97,4
2.88,3,178,2,0.94,3,0.79,4
4.59,0,467,2,0.67,4,0.62,2
2.73,0,185,1,0.73,3,0.75,0
2.6,2,69,2,0.89,3,0.63,4
3.23,0,317,2,0.93,4,0.99,2
3.5,0,629,2,0.88,4,0.61,2
4.96,0,98,0,0.76,2,0.78,1
3.78,1,518,1,0.62,0,0.65,0
2.92,0,152,2,0.92,1,0.67,3
2.62,0,862,2,0.69,4,0.61,2
4.16,0,964,2,0.69,4,0.92,2
4.83,1,195,0,0.61,2,0.8,1
4.8,0,616,0,0.73,2,0.96,1
4.84,0,513,0,0.77,3,0.87,1
3.43,0,166,2,0.71,1,0.71,3
3.29,2,524,1,0.92,0,0.87,0
3.77,2,711,2,0.76,4,0.84,4
4.16,1,16,2,0.79,1,0.75,3
3.79,1,524,2,0.68,4,0.98,2
4.23,1,588,2,0.72,2,0.79,3
4.66,1,572,2,0.92,1,0.93,3
3.6,0,717,0,0.66,4,0.98,0
4.9,0,988,0,0.67,0,0.93,1
3.44,1,310,2,0.86,4,0.75,2
3.79,1,962,2,0.91,3,0.79,4
4.8,0,819,0,0.61,3,0.9,1
4.82,2,33,0,0.93,3,0.97,0
4.99,0,680,0,0.88,4,0.74,1
3.67,1,515,2,0.74,4,0.91,2
4.25,1,81,2,0.86,4,0.63,2
4.62,0,718,2,0.98,4,0.96,2
3.17,1,684,2,0.94,1,0.81,4
4.48,3,467,0,0.73,4,0.9,0
4.77,1,792,1,0.7,2,0.65,0
3.58,1,58,2,0.98,2,0.64,4
2.55,2,898,2,0.99,2,0.66,4
4.06,1,195,2,0.72,2,0.84,3
4.26,3,294,2,0.87,3,0.95,4
2.58,1,756,2,0.88,4,0.81,2
3.35,1,35,2,0.67,0,0.69,0
2.97,0,821,2,0.98,3,0.9,4
4.56,1,883,0,0.91,3,0.77,0
3.16,1,855,2,0.93,1,0.82,4
3.32,0,680,2,0.78,1,0.7,3
4.94,2,388,2,0.95,3,0.66,4
4.22,0,903,1,0.94,2,0.63,0
3.44,1,495,2,0.69,1,0.97,4
3.54,0,367,2,0.74,4,0.85,2
4.99,0,938,0,0.76,4,0.66,1
4.57,1,56,2,0.6,2,0.93,3
3.54,2,790,2,0.9,3,0.97,4
4.57,0,124,2,0.93,2,0.61,3
4.99,0,738,0,0.82,4,0.72,1
4.34,1,972,2,0.86,1,0.95,3
4.89,0,692,0,0.93,3,0.9,1
2.71,3,256,2,0.8,1,0.67,4
4.86,1,723,0,0.68,4,0.72,1
4.88,0,431,0,0.94,3,0.65,1
3.69,0,510,1,0.94,3,0.64,0
4.83,0,560,0,0.74,1,0.87,1
3.96,1,489,2,0.9,4,0.88,2
3.45,2,289,2,0.82,4,0.87,4
4.63,2,247,2,0.68,2,0.77,4
3.93,0,412,2,0.89,4,0.99,2
3.0,0,220,2,0.84,2,0.84,3
4.14,0,981,2,0.88,2,0.97,3
4.81,1,961,2,0.88,3,0.78,4
4.89,1,56,0,0.75,3,0.97,1
3.36,3,937,2,0.7,1,0.81,4
4.74,0,404,2,0.85,2,0.68,3
4.97,0,76,0,0.89,2,0.8,1
4.37,3,735,0,0.84,1,0.78,0
4.04,2,713,1,0.73,1,0.98,0
4.53,0,561,2,0.73,4,0.88,2
3.68,3,814,0,0.88,3,0.73,0
4.32,2,359,0,0.65,3,0.76,0
3.04,0,508,2,0.66,1,0.65,3
2.69,1,913,2,0.91,3,0.68,4
4.36,0,29,2,0.87,4,0.92,2
2.74,1,520,2,0.79,4,0.74,2
4.08,1,737,2,0.67,4,0.79,2
4.83,1,52,2,0.82,2,0.82,3
2.91,1,599,2,0.95,3,0.75,4
2.97,1,868,0,0.61,0,0.97,0
4.01,1,380,2,0.65,1,0.94,3
4.58,0,192,1,0.99,3,0.81,0
3.33,2,509,2,0.89,0,0.78,4
4.46,1,594,2,0.66,1,0.81,3
4.99,0,409,0,0.91,4,0.61,1
3.44,1,680,2,0.65,4,0.73,2
4.54,0,275,2,0.65,4,0.84,2
4.97,0,899,0,0.95,1,0.9,1
3.24,0,17,2,0.95,4,0.74,2
4.92,0,166,0,0.97,2,0.68,1
4.66,1,953,0,0.75,4,0.79,0
4.53,1,112,2,0.79,4,0.79,2
3.64,2,349,2,0.77,2,0.99,4
4.46,0,300,2,0.7,4,0.84,2
3.76,0,77,2,0.72,0,0.8,0
3.82,0,203,2,0.63,2,0.85,3
4.25,2,823,2,0.9,4,0.95,4
3.88,1,359,2,0.89,4,0.76,2
3.93,0,978,2,0.88,3,0.68,4
4.02,0,712,2,0.66,1,0.61,3
4.2,3,495,1,0.7,3,0.85,0
4.12,0,269,2,0.7,4,0.91,2
3.65,1,809,2,0.86,3,0.92,4
2.6,1,164,2,0.94,4,0.66,2
4.6,1,17,2,0.94,3,0.98,4
2.76,1,269,2,0.91,4,0.74,2
4.1,2,73,2,0.86,3,0.87,4
3.27,0,746,2,0.79,2,0.84,3
2.96,1,102,2,0.92,3,0.62,4
4.22,2,442,2,0.6,3,0.67,4
2.65,1,15,2,0.91,4,0.83,2
3.02,1,653,2,0.82,1,0.88,4
4.62,1,148,2,0.98,0,0.87,0
4.89,0,153,0,0.79,1,0.88,1
3.07,1,47,2,0.97,2,0.67,4
3.19,1,640,2,0.98,3,0.9,4
3.81,0,878,2,0.79,0,0.84,0
3.0,1,779,2,0.94,2,0.76,4
2.62,0,171,0,0.86,2,0.77,0
4.65,1,489,2,0.75,2,0.61,3
4.03,0,380,2,0.98,3,0.82,4
4.99,0,956,0,0.63,1,0.97,1
4.93,1,27,0,0.66,0,0.61,0
4.73,0,938,2,0.88,2,0.65,3
3.63,3,953,2,0.9,3,0.88,4
2.75,1,748,2,0.88,1,0.61,4
4.99,0,69,0,0.67,2,0.91,1
3.04,0,266,2,0.86,4,0.79,2
4.76,1,402,2,0.72,2,0.8,3
4.69,1,535,2,0.78,2,0.62,3
3.05,3,426,0,0.82,1,0.87,0
4.09,1,269,2,0.79,4,0.65,2
3.76,2,241,2,0.9,2,0.95,4
4.65,3,974,2,0.87,1,0.92,4
3.51,1,253,2,0.98,3,0.92,4
3.46,1,388,1,0.82,3,0.62,0
4.94,0,409,0,0.64,4,0.66,1
4.66,1,909,2,0.89,0,0.75,0
4.86,1,208,0,0.96,4,0.85,1
4.48,0,31,2,0.84,3,0.96,0
3.6,0,517,2,0.79,4,0.6,2
2.91,0,257,2,0.79,4,0.88,2
4.0,0,67,2,0.73,4,0.97,2
4.81,0,209,0,0.86,1,0.87,1
4.86,1,465,0,0.62,4,0.72,1
4.25,1,326,2,0.72,4,0.89,2
4.73,3,595,0,0.61,1,0.98,0
3.96,0,447,2,0.97,3,0.76,4
2.63,0,671,2,0.92,2,0.78,3
4.64,0,83,2,0.93,4,0.73,2
4.14,0,988,2,0.9,3,0.77,4
4.98,0,652,0,0.82,0,0.87,1
3.37,0,831,2,0.61,2,0.71,3
2.96,3,368,2,0.86,3,0.67,4
4.6,2,751,2,0.71,3,0.76,4
4.47,2,638,2,0.75,4,0.69,4
3.77,3,987,2,0.87,3,0.89,4
3.4,2,233,1,0.78,4,0.92,0
4.8,0,901,0,0.65,2,0.89,1
4.98,0,799,0,0.64,1,0.82,1
3.72,1,596,2,0.7,4,0.89,2
4.85,0,54,0,0.83,1,0.8,1
4.78,3,611,1,0.89,1,0.95,0
4.67,1,190,2,0.71,1,0.61,3
4.52,1,192,1,0.94,1,0.64,0
3.44,1,116,2,0.96,4,0.73,2
2.92,0,879,2,0.75,4,0.94,2
4.67,3,780,1,0.7,2,0.73,0
4.84,0,71,0,0.62,3,0.76,1
4.79,3,78,1,0.64,0,0.64,0
2.71,0,939,2,0.84,2,0.79,3
4.8,1,755,2,0.78,4,0.9,2
4.9,0,696,0,0.77,2,0.81,1
3.91,1,52,2,0.72,1,0.65,4
3.17,0,431,2,0.78,4,0.63,2
4.84,0,611,0,0.79,1,0.62,1
4.87,0,635,0,0.71,2,0.63,1
3.84,3,141,2,0.89,3,0.62,4
3.2,1,824,2,0.7,2,0.83,4
4.46,3,369,2,0.92,3,0.74,4
2.77,1,230,2,0.72,4,0.98,2
4.44,1,966,2,0.98,1,0.8,3
2.57,1,51,2,0.71,4,0.96,2
4.95,0,905,0,0.87,1,0.87,1
3.57,0,534,2,0.86,1,0.76,3
4.68,1,766,2,0.64,4,0.61,2
3.73,0,877,2,0.69,1,0.92,3
3.12,0,548,2,0.99,4,0.68,2
4.35,1,421,2,0.77,4,0.72,2
4.1,1,236,2,0.86,1,0.83,3
4.39,0,169,1,0.64,3,0.78,0
4.34,1,499,2,0.79,2,0.87,3
2.77,0,409,2,0.68,1,0.89,3
4.55,1,169,2,0.86,4,0.86,2
4.12,1,252,1,0.71,2,0.96,0
4.81,0,240,0,0.88,1,0.96,1
3.17,3,630,1,0.83,4,0.69,0
3.97,0,862,2,0.95,3,0.83,4
4.96,0,749,0,0.86,2,0.76,1
5.0,0,184,0,0.95,1,0.71,1
4.34,1,575,2,0.71,4,0.74,2
2.88,1,720,2,0.82,4,0.7,2
4.72,1,509,2,0.83,1,0.89,3
3.24,3,208,2,0.96,3,0.63,4
4.92,0,560,0,0.8,2,0.74,1
4.42,0,776,2,0.96,1,0.81,3
4.68,1,510,2,0.88,1,0.92,3
4.3,1,571,2,0.83,1,0.82,3
4.71,1,295,2,0.92,3,0.71,4
4.92,0,298,0,0.68,1,0.87,1
4.77,3,681,1,0.66,4,0.64,0
3.69,0,917,2,0.98,1,0.62,3
4.88,0,947,0,0.71,1,0.79,1
3.65,2,545,0,0.75,3,0.85,0
2.77,1,966,2,0.77,2,0.85,4
3.95,0,412,2,0.91,2,0.65,3
3.39,1,735,2,0.63,2,0.92,4
3.35,3,164,2,0.73,3,0.78,4
4.27,3,477,2,0.9,3,0.84,4
2.61,1,464,2,0.7,4,0.73,2
3.28,1,206,2,0.86,1,0.9,4
4.88,0,128,0,0.87,2,0.67,1
2.85,0,955,2,0.97,1,0.85,3
3.33,1,106,2,0.98,4,0.64,2
2.68,2,360,2,0.95,3,0.7,4
4.84,0,384,0,0.93,2,0.8,1
4.53,0,915,2,0.66,4,0.69,2
4.66,2,149,2,0.98,2,0.91,4
4.99,1,70,0,0.82,1,0.75,1
3.98,0,986,2,0.66,1,0.73,3
4.13,2,437,1,0.67,1,0.61,0
4.08,2,145,2,0.66,3,0.9,4
4.47,0,14,2,0.96,2,0.67,3
4.39,0,645,2,0.99,3,0.62,4
4.13,0,940,2,0.98,4,0.67,2
4.47,0,818,2,0.84,4,0.79,2
3.28,0,28,2,0.97,4,0.95,2
2.59,1,547,2,0.76,1,0.81,4
2.77,0,243,2,0.64,4,0.79,2
3.29,0,722,2,0.88,2,0.62,3
4.83,0,30,0,0.8,3,0.85,0
4.88,0,535,0,0.91,2,0.69,1
2.52,0,667,2,0.72,4,0.97,2
4.98,0,76,0,0.86,1,0.78,1
4.74,2,635,1,0.96,4,0.81,0
4.89,0,408,0,0.8,4,0.76,1
4.85,0,310,0,0.74,2,0.62,1
4.06,1,676,2,0.97,2,0.95,3
4.06,1,365,2,0.87,1,0.73,3
2.78,2,929,2,0.87,3,0.64,4
4.64,0,261,2,0.84,2,0.75,3
4.92,0,785,0,0.99,2,0.96,1
4.9,1,522,2,0.96,3,0.65,4
3.14,1,500,2,0.78,4,0.9,2
4.26,1,635,2,0.68,1,0.68,3
4.26,1,663,2,0.94,2,0.89,3
4.8,0,700,2,0.9,4,0.7,2
4.88,0,673,0,0.74,0,0.6,1
2.74,0,802,2,0.7,1,0.8,3
2.59,1,473,2,0.96,3,0.7,4
2.84,1,764,2,0.64,1,0.8,4
2.62,3,877,1,0.65,2,0.62,0
4.33,0,138,2,0.74,4,0.83,2
4.48,0,858,2,0.82,4,0.99,2
2.6,1,770,2,0.83,4,0.61,2
4.07,1,486,2,0.92,4,0.93,2
4.73,0,579,2,0.81,4,0.81,2
2.8,3,248,2,0.91,3,0.67,4
3.99,0,270,2,0.88,4,0.79,2
3.5,0,742,0,0.66,2,0.95,0
4.26,1,28,2,0.89,2,0.67,3
4.34,0,294,2,0.86,4,0.78,2
2.63,1,143,2,0.8,4,0.82,2
3.55,1,854,2,0.8,3,0.88,0
4.86,0,233,0,0.89,0,0.99,1
3.28,1,716,2,0.67,4,0.65,2
4.73,1,347,2,0.79,4,0.83,2
2.82,3,372,1,0.77,3,0.94,0
3.81,1,264,2,0.86,4,0.97,2
4.29,1,46,2,0.73,4,0.94,2
4.83,1,651,0,0.89,0,0.64,1
4.93,1,38,0,0.67,0,0.95,0
4.92,0,171,0,0.7,0,0.91,1
3.73,0,551,1,0.8,1,0.76,0
4.13,1,932,2,0.83,4,0.67,2
4.24,1,843,2,0.73,2,0.61,3
4.29,0,657,2,0.84,4,0.95,2
4.33,1,461,2,0.76,2,0.65,3
3.56,0,540,2,0.83,3,0.94,0
4.36,0,75,2,0.69,1,0.66,3
4.91,0,487,0,0.87,4,0.7,1
4.95,3,28,0,0.66,2,0.84,0
3.62,1,518,2,0.61,3,0.87,0
2.98,0,932,2,0.75,4,0.84,2
4.05,1,146,2,0.67,4,0.97,2
4.99,0,715,0,0.8,0,0.61,1
3.05,1,499,2,0.79,3,0.75,0
4.56,1,722,2,0.87,1,0.83,3
4.92,1,497,0,0.7,1,0.65,1
2.51,1,554,2,0.61,1,0.81,4
2.57,1,186,2,0.82,1,0.87,4
4.62,1,735,2,0.96,1,0.95,3
4.85,0,209,0,0.94,0,0.73,1
2.61,0,229,2,0.65,4,0.67,2
2.7,2,887,2,0.88,3,0.97,4
4.98,0,105,0,0.78,1,0.92,1
3.63,1,358,2,0.7,4,0.95,2
3.0,0,546,2,0.64,3,0.67,0
4.09,1,456,1,0.93,4,0.67,0
4.95,1,105,0,0.68,2,0.69,1
4.62,0,867,2,0.81,4,0.73,2
4.87,0,794,0,0.94,4,0.67,1
4.95,0,26,0,0.64,0,0.62,0
4.84,0,857,0,0.97,4,0.91,1
4.81,1,162,0,0.91,2,0.8,1
3.8,3,906,0,0.66,4,0.98,0
3.88,1,149,2,0.81,4,0.97,2
4.12,1,85,2,0.91,2,0.96,3
4.31,3,994,2,0.76,2,0.9,4
4.92,3,18,0,0.96,0,0.95,0
2.81,2,225,2,0.94,2,0.98,4
3.54,0,858,2,0.78,2,0.91,3
4.09,1,498,2,0.9,1,0.93,3
4.87,1,36,0,0.66,1,0.84,0
3.99,0,128,2,0.94,3,0.6,4
4.92,0,347,0,0.72,4,0.66,1
4.65,1,196,2,0.76,4,0.68,2
2.83,0,693,2,0.72,4,0.79,2
3.35,0,620,1,0.64,0,0.81,0
3.07,1,749,2,0.7,4,0.7,2
2.59,0,515,2,0.97,4,0.69,2
3.15,0,405,0,0.66,4,0.9,0
3.39,0,387,2,0.63,2,0.69,3
4.67,0,713,2,0.63,4,0.92,2
4.93,0,157,0,0.97,0,0.61,1
4.98,0,338,0,0.85,3,0.95,1
2.71,0,165,2,0.96,2,0.68,3
3.93,3,93,2,0.87,3,0.88,4
2.54,2,912,2,0.82,3,0.68,4
4.43,0,320,2,0.7,4,0.89,2
3.92,2,417,2,0.87,4,0.83,4
4.84,1,487,0,0.87,0,0.7,1
2.7,2,401,2,0.9,3,0.86,4
4.9,0,819,0,0.92,1,0.95,1
3.19,1,386,1,0.89,3,0.91,0
4.86,0,498,0,0.71,0,0.8,1
2.74,0,99,2,0.9,3,0.9,4
3.16,1,891,2,0.86,1,0.97,4
4.35,1,802,2,0.95,1,0.62,3
3.0,1,301,2,0.89,4,0.84,2
3.71,3,81,2,0.92,3,0.63,4
4.54,0,535,2,0.66,4,0.86,2
3.07,3,135,2,0.98,2,0.92,4
4.89,0,600,0,0.61,1,0.78,1
3.55,3,890,1,0.68,0,0.65,0
3.56,2,926,1,0.62,0,0.6,0
4.34,1,44,2,0.84,4,0.94,2
3.76,0,299,2,0.78,3,0.93,0
4.97,0,292,0,0.7,0,0.63,1
3.26,3,292,2,0.89,3,0.6,4
3.87,2,786,2,0.87,4,0.89,4
4.76,2,928,1,0.84,2,0.97,0
3.34,1,804,0,0.77,3,0.82,0
3.23,0,570,2,0.95,4,0.9,2
4.0,1,441,2,0.94,1,0.82,3
3.01,1,94,2,0.98,3,0.7,4
4.95,1,779,0,0.79,4,0.97,1
4.94,0,877,0,0.96,2,0.86,1
4.96,0,485,0,0.93,0,0.72,1
2.68,3,242,2,0.97,3,0.96,4
3.1,2,174,2,0.93,3,0.64,4
4.84,0,881,0,0.61,0,0.73,1
4.9,3,42,0,0.79,2,0.95,0
4.91,0,612,0,0.83,0,0.96,1
4.71,0,596,2,0.94,3,0.87,4
3.83,0,334,1,0.81,3,0.87,0
2.53,1,875,2,0.63,2,0.61,4
4.43,1,664,2,0.84,3,0.64,0
4.0,1,22,0,0.98,2,0.8,0
2.71,1,395,2,0.61,4,0.79,2
3.48,1,337,2,0.85,4,0.61,2
3.04,3,819,2,0.88,3,0.87,4
4.38,3,686,2,0.95,3,0.73,4
4.46,2,130,0,0.99,3,0.99,0
2.72,0,596,2,0.91,1,0.88,3
4.9,0,327,0,0.91,4,0.86,1
3.56,3,135,2,0.85,3,0.73,4
4.85,0,71,0,0.75,3,0.87,1
2.87,1,763,2,0.69,1,0.96,4
4.91,0,599,0,0.71,2,0.94,1
3.4,1,75,1,0.87,0,0.97,0
3.29,3,515,1,0.93,0,0.93,0
3.93,0,409,0,0.6,2,0.77,0
4.49,2,124,2,0.98,0,0.66,4
2.63,0,28,2,0.77,1,0.83,3
4.93,0,396,0,0.94,4,0.86,1
4.2,1,674,2,0.91,4,0.68,2
3.4,3,456,1,0.82,0,0.98,0
2.77,0,292,2,0.64,4,0.95,2
4.86,0,899,0,0.76,1,0.61,1
3.64,1,850,2,0.91,0,0.69,0
3.92,1,170,2,0.66,4,0.66,2
3.03,0,952,2,0.96,4,0.92,2
2.78,0,889,2,0.93,4,0.76,2
3.61,2,241,1,0.93,4,0.62,0
4.89,0,833,0,0.72,0,0.75,1
3.69,0,624,2,0.75,1,0.91,3
4.21,1,894,2,0.72,2,0.74,3
4.93,0,578,0,0.85,3,0.72,1
4.2,1,887,2,0.61,1,0.74,3
2.67,0,931,2,0.73,4,0.77,2
4.88,0,516,1,0.69,1,0.7,0
4.09,1,12,2,0.94,3,0.78,4
3.7,0,173,2,0.77,3,0.62,0
3.73,0,173,2,0.91,1,0.8,3
3.69,0,58,2,0.72,1,0.74,3
2.9,1,148,2,0.75,4,0.9,2
4.13,2,646,2,0.91,3,0.72,4
4.78,0,865,2,0.84,4,0.94,2
3.47,1,33,2,0.92,1,0.78,4
4.17,1,650,2,0.9,2,0.69,3
4.68,0,70,2,0.64,4,0.77,2
2.82,1,662,1,0.92,0,0.83,0
4.91,2,50,0,0.94,2,0.66,0
2.58,1,819,2,0.9,4,0.68,2
3.97,0,730,2,0.68,4,0.66,2
4.09,0,156,2,0.93,0,0.86,0
4.78,1,832,2,0.9,1,0.75,3
3.92,0,657,2,0.76,2,0.96,3
4.98,0,972,0,0.82,0,0.6,1
3.61,3,30,0,0.83,1,0.71,0
2.65,1,620,2,0.7,4,0.87,2
3.22,1,66,2,0.89,2,0.81,4
3.99,0,193,2,0.78,1,0.92,3
2.63,0,434,2,0.73,2,0.61,3
3.92,0,870,2,0.7,3,0.8,0
4.81,0,494,0,0.93,3,0.96,1
4.26,1,688,0,0.9,2,0.62,0
3.26,3,69,2,0.68,0,0.63,4
3.74,0,102,1,0.68,1,0.95,0
4.01,1,908,2,0.76,3,0.81,0
3.11,3,45,2,0.69,0,0.93,4
4.6,0,697,2,0.76,3,0.74,0
4.07,0,50,2,0.83,2,0.7,3
4.12,0,73,2,0.96,0,0.77,0
4.46,0,545,2,0.96,4,0.66,2
2.72,2,936,2,0.79,4,0.62,4
4.96,0,307,0,0.88,4,0.91,1
4.42,1,378,2,0.94,2,0.97,3
3.13,1,937,2,0.86,2,0.81,4
4.83,1,207,2,0.78,1,0.62,3
3.72,1,941,2,0.79,2,0.75,4
4.8,0,761,0,0.85,1,0.67,1
3.66,1,890,2,0.76,4,0.82,2
4.76,0,281,2,0.62,1,0.72,3
3.44,1,215,2,0.92,2,0.96,4
4.85,1,880,2,0.75,1,0.63,3
4.74,3,684,2,0.91,3,0.96,4
4.93,0,831,0,0.96,0,0.84,1
3.69,0,392,2,0.87,1,0.89,3
4.31,3,550,2,0.85,1,0.78,4
4.87,0,920,0,0.91,3,0.83,1
4.82,0,913,0,0.67,4,0.63,1
3.73,3,328,1,0.89,1,0.61,0
4.3,1,529,2,0.64,4,0.98,2
4.85,0,883,0,0.66,4,0.81,1
3.07,1,130,2,0.8,4,0.68,2
3.12,0,842,2,0.94,0,0.73,0
3.33,1,499,2,0.79,2,0.7,4
4.04,0,866,2,0.73,2,0.68,3
4.83,0,197,0,0.69,3,0.76,1
4.95,0,97,0,0.74,2,0.82,1
4.83,1,824,0,0.69,4,0.96,1
2.91,0,660,2,0.62,2,0.7,3
3.34,1,390,2,0.8,4,0.73,2
3.16,2,703,2,0.96,3,0.92,4
3.28,2,380,2,0.94,3,0.64,4
4.81,1,143,2,0.86,2,0.88,3
3.87,0,672,2,0.75,2,0.79,3
4.8,0,997,2,0.72,2,0.74,3
3.11,1,597,2,0.93,2,0.99,4
4.44,2,272,2,0.91,3,0.86,4
4.15,0,290,2,0.82,4,0.91,2
2.94,0,241,2,0.78,4,0.69,2
4.84,0,122,0,0.66,2,0.7,1
4.31,1,402,2,0.94,2,0.89,3
4.97,1,898,0,0.6,2,0.97,1
2.91,1,39,2,0.8,4,0.81,2
4.82,0,452,2,0.97,3,0.96,4
4.96,0,717,0,0.67,2,0.73,1
4.02,0,498,2,0.81,1,0.93,3
3.14,1,156,2,0.86,4,0.86,2
4.71,1,851,2,0.69,2,0.78,3
2.51,1,989,2,0.63,4,0.63,2
3.0,1,947,2,0.69,4,0.78,2
4.56,1,952,2,0.71,4,0.95,2
4.83,0,501,0,0.96,3,0.95,1
4.74,1,355,2,0.73,4,0.86,2
2.69,3,686,1,0.67,3,0.95,0
4.95,0,947,0,0.66,1,0.75,1
3.34,1,122,2,0.8,0,0.79,0
2.85,0,740,2,0.82,4,0.69,2
4.03,2,227,2,0.83,0,0.93,4
3.63,1,891,2,0.68,2,0.95,4
4.56,3,694,2,0.96,3,0.64,4
4.56,1,133,2,0.82,4,0.86,2
3.81,0,818,2,0.75,4,0.84,2
3.12,1,20,2,0.73,1,0.73,4
3.87,0,176,2,0.82,3,0.67,0
3.12,1,105,2,0.68,4,0.63,2
4.99,0,781,0,0.98,2,0.9,1
4.66,0,421,2,0.88,4,0.87,2
2.82,2,589,2,0.64,4,0.82,4
4.96,1,164,0,0.82,4,0.92,1
4.3,1,491,2,0.94,1,0.93,3
2.84,0,551,2,0.69,4,0.93,2
4.86,0,278,0,0.93,2,0.85,1
4.03,1,651,2,0.93,1,0.84,3
4.54,1,247,2,0.82,1,0.78,3
4.86,0,472,0,0.89,3,0.61,1
3.56,1,123,2,0.94,3,0.83,4
4.9,1,723,0,0.67,3,0.65,1
3.06,1,14,2,0.73,3,0.62,0
3.8,1,507,2,0.89,4,0.72,2
4.88,0,899,0,0.89,4,0.87,1
3.97,1,326,2,0.71,1,0.67,4
4.65,3,838,2,0.67,0,0.8,4
4.81,0,56,0,0.73,1,0.84,1
4.47,1,815,2,0.92,2,0.89,3
4.8,0,270,0,0.96,2,0.89,1
4.95,1,777,2,0.61,1,0.74,3
3.39,0,482,2,0.83,4,0.84,2
3.31,1,437,2,0.78,2,0.91,4
2.83,1,233,0,0.89,0,0.74,0
4.79,3,251,2,0.87,3,0.66,4
4.99,0,522,0,0.88,1,0.85,1
2.84,0,427,2,0.85,2,0.99,3
3.28,0,133,2,0.72,0,0.91,0
2.59,0,608,2,0.93,4,0.7,2
3.84,1,925,0,0.75,2,0.78,0
4.95,0,826,0,0.88,0,0.71,1
4.82,0,358,0,0.93,3,0.75,1
3.05,1,992,2,0.92,3,0.91,4
3.49,1,712,0,0.68,0,0.75,0
2.58,0,256,2,0.96,2,0.88,3
4.84,0,28,0,0.92,3,0.86,0
4.62,3,317,0,0.79,1,0.92,0
3.97,1,875,2,0.94,4,0.97,2
2.8,2,521,2,0.75,4,0.61,4
4.85,0,124,0,0.75,2,0.67,1
3.34,1,204,2,0.73,4,0.63,2
3.88,1,729,2,0.86,0,0.94,0
4.89,0,105,0,0.94,1,0.69,1
2.88,0,361,2,0.81,4,0.97,2
4.36,1,525,2,0.96,2,0.81,3
4.94,3,13,0,0.75,2,0.98,0
4.96,0,428,0,0.73,1,0.71,1
4.95,0,451,0,0.98,0,0.63,1
2.9,1,600,2,0.64,4,0.66,2
4.86,1,79,0,0.83,4,0.79,1
4.6,1,446,2,0.65,4,0.86,2
4.08,0,892,2,0.97,4,0.7,2
4.14,0,820,2,0.98,4,0.96,2
2.93,0,329,2,0.68,4,0.69,2
4.81,0,952,0,0.89,1,0.61,1
4.12,1,752,2,0.69,2,0.93,3
2.61,0,112,2,0.97,2,0.83,3
3.66,2,611,0,0.96,3,0.65,0
4.95,0,254,0,0.68,4,0.99,1
3.34,2,989,1,0.84,0,0.79,0
4.99,0,57,0,0.78,2,0.7,1
4.2,0,12,0,0.93,0,0.7,0
3.73,1,673,1,0.71,2,0.66,0
3.93,1,352,2,0.72,2,0.72,4
4.27,1,318,2,0.65,1,0.65,3
3.72,1,247,2,0.64,4,0.61,2
3.48,1,910,2,0.67,4,0.75,2
3.64,0,38,2,0.84,4,0.74,2
4.16,1,12,2,0.76,2,0.62,3
4.12,3,370,1,0.7,4,0.63,0
4.89,2,21,0,0.8,0,0.84,0
4.07,0,125,2,0.96,1,0.82,3
2.84,3,412,2,0.9,3,0.69,4
4.98,0,488,0,0.87,2,0.89,1
4.39,1,138,0,0.9,3,0.86,0
3.59,1,576,1,0.83,4,0.77,0
3.87,1,629,2,0.65,4,0.95,2
4.36,0,697,2,0.96,2,0.76,3
4.84,0,432,2,0.63,1,0.79,3
3.33,2,118,0,0.8,4,0.75,0
5.0,0,202,0,0.92,3,0.86,1
4.88,0,686,0,0.85,4,0.89,1
2.64,0,768,0,0.87,4,0.66,0
4.89,0,80,0,0.82,2,0.9,1
3.18,1,221,2,0.88,4,0.85,2
4.85,1,94,2,0.88,3,0.81,4
3.23,3,99,1,0.95,1,0.85,0
4.1,3,936,0,0.82,4,0.88,0
2.99,3,909,1,0.88,0,0.66,0
4.88,0,186,0,0.6,3,0.73,1
4.58,1,296,2,0.94,4,0.78,2
2.7,3,846,2,0.91,3,0.62,4
3.42,1,136,2,0.83,2,0.66,4
4.07,1,923,2,0.97,4,0.77,2
4.0,3,631,0,0.66,0,0.73,0
4.35,3,485,1,0.64,0,0.72,0
4.85,1,963,0,0.77,4,0.65,1
4.9,1,117,2,0.64,2,0.72,3
2.94,1,33,2,0.68,1,0.7,4
3.15,0,732,2,0.85,4,0.98,2
4.75,0,60,2,0.9,4,0.84,2
4.85,0,898,2,0.9,3,0.69,4
4.47,3,634,0,0.66,1,0.91,0
4.8,0,817,0,0.6,2,0.68,1
3.47,2,83,2,0.87,3,0.89,4
3.99,0,853,2,0.69,3,0.88,0
4.98,0,15,0,0.85,2,0.92,0
4.97,0,831,0,0.8,0,0.96,1
4.81,0,880,0,0.77,2,0.87,1
4.73,1,897,2,0.79,1,0.74,3
4.94,0,317,0,0.76,4,0.91,1
3.41,2,241,1,0.96,3,0.87,0
2.95,2,322,1,0.99,2,0.71,0
3.83,0,362,2,0.63,2,0.77,3
4.28,2,346,1,0.88,3,0.86,0
2.81,1,770,2,0.91,4,0.7,2
4.9,1,17,0,0.64,2,0.74,0
4.94,1,522,2,0.79,1,0.86,3
3.5,1,753,2,0.69,2,0.62,4
4.61,0,220,0,0.96,0,0.95,0
3.77,0,387,2,0.71,2,0.93,3
3.78,3,51,1,0.77,4,0.7,0
4.85,0,629,0,0.95,1,0.94,1
3.62,0,958,2,0.67,2,0.77,3
4.85,0,162,0,0.67,4,0.61,1
3.8,0,820,2,0.96,4,0.67,2
4.5,0,408,2,0.79,1,0.63,3
4.56,2,619,1,0.81,4,0.88,0
3.42,1,741,1,0.61,4,0.68,0
4.91,0,312,0,0.74,4,0.63,1
3.73,1,196,0,0.93,1,0.66,0
3.87,1,651,2,0.76,4,0.74,2
3.42,3,695,2,0.72,2,0.95,4
4.23,0,216,2,0.61,4,0.98,2
4.0,2,206,2,0.88,4,0.88,4
4.81,1,519,0,0.66,4,0.86,1
4.88,0,211,0,0.88,4,0.87,1
2.69,2,768,2,0.92,3,0.94,4
3.36,2,509,2,0.79,4,0.84,4
2.93,2,734,2,0.92,3,0.87,4
3.86,0,21,2,0.87,2,0.86,3
4.81,0,412,0,0.66,3,0.75,1
3.67,1,35,2,0.81,4,0.67,2
4.99,0,960,0,0.88,4,0.71,1
4.96,0,588,0,0.95,0,0.96,1
4.61,1,762,2,0.69,1,0.63,3
4.91,0,492,0,0.97,0,0.87,1
4.05,2,295,2,0.76,2,0.74,4
4.26,1,276,2,0.84,4,0.74,2
4.81,0,270,0,0.99,0,0.83,1
2.75,0,593,2,0.75,1,0.73,3
4.81,0,356,0,0.88,0,0.96,1
4.84,0,673,2,0.99,4,0.68,2
2.61,0,88,0,0.8,4,0.77,0
4.08,1,919,2,0.82,1,0.82,3
3.44,0,257,2,0.73,1,0.9,3
3.29,3,643,2,0.83,1,0.86,4
2.57,3,479,2,0.96,0,0.73,4
4.35,0,134,2,0.82,4,0.8,2
3.41,0,594,2,0.9,4,0.94,2
4.04,0,858,2,0.83,1,0.97,3
2.77,3,95,0,0.68,4,0.83,0
4.13,0,811,2,0.68,1,0.75,3
2.51,1,564,2,0.69,4,0.87,2
3.99,0,265,0,0.61,1,0.79,0
2.51,1,344,2,0.87,2,0.94,4
3.06,1,948,2,0.71,0,0.99,0
3.04,1,280,2,0.82,4,0.96,2
4.44,0,65,2,0.74,1,0.75,3
4.92,0,142,0,0.65,3,0.76,1
2.57,0,958,2,0.91,4,0.72,2
2.71,0,469,2,0.94,4,0.93,2
2.53,1,264,2,0.81,4,0.9,2
4.8,1,635,0,0.77,0,0.87,1
3.6,1,912,2,0.78,1,0.87,4
4.9,0,542,0,0.7,2,0.8,1
4.99,0,348,0,0.94,0,0.67,1
2.7,0,500,2,0.86,4,0.99,2
4.33,0,646,2,0.83,4,0.91,2
4.93,0,446,2,0.9,1,0.73,3
4.1,3,119,0,0.76,3,0.66,0
3.46,0,375,1,0.91,2,0.69,0
2.63,1,688,2,0.78,2,0.78,4
3.2,1,380,2,0.61,2,0.73,4
2.7,3,611,2,0.71,1,0.9,4
4.82,1,287,0,0.76,0,0.68,1
4.05,1,457,2,0.73,4,0.99,2
4.2,0,198,2,0.86,1,0.79,3
3.65,2,771,2,0.94,0,0.62,4
4.49,1,62,2,0.95,1,0.87,3
3.83,0,495,2,0.69,3,0.77,0
4.01,3,824,1,0.78,2,0.71,0
4.99,0,603,0,0.73,4,0.75,1
4.68,1,858,2,0.72,0,0.96,0
4.8,0,518,2,0.9,4,0.97,2
3.46,0,747,2,0.97,2,0.79,3
3.96,3,966,0,0.86,0,0.6,0
4.9,3,36,0,0.98,2,0.75,0
4.86,0,511,0,0.96,0,0.76,1
4.81,0,717,0,0.72,1,0.82,1
5.0,0,965,0,0.91,0,0.78,1
4.18,2,731,2,0.62,0,0.68,4
3.06,0,657,2,0.73,1,0.63,3
4.9,1,443,2,0.9,1,0.93,3
3.17,1,662,2,0.74,2,0.95,4
4.72,1,774,2,0.8,2,0.97,3
3.49,1,762,2,0.98,3,0.63,4
4.04,0,114,1,0.86,4,0.62,0
2.52,0,277,2,0.91,3,0.88,4
4.82,0,95,0,0.79,2,0.95,1
4.84,0,815,0,0.7,2,0.9,1
4.59,1,279,2,0.64,2,0.64,3
3.03,2,290,2,0.71,3,0.86,4
4.99,1,264,0,0.74,4,0.72,1
4.83,0,715,2,0.75,4,0.97,2
4.84,2,38,0,0.96,3,0.62,0
4.92,0,103,0,0.88,2,0.64,1
4.88,1,467,0,0.7,1,0.6,1
4.74,0,720,2,0.65,4,0.88,2
3.37,2,484,2,0.81,4,0.82,4
4.47,3,813,1,0.98,4,0.91,0
3.39,3,800,2,0.64,1,0.63,4
4.66,1,99,1,0.88,4,0.97,0
4.9,0,730,0,0.68,1,0.68,1
4.03,1,56,0,0.75,4,0.62,0
4.38,1,495,2,0.75,4,0.72,2
4.51,1,829,2,0.97,2,0.71,3
3.19,0,327,2,0.71,3,0.88,0
4.77,1,984,2,0.78,1,0.65,3
4.65,0,90,2,0.8,4,0.83,2
4.92,1,19,0,0.77,2,0.9,0
4.27,1,622,2,0.96,2,0.6,3
2.98,3,379,2,0.79,0,0.64,4
2.98,0,971,2,0.96,1,0.88,3
3.25,1,216,2,0.93,1,0.76,4
3.45,3,958,2,0.67,2,0.69,4
3.78,2,668,0,0.92,4,0.64,0
4.26,1,464,2,0.71,2,0.62,3
4.28,1,192,2,0.92,2,0.82,3
3.46,3,645,2,0.92,0,0.78,4
3.36,0,857,0,0.62,1,0.89,0
3.55,0,800,1,0.95,3,0.86,0
2.74,0,118,2,0.72,1,0.64,3
3.85,3,572,2,0.89,3,0.61,4
3.33,0,369,2,0.86,4,0.91,2
4.85,1,916,2,0.88,1,0.82,3
4.99,0,955,0,0.8,4,0.91,1
4.58,1,612,2,0.97,2,0.75,3
4.85,0,339,0,0.81,0,0.73,1
4.07,1,528,2,0.68,4,0.72,2
4.83,0,480,0,0.9,1,0.74,1
4.34,0,739,2,0.96,1,0.86,3
4.71,1,42,2,0.84,1,0.89,3
4.8,0,149,2,0.7,4,0.92,2
4.92,0,468,0,0.66,1,0.88,1
4.83,0,212,0,0.61,4,0.81,1
4.95,1,175,0,0.93,4,0.66,1
2.76,1,554,2,0.89,4,0.68,2
4.82,3,18,0,0.86,4,0.83,0
3.79,0,167,2,0.82,1,0.84,3
4.9,2,34,0,0.83,4,0.64,0
4.09,1,707,2,0.74,3,0.78,0
4.82,0,757,0,0.8,4,0.78,1
4.89,0,252,0,0.8,3,0.82,1
4.96,0,812,0,0.61,3,0.94,1
4.71,1,229,2,0.8,0,0.76,0
3.4,0,504,2,0.91,2,0.87,3
4.92,0,728,0,0.8,0,0.98,1
4.57,1,24,2,0.78,2,0.96,3
4.01,1,460,2,0.71,1,0.72,3
3.52,0,885,2,0.94,0,0.65,0
3.82,0,617,0,0.66,1,0.96,0
4.96,0,455,0,0.81,3,0.95,1
2.97,2,368,0,0.71,2,0.82,0
4.89,0,710,0,0.72,1,0.83,1
4.38,1,188,2,0.84,1,0.99,3
4.22,3,96,1,0.91,4,0.72,0
3.96,3,491,2,0.81,2,0.76,4
3.94,0,899,2,0.77,4,0.77,2
3.76,2,681,2,0.97,2,0.61,4
4.56,0,220,2,0.65,4,0.92,2
4.88,0,287,0,0.86,4,0.94,1
4.45,2,738,2,0.91,3,0.83,4
4.8,0,818,0,0.89,1,0.86,1
4.97,1,22,0,0.99,4,0.96,0
4.64,1,314,2,0.81,4,0.88,2
4.89,0,128,0,0.76,4,0.87,1
4.82,0,532,0,0.92,3,0.77,1
3.43,3,959,2,0.9,0,0.7,4
4.19,1,902,2,0.71,1,0.63,3
3.2,1,917,2,0.75,4,0.79,2
2.82,1,125,2,0.7,3,0.66,0
4.61,0,951,0,0.95,4,0.66,0
4.17,1,423,2,0.73,4,0.83,2
3.91,0,256,2,0.74,4,0.91,2
4.86,0,811,0,0.66,1,0.61,1
2.69,0,239,2,0.96,3,0.87,4
3.44,1,361,2,0.86,2,0.85,4
4.28,1,836,2,0.89,2,0.88,3
3.97,2,163,2,0.67,1,0.64,4
4.86,0,62,0,0.66,2,0.64,1
4.86,3,39,0,0.84,2,0.73,0
4.11,1,34,2,0.96,4,0.8,2
2.69,0,644,2,0.95,4,0.78,2
4.9,0,51,0,0.73,1,0.62,1
2.79,1,478,2,0.95,4,0.73,2
2.75,1,518,2,0.84,4,0.93,2
3.28,2,435,2,0.97,1,0.97,4
2.73,2,719,2,0.73,4,0.9,4
3.04,0,113,2,0.83,1,0.87,3
2.68,0,390,2,0.92,4,0.93,2
3.55,0,610,2,0.92,4,0.97,2
5.0,0,130,0,0.6,2,0.89,1
2.95,2,725,2,0.65,4,0.96,4
4.94,0,460,0,0.9,3,0.6,1
4.81,0,919,0,0.71,3,0.8,1
4.97,2,50,0,0.93,1,0.97,0
4.35,3,458,2,0.93,3,0.77,4
4.9,0,696,0,0.88,3,0.74,1
4.98,0,294,0,0.63,2,0.68,1
4.99,2,13,0,0.83,0,0.84,0
4.84,0,992,2,0.81,4,0.81,2
3.24,1,595,2,0.84,0,0.61,0
2.74,0,32,2,0.95,4,0.7,2
2.61,2,906,2,0.99,2,0.63,4
4.89,0,586,0,0.79,0,0.66,1
4.11,1,137,2,0.83,1,0.89,3
4.47,1,478,2,0.91,2,0.69,3
3.3,0,112,2,0.8,3,0.94,0
4.26,0,259,2,0.7,4,0.75,2
4.17,0,97,0,0.89,1,0.97,0
4.06,1,156,2,0.92,4,0.62,2
2.87,1,643,2,0.97,4,0.98,2
3.35,1,537,2,0.76,0,0.92,0
2.83,1,751,2,0.82,1,0.79,4
3.88,1,97,2,0.82,3,0.63,0
3.22,1,74,1,0.67,2,0.76,0
3.47,3,338,2,0.63,0,0.83,4
3.44,3,975,2,0.65,1,0.97,4
4.79,1,195,2,0.97,4,0.86,2
3.44,1,394,2,0.88,3,0.69,4
3.88,2,374,2,0.66,4,0.68,4
3.66,0,524,2,0.9,3,0.81,4
4.55,1,1000,2,0.68,2,0.77,3
3.83,3,323,2,0.67,0,0.67,4
4.69,1,906,2,0.85,4,0.8,2
4.62,0,886,2,0.91,1,0.94,3
4.78,1,38,2,0.89,1,0.77,3
4.96,0,554,0,0.88,3,0.96,1
2.73,0,458,2,0.82,2,0.86,3
3.79,1,361,2,0.94,4,0.91,2
4.51,0,332,2,0.89,2,0.95,3
3.31,0,157,2,0.72,0,0.61,0
3.7,2,705,2,0.92,3,0.66,4
3.61,3,985,1,0.64,3,0.93,0
3.51,0,174,2,0.74,4,0.82,2
4.1,2,103,2,0.91,3,0.66,4
3.22,2,455,2,0.97,3,0.92,4
4.33,1,222,2,0.86,1,0.74,3
4.1,0,824,2,0.98,1,0.8,3
4.57,0,544,2,0.7,4,0.96,2
4.94,0,630,0,0.9,2,0.73,1
3.57,2,354,1,0.85,0,0.67,0
4.81,1,661,2,0.72,4,0.74,2
4.6,1,419,1,0.74,3,0.91,0
2.66,3,796,1,0.66,3,0.96,0
4.73,1,776,2,0.76,1,0.81,3
4.81,1,592,0,0.93,0,0.74,1
4.81,0,670,0,0.61,1,0.99,1
4.25,1,703,2,0.78,1,0.72,3
2.73,1,519,2,0.72,4,0.64,2
2.55,0,270,0,0.89,4,0.63,0
3.35,1,392,2,0.86,2,0.76,4
3.98,0,747,2,0.83,3,0.8,0
4.18,1,432,2,0.95,1,0.62,3
3.34,0,990,2,0.89,4,0.78,2
4.84,0,279,0,0.86,0,0.62,1
4.1,0,72,1,0.76,2,0.91,0
4.7,0,945,2,0.92,4,0.82,2
3.77,1,280,2,0.64,1,0.72,4
4.96,0,614,0,0.85,1,0.72,1
2.61,1,946,2,0.95,1,0.89,4
4.52,0,208,2,0.72,4,0.9,2
3.75,0,617,2,0.67,4,0.99,2
4.61,0,415,2,0.77,2,0.77,3
5.0,0,114,0,0.99,1,0.64,1
2.71,1,463,2,0.7,4,0.88,2
4.8,0,239,0,0.88,2,0.77,1
4.67,1,971,2,0.96,2,0.92,3
4.89,3,42,0,0.78,0,0.82,0
4.84,0,245,0,0.89,0,0.86,1
4.91,0,525,0,0.88,3,0.83,1
4.99,1,444,0,0.67,3,0.82,1
2.86,1,97,2,0.95,1,0.77,4
3.1,0,284,2,0.84,4,0.74,2
4.49,1,923,2,0.95,1,0.8,3
4.1,2,391,0,0.93,2,0.78,0
3.57,3,577,1,0.88,2,0.96,0
3.77,2,960,2,0.97,2,0.95,4
3.03,0,44,2,0.77,1,0.75,3
4.57,1,379,2,0.8,4,0.94,2
2.81,1,867,2,0.9,3,0.76,4
2.73,0,204,2,0.71,4,0.9,2
3.19,0,733,2,0.96,4,0.72,2
4.76,0,269,1,0.79,2,0.68,0
3.05,1,391,2,0.77,3,0.97,0
4.1,2,530,2,0.67,3,0.85,4
2.66,1,454,2,0.71,4,0.93,2
3.76,1,377,2,0.93,1,0.65,4
4.87,0,371,0,0.61,0,0.79,1
3.96,2,326,1,0.67,4,0.8,0
4.87,0,729,0,0.96,0,0.88,1
4.13,1,648,2,0.67,0,0.8,0
2.88,3,112,0,0.68,1,0.99,0
4.28,3,638,2,0.77,3,0.79,4
3.46,1,143,2,0.97,4,0.73,2
2.87,1,70,2,0.67,2,0.73,4
3.31,3,453,1,0.73,2,0.89,0
4.95,0,463,0,0.98,3,0.67,1
4.96,0,724,0,0.65,4,0.86,1
3.04,1,206,2,0.87,4,0.84,2
4.98,0,356,0,0.84,0,0.68,1
3.36,0,654,2,0.81,2,0.85,3
2.89,3,870,1,0.91,3,0.83,0
3.26,1,692,2,0.96,0,0.87,0
3.43,2,38,1,0.69,1,0.81,0
3.57,2,962,2,0.99,4,0.64,4
4.86,0,252,0,0.62,0,0.64,1
4.65,0,567,2,0.97,2,0.6,3
4.17,1,840,2,0.67,4,0.97,2
2.71,3,635,1,0.93,0,0.78,0
3.45,0,751,1,0.75,3,0.84,0
2.61,1,777,2,0.68,4,0.96,2
4.53,1,775,1,0.89,1,0.72,0
4.93,0,880,0,0.68,0,0.98,1
2.96,1,378,2,0.89,4,0.6,2
3.91,2,426,2,0.94,4,0.75,4
3.84,0,614,2,0.97,4,0.94,2
4.78,1,408,2,0.98,2,0.82,3
4.92,1,20,2,0.85,2,0.67,3
4.75,0,811,0,0.74,3,0.86,0
2.61,2,292,2,0.88,3,0.79,4
3.28,0,371,1,0.82,1,0.86,0
4.85,0,802,0,0.91,0,0.68,1
4.94,1,686,0,0.76,4,0.82,1
4.56,1,508,2,0.94,4,0.63,2
4.08,2,168,0,0.9,1,0.66,0
4.4,0,690,2,0.81,4,0.91,2
4.29,1,345,2,0.63,0,0.78,0
3.76,1,740,2,0.74,4,0.76,2
3.34,1,755,2,0.73,4,0.85,2
4.93,1,580,0,0.67,2,0.88,1
4.94,0,99,0,0.8,4,0.83,1
3.01,3,240,2,0.61,4,0.84,4
4.53,1,40,1,0.66,1,0.63,0
4.43,1,341,2,0.86,2,0.68,3
4.99,0,632,0,0.76,3,0.81,1
3.75,1,527,0,0.82,1,0.66,0
4.97,0,523,0,0.82,1,0.74,1
2.9,1,268,2,0.95,3,0.68,4
4.03,1,618,2,0.64,0,0.71,0
4.86,3,887,2,0.98,3,0.71,4
3.4,0,561,2,0.65,1,0.76,3
4.1,2,482,1,0.88,4,0.82,0
4.95,0,540,0,0.6,2,0.65,1
3.41,0,271,2,0.92,3,0.85,4
3.54,1,534,2,0.98,4,0.91,2
2.69,1,328,2,0.98,2,0.8,4
4.86,0,94,0,0.72,3,0.62,1
3.1,0,789,2,0.85,4,0.82,2
4.86,0,236,0,0.77,2,0.88,1
3.13,2,285,0,0.91,4,0.6,0
3.47,1,886,2,0.62,4,0.69,2
3.01,1,641,2,0.7,2,0.76,4
4.41,0,534,2,0.81,1,0.76,3
4.06,2,374,1,0.92,3,0.82,0
4.58,1,812,2,0.71,3,0.65,0
4.91,1,924,0,0.76,0,0.76,1
3.09,1,291,1,0.71,1,0.61,0
4.67,0,432,2,0.9,4,0.69,2
3.39,0,800,2,0.87,4,0.73,2
2.92,0,975,2,0.93,4,0.83,2
4.94,0,693,0,0.86,3,0.75,1
4.25,2,363,2,0.8,3,0.68,4
2.9,0,70,2,0.95,3,0.87,4
3.47,1,334,2,0.88,4,0.63,2
4.28,1,726,2,0.85,1,0.81,3
4.93,0,206,0,0.64,1,0.91,1
4.61,0,208,2,0.86,1,0.99,3
4.92,1,46,0,0.75,4,0.96,0
4.9,0,744,0,0.81,4,0.95,1
3.92,2,110,2,0.71,4,0.66,4
3.87,1,119,2,0.65,4,0.76,2
2.97,0,202,2,0.88,4,0.8,2
3.79,1,824,0,0.71,2,0.69,0
4.13,1,694,2,0.65,1,0.96,3
2.72,2,221,2,0.96,2,0.84,4
4.87,0,160,0,0.9,3,0.83,1
4.63,1,286,1,0.94,0,0.85,0
3.28,3,985,2,0.75,2,0.85,4
3.71,1,385,2,0.76,4,0.9,2
4.85,0,359,2,0.95,3,0.99,4
2.98,3,671,2,0.73,4,0.89,4
3.16,1,400,2,0.87,3,0.7,4
3.58,1,486,2,0.78,0,0.94,0
4.92,0,138,0,0.77,0,0.62,1
3.08,2,834,0,0.88,2,0.77,0
4.91,1,61,2,0.85,1,0.95,3
4.89,0,101,0,0.81,3,0.62,1
4.62,1,694,2,0.75,2,0.66,3
4.78,1,687,2,0.85,4,0.73,2
3.73,0,812,2,0.6,1,0.73,3
4.86,0,102,0,0.6,3,0.98,1
3.65,2,696,1,0.94,4,0.98,0
4.89,1,510,1,0.75,4,0.85,0
4.35,1,722,2,0.88,1,0.77,3
2.9,3,469,2,0.9,3,0.87,4
3.22,1,854,2,0.76,4,0.63,2
4.8,1,934,0,0.87,0,0.8,1
4.88,0,559,0,0.79,1,0.85,1
3.74,1,675,1,0.74,3,0.72,0
2.64,1,622,2,0.69,4,0.63,2
3.87,3,170,2,0.78,0,0.87,4
3.8,0,977,2,0.8,3,0.62,0
4.94,0,551,0,0.65,2,0.81,1
3.31,3,200,0,0.84,4,0.79,0
3.21,2,242,2,0.61,1,0.96,4
3.28,2,877,2,0.7,2,0.67,4
2.89,3,142,1,0.98,4,0.94,0
4.86,0,614,0,0.89,0,0.92,1
4.36,3,531,2,0.96,3,0.69,4
2.72,1,61,2,0.89,1,0.76,4
4.8,0,115,0,0.85,1,0.96,1
4.73,1,388,2,0.67,2,0.71,3
4.4,1,97,2,0.95,2,0.74,3
4.55,3,798,1,0.97,3,0.68,0
4.97,0,258,0,0.86,4,0.85,1
4.25,0,121,2,0.62,4,0.96,2
2.65,0,669,1,0.91,4,0.99,0
4.88,0,357,0,0.83,4,0.62,1
4.39,1,657,2,0.91,1,0.98,3
2.98,2,520,2,0.72,3,0.9,4
4.87,1,872,2,0.95,2,0.66,3
4.27,0,253,2,0.96,2,0.73,3
4.89,1,943,2,0.86,3,0.79,4
4.1,1,779,2,0.66,1,0.7,3
3.11,1,376,2,0.97,3,0.8,4
2.58,0,526,2,0.78,4,0.6,2
4.24,0,687,2,0.97,4,0.74,2
3.07,3,658,2,0.94,3,0.76,4
4.97,0,896,0,0.9,4,0.84,1
4.18,3,579,2,0.96,3,0.93,4
3.88,2,995,0,0.96,3,0.9,0
3.59,2,306,0,0.86,4,0.79,0
4.92,0,225,0,0.8,2,0.76,1
3.34,1,47,2,0.82,3,0.96,0
4.28,1,781,2,0.9,4,0.7,2
4.6,1,179,2,0.96,2,0.76,3
4.06,3,82,2,0.86,1,0.77,4
4.55,1,483,2,0.97,2,0.79,3
4.47,1,461,1,0.63,1,0.84,0
4.89,3,560,2,0.96,3,0.67,4
2.63,1,641,2,0.92,1,0.85,4
4.71,1,256,2,0.88,1,0.89,3
3.88,1,920,2,0.71,1,0.77,4
4.86,0,655,0,0.73,3,0.82,1
3.76,2,531,2,0.91,3,0.61,4
4.91,0,751,0,0.88,1,0.64,1
3.47,1,275,2,0.63,2,0.61,4
3.39,0,962,0,0.73,2,0.74,0
4.02,1,740,1,0.63,2,0.66,0
3.37,1,132,2,0.81,1,0.62,4
3.4,1,313,2,0.61,4,0.92,2
3.14,0,787,2,0.9,3,0.68,4
2.62,1,582,2,0.99,1,0.88,4
3.29,2,963,2,0.64,4,0.62,4
4.14,1,112,1,0.71,0,0.95,0
4.99,0,841,0,0.81,3,0.62,1
4.85,1,67,0,0.62,4,0.75,1
4.92,0,277,0,0.65,0,0.88,1
3.66,1,881,0,0.63,0,0.86,0
3.04,3,153,1,0.76,2,0.78,0
3.77,1,947,2,0.9,3,0.91,4
4.05,0,377,2,0.89,3,0.91,4
4.81,0,317,0,0.66,4,0.64,1
3.48,1,226,2,0.68,1,0.91,4
4.05,1,434,2,0.8,4,0.82,2
4.39,2,931,0,0.78,2,0.91,0
4.29,1,307,2,0.89,2,0.78,3
4.94,1,349,0,0.83,1,0.67,1
3.74,1,853,2,0.95,2,0.73,4
4.85,0,312,0,0.61,0,0.82,1
4.44,1,658,2,0.87,4,0.79,2
2.54,3,691,2,0.88,3,0.66,4
2.99,0,86,2,0.9,4,0.71,2
4.88,0,597,0,0.96,1,0.82,1
2.74,1,416,2,0.92,2,0.94,4
3.14,0,946,2,0.74,2,0.64,3
3.3,2,35,0,0.93,2,0.88,0
3.5,1,620,2,0.69,4,0.66,2
4.84,3,718,1,0.79,4,0.7,0
3.64,3,308,2,0.63,2,0.92,4
2.91,0,399,2,0.86,1,0.61,3
4.3,2,982,1,0.78,3,0.85,0
2.71,1,615,2,0.96,4,0.82,2
4.87,0,174,0,0.63,3,0.73,1
4.46,1,610,2,0.73,2,0.94,3
2.64,1,307,2,0.97,4,0.76,2
4.96,0,775,0,0.76,2,0.97,1
4.7,1,882,2,0.95,1,0.96,3
3.0,1,776,2,0.81,4,0.8,2
4.65,1,523,2,0.68,2,0.9,3
3.83,1,791,2,0.77,4,0.96,2
2.9,2,264,0,0.71,3,0.98,0
2.61,3,34,1,0.69,2,0.85,0
2.98,3,848,2,0.92,3,0.8,4
3.35,0,160,1,0.84,0,0.75,0
2.69,0,872,0,0.91,1,0.64,0
4.81,0,471,0,0.83,4,0.82,1
4.24,2,956,1,0.77,2,0.89,0
3.88,0,790,1,0.71,1,0.91,0
4.87,0,773,0,0.66,2,0.7,1
3.21,0,245,2,0.74,2,0.8,3
4.95,0,811,0,0.66,0,0.74,1
4.2,3,268,2,0.93,3,0.97,4
4.75,0,693,2,0.9,4,0.62,2
3.84,1,314,2,0.72,1,0.68,4
4.12,2,877,1,0.67,3,0.61,0
2.75,0,588,1,0.64,4,0.9,0
3.68,1,874,2,0.88,0,0.92,0
3.6,3,889,2,0.73,3,0.83,4
3.25,1,52,2,0.8,4,0.68,2
4.18,0,931,0,0.65,4,0.65,0
4.76,0,796,2,0.74,4,0.78,2
4.82,0,419,2,0.86,3,0.7,4
3.11,3,299,2,0.87,3,0.77,4
2.83,0,842,2,0.61,3,0.62,0
4.85,0,346,0,0.83,1,0.72,1
3.17,0,232,2,0.98,3,0.62,4
4.88,0,785,0,0.68,2,0.93,1
4.31,1,300,2,0.93,2,0.91,3
3.75,0,310,2,0.68,2,0.94,3
3.42,2,711,2,0.86,0,0.73,4
4.15,1,956,2,0.68,2,0.7,3
2.88,2,231,2,0.92,3,0.66,4
4.81,0,494,0,0.98,1,0.75,1
5.0,0,973,0,0.9,1,0.69,1
3.65,0,679,2,0.76,4,0.62,2
4.51,1,416,2,0.96,1,0.75,3
2.6,3,232,2,0.63,0,0.96,4
3.42,2,758,2,0.91,3,0.64,4
3.24,1,39,2,0.83,1,0.8,4
4.46,1,413,2,0.62,2,0.65,3
4.97,0,202,0,0.82,1,0.94,1
3.68,0,653,2,0.95,2,0.83,3
4.95,0,712,0,0.83,1,0.65,1
3.79,1,655,2,0.66,4,0.76,2
4.76,1,694,2,0.9,4,0.82,2
4.98,0,865,0,0.84,4,0.85,1
2.83,0,696,0,0.68,1,0.98,0
3.84,0,132,2,0.93,4,0.66,2
2.8,0,982,2,0.99,2,0.92,3
4.84,0,33,0,0.95,0,0.73,0
3.48,1,433,2,0.62,0,0.93,0
4.67,0,687,2,0.71,3,0.81,0
4.23,1,397,1,0.81,0,0.9,0
3.64,0,281,2,0.87,4,0.91,2
3.42,1,932,2,0.76,4,0.9,2
4.1,3,575,2,0.68,0,0.63,4
4.89,0,564,0,0.88,0,0.74,1
4.89,0,222,0,0.69,1,0.84,1
3.39,0,785,2,0.66,1,0.84,3
4.27,1,405,2,0.69,1,0.97,3
4.35,1,753,2,0.78,3,0.87,0
2.56,0,525,2,0.64,2,0.76,3
2.93,1,464,2,0.95,3,0.98,4
4.85,0,14,0,0.73,0,0.97,0
3.32,0,486,2,0.72,1,0.72,3
3.62,3,788,1,0.66,3,0.61,0
4.22,3,532,2,0.71,2,0.77,4
4.25,2,941,0,0.71,4,0.92,0
4.85,0,64,0,0.64,1,0.91,1
4.23,0,75,2,0.92,3,0.67,4
3.72,2,223,1,0.92,4,0.8,0
2.66,0,355,1,0.92,0,0.69,0
4.55,1,415,2,0.67,2,0.72,3
4.95,1,25,0,0.93,0,0.85,0
4.88,0,302,0,0.68,1,0.67,1
4.1,1,753,2,0.95,2,0.91,3
4.87,2,47,0,0.78,0,0.78,0
3.56,1,959,2,0.9,3,0.99,4
3.9,0,493,2,0.95,0,0.8,0
2.81,0,992,2,0.91,3,0.84,4
4.21,0,878,2,0.62,2,0.92,3
3.42,0,17,2,0.62,4,0.63,2
4.55,1,802,2,0.69,1,0.85,3
3.91,0,113,2,0.61,3,0.73,0
3.48,0,296,2,0.81,1,0.66,3
3.73,1,72,2,0.6,4,0.8,2
3.45,1,645,0,0.81,3,0.75,0
3.84,3,148,2,0.93,3,0.98,4
3.94,0,408,2,0.68,2,0.83,3
4.96,0,459,0,0.83,2,0.91,1
3.35,3,565,2,0.9,3,0.71,4
2.59,1,157,2,0.7,2,0.71,4
4.27,1,62,1,0.7,4,0.84,0
4.52,1,424,2,0.9,0,0.84,0
4.94,0,990,0,0.78,0,0.72,1
4.93,2,38,0,0.72,1,0.88,0
4.92,1,711,0,0.6,2,0.84,1
2.81,2,638,2,0.95,3,0.86,4
4.95,0,660,0,0.8,4,0.77,1
3.62,1,595,2,0.86,4,0.81,2
4.77,0,434,2,0.98,4,0.89,2
4.82,0,806,0,0.6,4,0.77,1
4.8,1,486,2,0.74,2,0.9,3
2.87,1,751,2,0.73,1,0.64,4
4.22,2,596,1,0.7,4,0.98,0
4.35,0,378,2,0.94,3,0.77,4
4.31,3,837,1,0.94,3,0.86,0
4.05,0,30,1,0.85,3,0.97,0
3.0,1,971,2,0.74,0,0.69,0
4.92,1,993,0,0.63,3,0.98,1
3.74,0,793,2,0.64,4,0.9,2
2.78,1,988,1,0.66,2,0.88,0
4.33,1,582,2,0.71,4,0.87,2
3.11,2,84,1,0.88,3,0.68,0
4.31,1,734,2,0.73,0,0.97,0
4.98,0,483,0,0.93,1,0.91,1
3.32,1,765,2,0.98,4,0.82,2
4.49,1,821,2,0.93,3,0.61,4
4.39,1,565,2,0.92,0,0.62,0
3.05,3,411,1,0.66,4,0.71,0
4.99,1,643,0,0.86,4,0.66,1
3.59,0,401,2,0.86,1,0.77,3
3.45,0,469,2,0.84,2,0.9,3
2.75,0,804,2,0.78,4,0.66,2
3.94,3,705,2,0.96,3,0.68,4
3.22,0,108,2,0.74,4,0.86,2
3.48,3,208,1,0.71,3,0.67,0
4.95,0,711,0,0.69,1,0.92,1
4.27,1,610,2,0.83,2,0.67,3
4.94,0,451,0,0.67,0,0.83,1
3.02,2,609,2,0.65,2,0.95,4
3.18,1,832,2,0.69,1,0.68,4
3.1,0,648,2,0.98,2,0.65,3
4.39,0,682,2,0.92,4,0.7,2
3.04,1,244,2,0.76,4,0.74,2
4.3,1,533,2,0.79,4,0.6,2
3.78,1,817,2,0.89,4,0.82,2
4.37,1,864,2,0.86,2,0.72,3
3.91,0,208,2,0.65,4,0.77,2
4.94,0,210,0,0.61,1,0.64,1
4.43,0,299,2,0.87,0,0.63,0
3.16,0,440,2,0.83,1,0.85,3
2.81,0,985,2,0.93,2,0.95,3
4.53,1,934,2,0.98,1,0.69,3
4.9,1,762,0,0.97,1,0.89,1
2.79,0,358,2,0.85,4,0.62,2
2.65,0,182,2,0.78,1,0.95,3
3.42,0,68,2,0.93,3,0.77,4
2.98,1,344,0,0.95,2,0.85,0
4.65,1,453,2,0.83,4,0.96,2
4.82,0,467,0,0.69,3,0.84,1
2.99,0,266,2,0.65,0,0.82,0
3.23,3,490,2,0.98,1,0.69,4
4.08,1,71,0,0.92,3,0.93,0
3.82,1,227,0,0.86,1,0.93,0
3.62,1,362,2,0.92,4,0.72,2
4.23,2,980,1,0.97,2,0.93,0
3.24,1,726,2,0.72,4,0.78,2
4.93,1,295,2,0.97,2,0.88,3
4.99,1,611,0,0.62,4,0.75,1
4.52,1,562,2,0.79,1,0.61,3
4.5,0,840,2,0.65,4,0.93,2
4.91,0,366,0,0.93,3,0.8,1
4.1,0,814,2,0.88,4,0.64,2
2.94,2,984,2,0.92,3,0.78,4
4.35,1,496,2,0.72,2,0.68,3
3.87,2,810,2,0.94,3,0.68,4
4.47,1,79,2,0.91,4,0.93,2
4.87,1,86,2,0.85,1,0.94,3
2.58,2,916,2,0.89,3,0.94,4
3.44,0,710,2,0.84,4,0.81,2
4.32,3,846,2,0.9,1,0.91,4
4.22,0,653,2,0.95,3,0.88,4
2.76,3,466,2,0.81,2,0.74,4
2.55,0,690,2,0.62,4,0.78,2
4.04,3,944,2,0.69,2,0.95,4
4.63,0,155,2,0.69,4,0.74,2
3.12,0,864,2,0.7,0,0.84,0
3.63,2,135,1,0.62,4,0.68,0
4.98,0,178,0,0.8,3,0.88,1
3.3,1,278,2,0.93,2,0.89,4
4.81,0,198,0,0.77,0,0.96,1
4.88,1,981,0,0.95,4,0.86,1
3.74,1,33,0,0.92,2,0.96,0
3.71,2,291,0,0.61,3,0.91,0
4.82,0,878,0,0.65,4,0.85,1
4.94,0,141,0,0.83,2,0.7,1
4.64,1,188,2,0.98,2,0.7,3
3.51,1,372,2,0.96,4,0.8,2
4.85,1,178,0,0.88,2,0.85,1
2.73,0,983,2,0.78,2,0.97,3
4.66,2,154,2,0.63,4,0.86,4
4.34,0,904,2,0.8,4,0.92,2
2.98,1,64,0,0.64,1,0.87,0
4.41,0,184,2,0.67,2,0.63,3
4.12,1,782,2,0.62,4,0.96,2
4.5,1,468,2,0.91,1,0.72,3
3.64,0,896,1,0.74,0,0.79,0
4.77,1,801,2,0.67,1,0.93,3
2.76,0,513,2,0.78,4,0.74,2
4.19,0,509,2,0.83,4,0.99,2
3.15,1,240,2,0.62,4,0.74,2
4.07,3,746,2,0.65,2,0.98,4
4.02,1,475,2,0.91,1,0.73,3
4.87,0,72,0,0.9,2,0.82,1
4.82,0,193,0,0.82,2,0.64,1
4.92,1,19,0,0.72,4,0.98,0
4.52,0,717,2,0.95,3,0.63,4
3.52,1,740,2,0.64,1,0.88,4
4.05,1,69,2,0.74,1,0.77,3
2.68,1,764,2,0.85,2,0.99,4
3.14,0,673,2,0.82,1,0.73,3
2.64,3,265,2,0.69,3,0.86,4
4.96,3,46,0,0.65,3,0.98,0
3.08,3,45,2,0.91,3,0.95,4
4.99,0,16,0,0.91,4,0.94,0
3.0,0,96,2,0.76,3,0.95,0
2.61,1,942,2,0.93,4,0.66,2
3.85,2,196,2,0.88,3,0.9,4
4.36,1,805,2,0.92,3,0.7,4
4.91,1,607,0,0.76,3,0.99,1
4.02,0,884,2,0.83,3,0.77,0
4.97,0,820,0,0.81,1,0.67,1
4.76,3,732,2,0.9,3,0.85,4
2.63,1,69,2,0.71,4,0.69,2
4.63,1,294,2,0.64,2,0.87,3
2.64,0,802,2,0.97,1,0.64,3
3.67,1,905,2,0.72,4,0.65,2
4.58,1,180,2,0.61,1,0.61,3
4.92,0,72,0,0.74,2,0.79,1
4.61,0,434,2,0.82,2,0.98,3
4.92,0,442,0,0.73,1,0.61,1
4.91,0,200,0,0.65,0,0.61,1
4.85,0,323,0,0.61,4,0.88,1
3.43,1,146,2,0.77,4,0.75,2
2.78,0,437,2,0.94,0,0.67,0
4.95,0,981,2,0.74,1,0.81,3
4.03,1,169,2,0.71,1,0.75,3
4.33,1,379,2,0.76,2,0.99,3
3.79,0,486,1,0.91,2,0.87,0
4.58,0,322,2,0.95,3,0.7,4
4.89,1,648,0,0.76,1,0.95,1
3.02,0,393,2,0.91,4,0.81,2
4.12,1,265,2,0.62,1,0.97,3
4.78,1,245,2,0.82,1,0.73,3
3.01,1,161,2,0.93,4,0.89,2
3.12,2,886,2,0.65,0,0.9,4
4.89,0,584,2,0.62,1,0.93,3
4.81,1,680,2,0.86,4,0.74,2
3.65,1,711,2,0.63,4,0.97,2
4.78,0,626,2,0.92,4,0.98,2
4.96,0,115,0,0.66,2,0.66,1
3.29,0,49,2,0.89,2,0.84,3
2.63,1,591,2,0.82,4,0.98,2
3.2,1,546,2,0.63,0,0.94,0
3.42,1,223,2,0.92,4,0.81,2
4.5,1,791,2,0.74,4,0.82,2
4.85,0,104,0,0.92,4,0.81,1
4.64,1,834,2,0.63,3,0.76,0
4.9,3,27,0,0.61,1,0.97,0
4.81,1,34,0,0.68,4,0.84,0
2.58,3,622,2,0.63,0,0.81,4
3.6,2,828,2,0.89,3,0.68,4
4.91,0,13,0,0.98,3,0.61,0
4.75,0,112,2,0.7,0,0.69,0
3.67,0,889,2,0.93,2,0.76,3
4.88,1,755,0,0.83,4,0.96,1
4.69,1,365,2,0.65,2,0.82,3
4.87,0,191,0,0.63,4,0.6,1
4.99,1,886,0,0.86,4,0.76,1
5.0,0,486,0,0.93,1,0.7,1
4.35,3,842,2,0.87,3,0.65,4
4.63,2,198,2,0.7,4,0.96,4
4.26,1,376,2,0.8,1,0.69,3
4.95,0,622,0,0.77,0,0.74,1
3.73,1,971,2,0.83,4,0.63,2
4.92,0,714,0,0.86,1,0.8,1
3.56,0,448,0,0.73,0,0.78,0
2.83,0,800,2,0.99,4,0.81,2
4.68,1,481,2,0.67,0,0.91,0
4.88,2,20,0,0.98,4,0.75,0
4.84,0,242,2,0.93,4,0.76,2
3.82,3,418,2,0.96,0,0.82,4
2.87,0,854,2,0.82,4,0.86,2
2.7,3,534,0,0.68,2,0.84,0
3.61,2,558,2,0.9,3,0.74,4
4.91,0,546,0,0.87,3,0.64,1
4.71,1,167,2,0.67,2,0.89,3
3.21,2,27,2,0.81,0,0.62,4
4.79,1,289,2,0.79,1,0.78,3
4.13,0,993,2,0.63,4,0.99,2
4.4,0,948,2,0.89,1,0.7,3
4.15,2,629,2,0.96,3,0.85,4
4.59,1,366,2,0.72,0,0.74,0
4.34,1,846,2,0.82,2,0.73,3
3.97,2,124,0,0.77,3,0.6,0
3.84,2,553,1,0.8,2,0.92,0
4.91,0,444,0,0.85,4,0.7,1
4.45,1,987,2,0.72,0,0.88,0
3.29,2,811,1,0.99,3,0.92,0
4.88,1,832,2,0.91,2,0.78,3
4.52,0,776,2,0.9,2,0.83,3
2.63,0,365,2,0.62,4,0.96,2
4.03,1,855,2,0.91,4,0.8,2
4.43,1,357,2,0.63,2,0.88,3
4.22,2,546,0,0.61,4,0.62,0
4.99,0,869,0,0.73,4,0.63,1
3.8,1,565,2,0.91,4,0.72,2
3.64,1,33,2,0.92,3,0.9,4
3.63,0,790,0,0.99,0,0.89,0
4.2,1,153,2,0.73,2,0.85,3
4.75,0,1000,2,0.86,1,0.88,3
3.87,0,856,1,0.87,3,0.61,0
4.95,1,239,0,0.6,1,0.97,1
4.95,0,778,0,0.91,1,0.76,1
3.09,2,568,2,0.9,3,0.77,4
4.09,1,158,1,0.6,1,0.98,0
3.1,0,457,2,0.87,4,0.66,2
3.52,2,284,2,0.91,4,0.82,4
3.1,1,799,2,0.91,2,0.91,4
4.95,1,467,2,0.98,1,0.97,3
2.58,0,643,2,0.72,4,0.81,2
2.66,1,723,2,0.93,3,0.89,4
4.48,1,578,2,0.62,1,0.65,3
4.97,0,482,0,0.99,3,0.76,1
3.11,2,858,0,0.73,4,0.65,0
3.99,0,799,2,0.9,1,0.97,3
4.3,3,193,1,0.91,3,0.62,0
4.26,1,222,2,0.71,2,0.6,3
3.16,0,836,2,0.95,4,0.96,2
2.62,0,811,1,0.65,4,0.68,0
4.61,0,428,2,0.96,4,0.77,2
4.9,0,21,0,0.84,2,0.9,0
3.52,1,663,2,0.86,4,0.61,2
3.95,0,973,2,0.84,1,0.7,3
3.82,0,109,1,0.96,2,0.97,0
4.83,0,536,0,0.86,1,0.84,1
4.98,1,630,0,0.67,2,0.67,1
3.01,1,381,2,0.61,1,0.73,4
4.01,1,175,2,0.89,0,0.82,0
4.99,0,895,0,0.85,0,0.63,1
4.53,0,640,2,0.76,4,0.62,2
4.27,2,830,2,0.71,1,0.86,4
3.16,0,962,2,0.95,4,0.94,2
4.83,0,448,0,0.89,1,0.69,1
4.86,0,543,0,0.85,3,0.68,1
4.43,0,868,2,0.61,0,0.64,0
3.66,2,745,1,0.67,2,0.91,0
2.66,3,295,2,0.97,3,0.73,4
3.24,1,617,2,0.8,4,0.79,2
4.94,0,583,0,0.65,4,0.89,1
4.28,0,633,2,0.8,4,0.97,2
4.66,0,933,2,0.95,4,0.84,2
3.67,1,107,2,0.68,4,0.98,2
2.96,1,488,2,0.6,4,0.65,2
4.64,1,31,2,0.8,1,0.68,3
4.94,0,603,0,0.91,4,0.67,1
3.98,3,822,2,0.9,3,0.69,4
4.99,0,521,0,0.89,4,0.62,1
3.59,1,832,2,0.91,3,0.72,4
4.32,2,874,1,0.77,2,0.94,0
4.86,0,290,0,0.63,2,0.71,1
3.85,0,437,2,0.78,0,0.63,0
3.73,1,766,2,0.87,3,0.7,4
4.23,0,845,2,0.8,1,0.9,3
3.42,3,453,2,0.97,3,0.93,4
4.84,0,876,0,0.84,0,0.79,1
3.11,0,431,2,0.7,4,0.74,2
4.53,1,694,2,0.61,2,0.68,3
3.12,1,402,2,0.98,1,0.98,4
4.6,0,700,2,0.62,2,0.7,3
2.97,1,508,2,0.99,4,0.74,2
3.86,0,290,2,0.86,4,0.82,2
4.71,1,359,2,0.66,4,0.76,2
4.86,1,720,2,0.98,1,0.68,3
4.93,0,459,0,0.73,2,0.95,1
2.66,0,808,1,0.65,2,0.97,0
2.98,1,120,2,0.79,2,0.81,4
4.85,1,191,0,0.65,1,0.63,1
4.53,1,519,2,0.96,4,0.84,2
4.35,3,852,1,0.95,1,0.97,0
3.12,0,260,2,0.61,4,0.83,2
4.63,1,975,2,0.77,2,0.95,3
4.94,1,39,0,0.98,4,0.61,0
4.99,0,860,0,0.89,4,0.87,1
3.66,1,384,2,0.82,4,0.74,2
4.46,2,856,1,0.87,4,0.62,0
2.99,0,562,2,0.92,4,0.82,2
2.82,1,164,2,0.88,1,0.83,4
4.26,3,173,2,0.72,4,0.89,4
2.91,3,986,2,0.96,0,0.92,4
3.55,0,611,2,0.66,2,0.92,3
3.77,2,135,0,0.88,1,0.61,0
3.29,1,909,0,0.9,1,0.77,0
2.51,0,964,0,0.87,4,0.94,0
4.93,0,912,0,0.74,2,0.64,1
2.86,0,544,1,0.86,4,0.97,0
5.0,0,949,0,0.6,0,0.69,1
3.92,0,876,2,0.61,4,0.83,2
2.74,1,90,2,0.86,4,0.8,2
2.87,0,783,2,0.84,3,0.64,0
4.91,0,896,0,0.94,3,0.81,1
4.48,1,390,2,0.84,0,0.92,0
4.86,0,276,0,0.84,4,0.89,1
4.5,1,617,2,0.82,2,0.99,3
4.78,0,639,2,0.76,4,0.76,2
3.58,2,158,1,0.64,1,0.67,0
4.27,0,562,2,0.95,3,0.76,4
4.41,1,968,2,0.81,2,0.94,3
3.96,1,726,2,0.97,2,0.86,4
3.63,0,466,2,0.91,1,0.68,3
3.9,2,519,2,0.99,3,0.81,4
3.21,1,439,2,0.91,2,0.9,4
4.9,1,510,2,0.89,1,0.86,3
2.91,1,317,0,0.94,3,0.79,0
4.89,1,819,0,0.83,2,0.96,1
3.18,1,784,2,0.74,2,0.86,4
4.83,1,746,0,0.94,2,0.61,1
4.99,0,96,0,0.86,2,0.88,1
2.53,0,968,2,0.81,1,0.91,3
3.14,0,289,2,0.76,4,0.87,2
4.18,0,228,2,0.9,3,0.86,4
4.81,0,103,0,0.72,4,0.77,1
2.79,1,732,2,0.96,0,0.75,0
4.9,1,397,2,0.79,1,0.66,3
3.65,0,64,2,0.66,4,0.93,2
2.52,0,919,2,0.6,2,0.63,3
4.31,2,755,2,0.89,0,0.82,4
4.96,0,111,0,0.64,1,0.99,1
2.99,0,193,2,0.82,0,0.82,0
4.83,0,933,0,0.84,2,0.82,1
2.56,3,54,2,0.83,3,0.8,4
3.35,0,463,2,0.73,2,0.65,3
4.4,1,887,2,0.77,1,0.61,3
3.87,1,107,2,0.96,1,0.69,4
4.99,0,706,0,0.91,4,0.86,1
3.67,0,747,2,0.75,4,0.95,2
4.29,0,686,2,0.79,2,0.95,3
4.85,0,180,0,0.75,2,0.94,1
4.64,0,505,2,0.78,1,0.73,3
3.61,1,757,0,0.87,0,0.75,0
2.51,0,407,2,0.83,4,0.66,2
3.28,0,253,2,0.75,3,0.9,0
3.48,3,455,1,0.81,1,0.79,0
3.75,2,646,2,0.96,3,0.74,4
3.25,0,185,2,0.91,0,0.74,0
3.17,0,299,2,0.93,4,0.65,2
3.05,1,477,2,0.63,1,0.92,4
3.29,0,804,2,0.94,2,0.66,3
4.95,0,624,0,0.92,1,0.7,1
4.87,1,736,2,0.69,2,0.88,3
2.89,0,805,2,0.68,4,0.75,2
4.21,1,387,1,0.78,3,0.8,0
2.76,3,547,1,0.76,2,0.89,0
3.12,1,374,2,0.91,2,0.98,4
2.83,2,847,2,0.97,3,0.65,4
3.67,3,90,2,0.89,3,0.63,4
3.66,0,685,2,0.68,4,0.96,2
4.89,1,107,2,0.64,2,0.94,3
4.83,0,197,0,0.78,0,0.63,1
4.33,2,319,1,0.83,4,0.6,0
4.3,1,318,2,0.83,4,0.62,2
4.89,0,420,0,0.93,1,0.66,1
4.82,0,310,0,0.72,2,0.89,1
2.67,0,208,2,0.95,2,0.97,3
2.55,1,921,2,0.87,3,0.65,4
3.13,2,672,0,0.85,3,0.62,0
3.7,1,921,2,0.61,0,0.8,0
4.82,0,439,0,0.64,3,0.69,1
4.3,0,691,2,0.75,3,0.67,0
3.99,1,627,2,0.99,3,0.89,4
2.53,0,741,2,0.79,4,0.92,2
4.98,0,374,0,0.62,3,0.73,1
3.27,3,787,0,0.93,2,0.64,0
2.94,1,468,2,0.63,1,0.87,4
4.88,3,49,0,0.93,0,0.63,0
4.84,0,790,0,0.8,3,0.84,1
4.85,0,730,2,0.97,2,0.64,3
4.8,0,114,0,0.85,0,0.96,1
3.35,3,653,2,0.87,3,0.74,4
4.03,1,372,2,0.98,2,0.98,3
3.93,1,754,2,0.86,0,0.76,0
3.84,1,376,2,0.7,4,0.92,2
4.83,0,518,0,0.89,0,0.82,1
2.83,0,72,2,0.9,2,0.71,3
4.19,1,80,2,0.93,4,0.85,2
4.86,1,388,0,0.69,0,0.84,1
4.15,2,518,1,0.8,2,0.66,0
3.16,1,828,1,0.9,2,0.69,0
2.5,1,62,2,0.92,4,0.79,2
4.9,0,598,0,0.78,0,0.79,1
4.05,1,195,2,0.86,1,0.63,3
4.0,3,877,2,0.97,3,0.7,4
4.37,0,297,2,0.85,4,0.93,2
3.21,3,797,0,0.71,1,0.65,0
4.86,0,527,0,0.96,4,0.64,1
4.68,1,557,2,0.79,2,0.67,3
4.4,1,474,2,0.64,4,0.86,2
2.89,0,762,2,0.93,3,0.75,4
3.25,0,250,1,0.77,4,0.75,0
4.22,0,273,2,0.62,1,0.74,3
4.11,1,22,2,0.78,1,0.97,3
3.55,2,233,1,0.77,2,0.89,0
4.99,1,623,0,0.73,4,0.72,1
2.54,1,175,2,0.98,4,0.62,2
4.4,1,746,2,0.89,3,0.61,4
3.09,0,290,2,0.91,1,0.69,3
4.86,0,513,0,0.68,2,0.92,1
3.28,1,251,0,0.74,2,0.86,0
3.13,0,988,2,0.86,1,0.84,3
3.32,1,633,2,0.71,4,0.98,2
2.72,1,305,2,0.84,1,0.75,4
4.9,0,498,0,0.75,0,0.65,1
3.27,0,501,2,0.72,4,0.96,2
4.88,1,449,2,0.8,2,0.62,3
4.08,1,70,2,0.91,2,0.83,3
2.83,0,745,2,0.76,2,0.62,3
4.25,0,87,2,0.87,1,0.91,3
4.22,1,674,2,0.76,2,0.85,3
3.91,0,370,2,0.71,1,0.94,3
2.52,2,146,0,0.98,3,0.87,0
4.87,0,207,2,0.87,3,0.81,4
4.24,1,737,2,0.96,1,0.71,3
2.96,0,974,2,0.71,4,0.74,2
3.23,0,472,2,0.8,4,0.7,2
4.66,1,284,2,0.82,4,0.83,2
4.85,1,685,1,0.99,2,0.79,0
4.13,1,317,2,0.71,1,0.79,3
3.44,3,370,0,0.8,2,0.64,0
2.89,1,149,2,0.88,1,0.89,4
3.29,3,592,1,0.96,0,0.88,0
3.92,1,720,2,0.96,1,0.99,4
2.6,1,901,2,0.96,1,0.63,4
4.74,1,930,2,0.76,1,0.94,3
4.81,0,598,0,0.95,4,0.63,1
3.62,1,641,2,0.74,1,0.76,4
2.71,1,675,2,0.66,4,0.66,2
3.37,1,371,2,0.97,4,0.73,2
4.9,0,536,0,0.68,2,0.92,1
4.93,0,17,2,0.92,3,0.96,4
4.31,1,75,2,0.8,0,0.83,0
5.0,1,337,0,0.81,2,0.89,1
2.78,0,816,2,0.87,4,0.81,2
4.12,3,331,1,0.97,3,0.96,0
4.86,0,886,0,0.75,3,0.75,1
4.83,0,80,2,0.67,4,0.71,2
4.9,1,748,2,0.61,2,0.96,3
3.31,0,376,2,0.88,4,0.85,2
3.34,0,699,2,0.83,2,0.86,3
4.81,1,324,0,0.74,3,0.9,1
3.38,1,571,2,0.67,4,0.62,2
3.64,2,720,1,0.83,4,0.82,0
3.53,1,558,2,0.98,4,0.76,2
2.89,1,829,2,0.93,4,0.89,2
4.18,1,112,2,0.96,2,0.81,3
2.79,0,557,2,0.71,2,0.69,3
3.12,1,671,2,0.89,2,0.83,4
4.04,1,790,2,0.64,2,0.61,3
4.1,1,816,2,0.62,1,0.69,3
4.97,0,868,0,0.82,1,0.92,1
4.37,1,798,2,0.94,2,0.96,3
2.78,1,67,1,0.7,3,0.63,0
2.94,0,422,2,0.83,4,0.86,2
4.06,2,361,0,0.92,2,0.86,0
3.87,1,997,2,0.73,4,0.74,2
4.66,0,746,2,0.73,2,0.74,3
4.42,1,750,2,0.87,4,0.85,2
2.66,0,867,2,0.96,4,0.8,2
4.9,0,241,0,0.87,1,0.74,1
2.76,0,61,2,0.65,1,0.82,3
3.35,0,966,2,0.85,1,0.95,3
3.89,3,235,2,0.89,1,0.73,4
3.08,1,496,2,0.91,1,0.74,4
2.8,2,818,0,0.67,2,0.69,0
3.47,3,190,0,0.97,0,0.74,0
3.74,0,451,2,0.79,2,0.86,3
3.09,0,288,2,0.85,1,0.97,3
4.45,1,372,2,0.91,2,0.76,3
4.95,0,617,0,0.7,1,0.99,1
4.65,2,534,2,0.63,1,0.86,4
2.91,2,178,2,0.88,2,0.94,4
4.74,1,115,2,0.85,4,0.74,2
4.96,0,212,0,0.95,3,0.67,1
4.21,1,940,2,0.87,4,0.91,2
4.34,0,202,2,0.82,3,0.78,0
2.7,1,579,2,0.61,4,0.77,2
4.69,0,416,2,0.8,1,0.66,3
4.06,0,962,2,0.73,1,0.66,3
4.78,0,378,2,0.91,4,0.76,2
4.55,1,332,2,0.6,1,0.9,3
3.2,2,320,2,0.89,3,0.86,4
4.82,0,883,0,0.87,0,0.78,1
2.51,3,620,0,0.81,0,0.72,0
5.0,0,832,0,0.75,2,0.93,1
4.98,0,887,0,0.7,4,0.68,1
2.91,0,395,2,0.97,0,0.77,0
2.69,0,544,2,0.71,1,0.62,3
4.98,3,45,0,0.98,4,0.81,0
4.35,1,28,2,0.87,1,0.83,3
4.36,1,714,2,0.69,1,0.9,3
4.03,1,340,2,0.91,1,0.81,3
3.49,1,659,2,0.81,4,0.81,2
3.26,1,65,2,0.91,4,0.97,2
4.71,1,42,2,0.85,4,0.96,2
4.95,1,331,0,0.81,3,0.92,1
4.47,0,101,2,0.68,3,0.81,0
4.63,1,918,2,0.91,3,0.83,4
4.95,0,779,0,0.73,4,0.75,1
4.88,0,910,0,0.81,4,0.94,1
4.85,1,250,2,0.94,1,0.85,3
3.31,0,314,2,0.9,4,0.92,2
2.95,3,11,2,0.85,0,0.7,4
4.85,1,201,2,0.66,2,0.66,3
4.82,0,831,2,0.67,1,0.76,3
3.68,0,80,2,0.61,4,0.64,2
3.74,1,189,2,0.81,4,0.95,2
3.19,2,911,1,0.83,2,0.82,0
2.97,1,54,2,0.64,4,0.77,2
4.49,1,323,2,0.61,1,0.9,3
2.6,3,599,2,0.85,2,0.61,4
3.83,3,159,2,0.61,1,0.67,4
4.93,0,938,0,0.97,1,0.71,1
4.96,0,99,0,0.66,4,0.84,1
3.1,0,909,2,0.76,2,0.77,3
4.08,0,871,1,0.89,0,0.87,0
4.72,1,433,2,0.73,2,0.86,3
3.72,0,315,2,0.98,3,0.81,4
4.87,0,744,0,0.93,0,0.82,1
4.24,0,712,2,0.82,1,0.85,3
4.82,0,122,0,0.85,2,0.73,1
4.27,1,871,2,0.76,2,0.87,3
4.03,1,474,2,0.89,1,0.74,3
4.02,1,15,2,0.82,2,0.75,3
4.03,1,664,2,0.7,4,0.83,2
4.92,3,21,0,0.77,1,0.93,0
3.43,1,929,2,0.68,1,0.86,4
3.61,1,793,2,0.84,4,0.7,2
4.4,1,249,2,0.97,4,0.87,2
4.48,0,123,2,0.87,3,0.93,4
3.26,1,305,2,0.71,2,0.86,4
4.82,0,23,0,0.67,4,0.87,0
4.4,2,356,1,0.84,3,0.85,0
3.08,0,346,2,0.87,1,0.97,3
4.09,1,15,2,0.7,3,0.61,0
3.15,0,681,2,0.81,1,0.78,3
3.37,1,456,2,0.95,4,0.7,2
3.39,1,941,2,0.7,4,0.89,2
4.9,0,186,0,0.78,4,0.82,1
2.94,1,172,2,0.6,4,0.7,2
4.76,1,862,2,0.6,2,0.7,3
3.91,2,248,2,0.79,4,0.64,4
2.69,1,682,0,0.88,3,0.65,0
2.57,0,680,2,0.85,1,0.94,3
4.43,0,947,2,0.92,3,0.67,4
3.78,0,875,2,0.89,2,0.74,3
4.66,1,78,2,0.78,0,0.9,0
3.0,1,804,2,0.82,1,0.93,4
3.44,1,538,2,0.98,4,0.77,2
4.64,1,396,2,0.85,1,0.95,3
3.02,1,988,2,0.85,0,0.85,0
3.6,2,914,1,0.94,1,0.64,0
3.02,0,512,2,0.95,4,0.83,2
4.91,0,950,0,0.85,0,0.61,1
4.8,1,696,2,0.88,3,0.87,4
4.93,1,38,0,0.83,2,0.8,0
4.65,1,634,2,0.95,3,0.9,4
5.0,0,783,0,0.91,1,0.96,1
3.09,0,625,1,0.9,0,0.97,0
4.83,0,221,0,0.88,0,0.74,1
4.78,3,861,1,0.87,2,0.63,0
4.61,1,198,2,0.94,2,0.81,3
4.26,1,573,2,0.79,4,0.77,2
3.19,3,321,2,0.61,3,0.72,4
4.15,2,344,2,0.91,3,0.96,4
3.17,0,266,2,0.84,2,0.95,3
4.52,1,113,2,0.86,1,0.86,3
4.77,0,304,2,0.68,4,0.69,2
3.48,1,519,2,0.94,3,0.97,4
4.99,0,488,0,0.62,4,0.68,1
2.67,1,850,2,0.66,2,0.73,4
3.88,0,567,2,0.95,2,0.79,3
3.72,1,243,1,0.83,0,0.87,0
4.14,0,625,2,0.71,1,0.92,3
2.65,3,552,2,0.65,3,0.88,4
3.35,1,562,2,0.99,2,0.69,4
3.88,0,159,0,0.83,2,0.8,0
4.91,0,600,0,0.83,0,0.67,1
4.09,1,670,2,0.9,1,0.61,3
4.04,1,665,2,0.69,4,0.83,2
3.6,2,133,2,0.67,0,0.71,4
4.13,1,724,2,0.94,2,0.62,3
4.95,1,841,0,0.71,3,0.78,1
4.2,0,326,2,0.72,2,0.74,3
4.03,2,725,2,0.67,1,0.88,4
3.09,0,569,2,0.67,1,0.69,3
4.21,1,510,2,0.67,2,0.63,3
4.94,1,733,2,0.8,2,0.68,3
2.71,0,377,1,0.94,2,0.86,0
4.24,0,874,2,0.98,4,0.72,2
4.31,1,709,2,0.81,1,0.83,3
4.01,1,992,2,0.86,4,0.87,2
4.85,2,987,1,0.9,1,0.71,0
4.95,0,652,0,0.84,2,0.97,1
3.18,0,845,2,0.85,4,0.98,2
2.75,3,24,2,0.99,3,0.89,4
3.98,0,818,2,0.83,4,0.7,2
3.71,3,642,2,0.95,0,0.87,4
4.92,3,18,0,0.9,3,0.66,0
2.52,2,118,2,0.95,3,0.69,4
4.76,0,709,2,0.92,1,0.77,3
4.3,0,329,2,0.65,2,0.96,3
2.56,0,40,2,0.64,2,0.67,3
4.27,1,433,2,0.72,4,0.94,2
3.3,0,816,2,0.86,2,0.61,3
4.25,1,488,2,0.77,1,0.93,3
3.49,0,161,2,0.77,1,0.73,3
4.23,1,884,2,0.77,4,0.7,2
4.17,0,463,2,0.64,4,0.8,2
4.04,0,256,2,0.83,2,0.66,3
4.19,0,367,2,0.81,4,0.97,2
3.75,2,176,2,0.88,0,0.93,4
4.76,1,382,2,0.91,4,0.91,2
3.66,0,500,2,0.69,2,0.87,3
4.88,0,62,0,0.75,3,0.63,1
3.32,0,630,2,0.87,3,0.68,4
4.97,0,722,0,0.62,0,0.68,1
4.4,0,769,2,0.65,3,0.86,0
3.19,2,523,0,0.92,2,0.94,0
4.89,0,389,0,0.84,0,0.89,1
3.53,1,471,2,0.68,4,0.65,2
3.49,1,922,2,0.92,4,0.63,2
5.0,0,643,0,0.87,3,0.64,1
2.94,1,995,2,0.98,3,0.68,4
4.88,0,567,2,0.68,1,0.99,3
4.96,0,261,0,0.75,3,0.65,1
4.9,0,746,0,0.69,0,0.87,1
4.02,0,145,2,0.7,0,0.63,0
3.07,0,387,2,0.74,0,0.8,0
4.85,1,129,2,0.67,1,0.7,3
4.15,1,226,2,0.9,1,0.74,3
4.81,0,660,0,0.94,3,0.88,1
4.5,0,783,2,0.93,0,0.65,0
4.87,0,497,1,0.78,3,0.93,0
4.93,2,948,2,0.93,3,0.98,4
3.41,1,975,2,0.63,4,0.72,2
4.82,0,236,0,0.85,3,0.88,1
3.92,2,270,2,0.9,4,0.85,4
4.84,1,752,2,0.65,2,0.79,3
3.09,1,243,2,0.8,4,0.93,2
4.65,1,522,2,0.89,1,0.83,3
4.67,1,908,2,0.74,2,0.73,3
3.82,1,768,2,0.76,0,0.74,0
3.44,1,745,2,0.95,4,0.89,2
4.92,0,818,0,0.61,4,0.72,1
4.38,0,923,2,0.69,4,0.61,2
3.67,2,776,2,0.7,0,0.98,4
2.85,1,663,2,0.87,4,0.69,2
4.18,2,102,0,0.73,3,0.67,0
3.65,2,37,2,0.83,4,0.96,4
3.89,1,875,2,0.97,2,0.8,4
3.94,0,69,2,0.68,4,0.93,2
4.89,0,917,0,0.85,3,0.89,1
4.19,1,206,2,0.93,0,0.61,0
2.52,0,450,0,0.88,3,0.9,0
3.27,2,293,0,0.94,2,0.86,0
4.35,1,214,2,0.96,3,0.82,4
4.83,3,49,0,0.67,2,0.65,0
4.91,0,810,0,0.94,2,0.72,1
4.81,3,100,1,0.6,2,0.76,0
3.98,1,55,2,0.96,0,0.69,0
4.98,0,822,0,0.94,0,0.75,1
3.7,1,242,2,0.92,3,0.87,4
3.84,3,765,1,0.97,4,0.94,0
4.85,3,185,2,0.88,3,0.73,4
4.66,1,120,2,0.72,2,0.61,3
3.39,1,864,2,0.96,1,0.74,4
4.14,1,815,0,0.71,2,0.96,0
3.5,1,995,2,0.76,2,0.81,4
4.97,0,614,0,0.62,2,0.88,1
4.69,1,495,2,0.98,1,0.89,3
4.15,1,471,2,0.85,4,0.99,2
4.69,1,969,1,0.67,0,0.89,0
4.09,2,56,1,0.65,1,0.67,0
4.85,0,35,0,0.75,3,0.78,0
4.3,0,789,2,0.79,4,0.92,2
2.58,0,729,2,0.64,4,0.79,2
4.89,0,643,0,0.69,2,0.91,1
4.34,1,306,2,0.75,1,0.76,3
3.56,1,314,2,0.63,1,0.97,4
4.95,0,174,0,0.94,4,0.71,1
3.56,1,994,2,0.83,4,0.75,2
4.7,1,108,2,0.79,1,0.91,3
3.7,1,578,2,0.69,3,0.91,0
4.94,2,15,0,0.62,3,0.69,0
4.91,0,275,0,0.91,2,0.73,1
4.23,1,911,2,0.93,1,0.83,3
3.06,1,695,0,0.85,0,0.64,0
4.91,1,280,0,0.87,1,0.63,1
2.71,1,403,2,0.92,4,0.68,2
3.86,0,850,2,0.63,4,0.77,2
4.81,0,670,0,0.8,1,0.66,1
4.92,1,527,2,0.69,1,0.81,3
4.86,0,340,0,0.9,3,0.98,1
4.84,0,477,0,0.73,2,0.85,1
3.89,1,951,2,0.72,2,0.81,4
3.94,1,790,2,0.95,4,0.85,2
4.9,0,55,2,0.87,2,0.84,3
4.9,0,641,0,0.93,0,0.9,1
2.74,1,651,1,0.86,4,0.79,0
4.98,0,147,0,0.64,2,0.86,1
3.52,2,308,1,0.89,3,0.98,0
3.93,2,65,1,0.85,0,0.62,0
3.44,1,853,2,0.91,2,0.76,4
3.82,0,409,2,0.92,4,0.8,2
2.61,0,133,2,0.68,1,0.76,3
4.9,0,582,0,0.91,1,0.99,1
3.52,1,810,2,0.98,4,0.95,2
2.98,1,518,2,0.79,1,0.73,4
4.84,0,750,0,0.83,3,0.69,1
3.67,0,221,1,0.92,3,0.95,0
4.42,1,530,2,0.73,4,0.8,2
2.56,2,228,2,0.97,3,0.78,4
3.58,0,756,2,0.86,2,0.7,3
3.46,1,189,2,0.96,3,0.61,4
3.91,0,589,1,0.96,0,0.65,0
4.85,1,994,2,0.65,1,0.84,3
3.92,0,186,2,0.87,3,0.63,4
3.54,0,829,2,0.63,4,0.76,2
2.63,2,228,1,0.78,2,0.95,0
4.35,0,665,2,0.68,4,0.67,2
3.59,0,294,2,0.98,2,0.95,3
4.58,0,174,1,0.72,4,0.8,0
4.97,1,697,0,0.87,2,0.68,1
3.98,0,387,2,0.61,3,0.96,0
4.93,0,259,0,0.73,1,0.71,1
3.25,1,807,2,0.85,4,0.72,2
4.35,0,95,0,0.82,1,0.94,0
3.24,2,585,2,0.88,3,0.84,4
3.84,0,836,1,0.96,2,0.64,0
3.81,2,307,2,0.97,3,0.72,4
4.1,1,547,2,0.89,2,0.9,3
2.69,3,657,0,0.89,1,0.61,0
4.73,3,191,2,0.87,3,0.97,4
4.42,0,532,2,0.95,2,0.64,3
3.71,1,74,2,0.95,4,0.94,2
4.88,0,109,0,0.8,2,0.86,1
4.27,1,251,1,0.64,2,0.68,0
4.95,0,857,0,0.86,3,0.64,1
3.04,2,82,1,0.69,2,0.65,0
4.05,3,343,2,0.87,2,0.65,4
3.96,1,804,2,0.86,1,0.83,4
4.11,0,177,2,0.8,1,0.78,3
3.52,0,36,2,0.83,0,0.94,0
4.14,1,61,2,0.98,2,0.99,3
4.87,0,365,0,0.76,1,0.72,1
2.93,3,839,0,0.81,1,0.79,0
3.12,3,987,1,0.87,3,0.65,0
3.3,1,17,2,0.72,2,0.8,4
4.4,1,907,2,0.81,4,0.96,2
4.87,0,132,0,0.87,2,0.67,1
4.83,0,530,0,0.83,2,0.72,1
4.43,3,355,2,0.62,0,0.75,4
3.37,0,22,2,0.71,1,0.73,3
4.28,1,284,2,0.9,4,0.83,2
2.53,0,204,0,0.88,4,0.89,0
4.72,1,310,2,0.65,4,0.77,2
2.91,2,974,2,0.64,0,0.87,4
4.62,0,937,2,0.75,4,0.63,2
5.0,0,329,0,0.69,4,0.89,1
3.36,1,37,2,0.83,1,0.93,4
4.1,1,824,2,0.6,2,0.84,3
4.23,1,561,2,0.64,2,0.61,3
2.54,2,601,0,0.91,2,0.63,0
4.39,2,832,2,0.87,3,0.79,4
4.85,0,495,0,0.79,2,0.97,1
4.5,0,472,2,0.76,4,0.95,2
2.74,1,95,2,0.66,4,0.83,2
4.88,1,377,2,0.9,3,0.77,4
3.94,1,1000,2,0.61,4,0.91,2
2.87,2,743,2,0.72,0,0.86,4
2.72,1,525,2,0.79,2,0.69,4
4.91,0,592,0,0.96,1,0.75,1
2.56,0,563,2,0.96,2,0.81,3
4.94,0,172,0,0.95,1,0.97,1
3.03,1,619,2,0.75,2,0.82,4
3.68,2,292,1,0.97,4,0.97,0
3.36,0,501,2,0.82,4,0.98,2
2.61,0,253,2,0.86,1,0.94,3
3.65,1,251,2,0.88,3,0.62,4
4.69,0,704,2,0.82,1,0.87,3
2.59,2,706,2,0.82,4,0.87,4
2.56,1,653,2,0.7,4,0.95,2
4.1,1,650,2,0.63,4,0.88,2
4.37,2,451,2,0.64,0,0.72,4
4.83,0,59,0,0.85,1,0.82,1
3.73,0,363,0,0.94,1,0.83,0
3.95,0,558,2,0.88,3,0.76,4
3.35,3,196,2,0.89,1,0.67,4
4.47,1,930,2,0.8,1,0.97,3
4.86,0,913,0,0.7,2,0.65,1
4.6,1,489,2,0.76,1,0.84,3
4.89,0,931,0,0.95,2,0.91,1
4.4,3,514,2,0.93,3,0.74,4
3.76,0,380,2,0.91,4,0.67,2
3.7,3,899,1,0.86,4,0.88,0
3.38,1,817,0,0.86,1,0.91,0
3.99,0,388,2,0.61,2,0.82,3
3.48,0,253,2,0.81,4,0.86,2
3.18,1,10,2,0.95,4,0.83,2
2.93,3,59,1,0.97,2,0.95,0
2.9,0,718,0,0.83,3,0.84,0
4.23,0,828,2,0.74,3,0.95,0
4.45,1,483,2,0.83,0,0.97,0
3.02,0,700,0,0.99,2,0.82,0
4.35,1,653,2,0.85,4,0.9,2
3.99,0,319,2,0.7,3,0.95,0
4.7,1,943,2,0.83,4,0.63,2
4.4,0,395,2,0.78,4,0.9,2
2.51,2,815,2,0.89,3,0.78,4
4.9,0,93,0,0.86,0,0.79,1
4.44,0,831,2,0.88,1,0.7,3
4.63,1,333,2,0.98,2,0.67,3
4.16,1,385,2,0.7,2,0.93,3
3.71,0,352,2,0.78,4,0.7,2
4.3,1,100,2,0.63,2,0.66,3
4.94,0,980,0,0.77,0,0.91,1
3.51,0,251,2,0.77,4,0.89,2
4.97,0,755,0,0.73,2,0.87,1
4.86,0,15,0,0.64,1,0.66,0
4.88,0,76,0,0.83,4,0.72,1
4.94,0,702,0,0.77,0,0.78,1
3.19,0,111,1,0.81,2,0.66,0
4.26,1,880,2,0.82,1,0.87,3
4.82,1,518,2,0.93,1,0.81,3
3.9,1,622,2,0.66,2,0.85,4
4.98,0,553,0,0.65,2,0.95,1
4.69,0,675,2,0.69,2,0.86,3
4.51,1,491,2,0.98,4,0.7,2
4.86,0,916,0,0.9,2,0.8,1
4.77,2,919,1,0.62,3,0.74,0
4.94,0,536,0,0.8,4,0.95,1
3.36,1,560,2,0.87,4,0.95,2
4.8,0,880,2,0.72,1,0.7,3
4.2,1,844,2,0.96,3,0.61,4
3.12,0,143,2,0.89,1,0.84,3
4.72,0,677,2,0.61,1,0.87,3
4.15,1,641,2,0.84,4,0.64,2
4.66,1,728,2,0.73,1,0.82,3
4.83,3,142,2,0.92,3,0.7,4
4.93,0,978,0,0.77,1,0.74,1
4.85,1,72,2,0.66,2,0.81,3
4.12,1,288,2,0.98,1,0.87,3
4.85,2,617,1,0.77,1,0.84,0
2.76,2,510,2,0.71,1,0.64,4
3.34,1,897,2,0.62,0,0.97,0
2.82,0,677,2,0.99,4,0.96,2
2.99,1,987,2,0.84,4,0.88,2
4.98,2,40,0,0.67,3,0.86,0
3.66,1,118,2,0.77,4,0.82,2
4.92,0,472,0,0.84,0,0.88,1
4.49,1,891,2,0.9,3,0.84,4
4.27,1,398,2,0.81,4,0.89,2
4.06,0,548,2,0.95,4,0.88,2
2.99,1,992,2,0.66,4,0.9,2
4.89,0,885,0,0.9,2,0.72,1
4.88,0,100,0,0.64,1,0.85,1
4.79,0,532,2,0.97,3,0.68,4
4.79,1,804,2,0.7,1,0.66,3
3.57,0,705,2,0.86,4,0.96,2
4.86,0,336,0,0.86,1,0.96,1
4.54,3,135,1,0.69,3,0.88,0
3.87,1,225,2,0.73,1,0.66,4
3.42,0,463,2,0.81,3,0.7,0
3.78,1,729,2,0.73,1,0.61,4
3.95,0,947,2,0.91,4,0.95,2
2.73,2,296,2,0.97,3,0.7,4
4.93,0,702,0,0.78,4,0.73,1
4.81,0,490,0,0.67,3,0.93,1
4.34,3,31,2,0.95,1,0.7,4
4.73,0,113,2,0.86,2,0.88,3
3.3,0,695,1,0.61,4,0.9,0
2.82,1,648,2,0.93,2,0.87,4
3.13,3,651,2,0.72,1,0.68,4
3.53,0,987,2,0.67,4,0.93,2
3.24,1,172,2,0.69,4,0.77,2
4.64,1,141,2,0.72,1,0.92,3
2.81,1,578,2,0.74,4,0.69,2
3.59,1,87,2,0.93,2,0.62,4
4.99,0,650,0,0.63,2,0.83,1
4.92,0,97,0,0.66,2,0.92,1
3.82,0,306,2,0.62,4,0.62,2
4.81,0,957,0,0.64,1,0.76,1
3.78,2,512,2,0.93,3,0.72,4
4.48,0,925,2,0.76,1,0.79,3
4.62,1,676,2,0.89,1,0.72,3
3.53,0,238,2,0.97,2,0.7,3
2.6,1,135,2,0.72,4,0.83,2
2.59,1,749,2,0.61,1,0.73,4
4.83,0,703,2,0.95,1,0.98,3
3.69,2,197,1,0.64,2,0.67,0
3.24,3,923,2,0.74,4,0.85,4
3.37,0,360,2,0.88,4,0.68,2
4.34,1,419,2,0.94,4,0.78,2
4.94,0,261,0,0.62,2,0.83,1
3.28,3,584,1,0.92,0,0.64,0
3.35,1,212,2,0.68,0,0.91,0
3.19,0,376,2,0.67,4,0.87,2
3.1,0,808,2,0.62,2,0.87,3
4.26,0,738,2,0.96,1,0.94,3
2.9,0,183,2,0.71,1,0.7,3
4.66,3,549,2,0.84,1,0.89,4
4.82,1,598,0,0.67,2,0.9,1
2.79,2,443,2,0.9,3,0.65,4
4.83,1,910,0,0.71,1,0.98,1
2.79,1,838,2,0.82,4,0.62,2
4.82,0,884,2,0.94,2,0.65,3
4.95,0,814,0,0.63,4,0.82,1
4.43,0,329,2,0.97,4,0.6,2
4.83,0,343,0,0.74,4,0.87,1
4.64,1,72,2,0.83,1,0.9,3
4.61,0,789,2,0.9,4,0.7,2
4.05,3,169,1,0.77,3,0.74,0
4.88,0,844,0,0.65,1,0.79,1
4.91,1,347,2,0.76,1,0.83,3
3.84,0,323,2,0.73,1,0.72,3
2.94,1,494,1,0.91,1,0.76,0
4.81,0,329,0,0.82,4,0.67,1
4.87,0,242,0,0.64,2,0.88,1
4.43,1,775,2,0.74,1,0.9,3
4.96,0,233,0,0.63,4,0.61,1
5.0,1,921,0,0.72,1,0.81,1
3.23,0,360,2,0.98,4,0.79,2
3.03,1,739,2,0.9,4,0.82,2
3.4,1,131,1,0.71,3,0.77,0
4.07,0,798,2,0.83,2,0.68,3
4.84,0,966,0,0.92,4,0.82,1
2.58,1,738,2,0.95,4,0.63,2
4.8,0,395,0,0.72,0,0.97,1
2.66,1,552,2,0.6,2,0.98,4
4.86,1,635,2,0.87,1,0.89,3
4.06,1,578,2,0.86,4,0.8,2
4.97,3,29,0,0.86,4,0.65,0
4.26,0,114,2,0.61,4,0.92,2
4.91,3,30,0,0.87,0,0.85,0
4.81,1,409,0,0.62,3,0.63,1
2.78,0,332,2,0.7,0,0.65,0
3.94,1,337,1,0.78,1,0.74,0
4.84,0,939,0,0.89,1,0.62,1
4.61,1,223,2,0.99,3,0.62,4
2.93,0,450,2,0.78,0,0.69,0
4.27,0,200,2,0.77,4,0.67,2
3.69,1,155,2,0.95,4,0.87,2
4.06,1,821,2,0.78,0,0.71,0
2.85,0,758,2,0.87,4,0.89,2
2.85,1,594,2,0.68,4,0.93,2
4.99,1,454,0,0.77,2,0.86,1
4.91,0,119,0,0.74,1,0.97,1
3.69,0,897,2,0.9,4,0.66,2
4.92,0,638,0,0.87,0,0.9,1
4.27,1,92,2,0.85,2,0.91,3
3.33,0,53,2,0.82,4,0.97,2
3.39,0,124,2,0.97,1,0.76,3
3.28,1,483,2,0.78,4,0.69,2
3.89,0,307,2,0.65,4,0.74,2
2.53,2,24,2,0.87,1,0.83,4
5.0,0,448,0,0.85,4,0.93,1
3.14,1,936,0,0.6,3,0.64,0
3.96,1,909,2,0.93,2,0.75,4
4.95,2,36,0,0.99,3,0.77,0
2.76,1,684,0,0.79,3,0.83,0
4.96,0,143,0,0.66,4,0.62,1
4.86,0,665,0,0.64,1,0.64,1
2.93,0,370,2,0.7,2,0.73,3
2.86,0,824,2,0.83,4,0.8,2
3.47,1,656,2,0.62,1,0.82,4
4.76,1,422,2,0.74,4,0.72,2
3.34,1,210,2,0.7,4,0.97,2
4.46,1,719,2,0.65,1,0.81,3
4.41,1,575,2,0.9,3,0.74,4
3.57,1,847,2,0.83,4,0.95,2
3.65,1,798,2,0.91,2,0.87,4
4.94,1,840,2,0.87,2,0.9,3
4.95,0,834,0,0.71,3,0.77,1
2.78,0,432,2,0.73,4,0.6,2
2.67,1,278,2,0.96,3,0.73,4
3.16,0,381,2,0.6,1,0.69,3
4.67,1,68,2,0.85,0,0.94,0
3.91,0,242,2,0.95,2,0.61,3
3.86,2,902,2,0.84,3,0.76,4
3.6,2,440,2,0.99,2,0.77,4
3.85,3,672,0,0.61,0,0.65,0
3.62,2,66,2,0.99,4,0.78,4
4.64,3,358,0,0.67,0,0.94,0
4.05,1,835,2,0.92,1,0.62,3
4.34,1,763,2,0.92,1,0.82,3
3.42,3,133,2,0.84,3,0.63,4
2.8,0,989,2,0.68,4,0.91,2
4.9,3,16,0,0.8,4,0.62,0
3.52,3,301,0,0.69,1,0.72,0
4.53,1,873,2,0.91,2,0.82,3
3.59,0,510,2,0.75,4,0.9,2
4.66,0,333,2,0.86,4,0.85,2
4.86,0,102,0,0.66,0,0.85,1
4.44,0,970,2,0.67,2,0.78,3
4.93,0,972,0,0.81,2,0.93,1
2.64,0,779,0,0.86,0,0.64,0
3.44,1,897,2,0.69,1,0.68,4
4.99,0,150,0,0.82,4,0.67,1
2.73,1,842,2,0.94,1,0.74,4
4.65,3,612,2,0.92,4,0.98,4
4.2,1,40,2,0.83,2,0.63,3
4.38,1,498,2,0.77,1,0.77,3
2.69,0,996,2,0.9,4,0.91,2
3.27,0,309,2,0.65,4,0.63,2
4.86,1,593,0,0.61,1,0.95,1
2.69,0,871,2,0.98,4,0.8,2
2.54,1,593,2,0.99,1,0.76,4
3.33,1,621,2,0.77,4,0.68,2
4.22,0,993,2,0.81,4,0.92,2
4.56,1,625,2,0.92,4,0.86,2
4.83,0,468,0,0.78,1,0.95,1
2.8,0,795,2,0.87,4,0.8,2
4.55,0,327,2,0.72,4,0.62,2
3.14,0,987,2,0.87,4,0.88,2
2.78,3,154,0,0.67,2,0.82,0
3.44,0,329,2,0.92,3,0.75,4
4.3,3,344,2,0.99,0,0.66,4
4.88,0,350,0,0.64,3,0.97,1
4.8,0,721,0,0.88,0,0.9,1
4.85,0,368,0,0.65,4,0.87,1
3.7,0,663,2,0.86,3,0.89,4
3.83,0,873,2,0.73,4,0.84,2
4.97,0,957,0,0.68,3,0.76,1
4.94,2,16,0,0.91,4,0.77,0
4.91,0,532,0,0.67,0,0.75,1
3.76,0,600,2,0.9,4,0.66,2
4.28,1,729,2,0.91,3,0.92,4
4.3,2,217,2,0.94,3,0.95,4
4.69,0,809,2,0.97,2,0.61,3
4.98,3,37,0,0.74,0,0.87,0
3.9,2,408,2,0.66,4,0.65,4
4.89,0,499,0,0.96,4,0.67,1
4.43,0,349,0,0.64,2,0.67,0
4.83,0,92,0,0.66,2,0.95,1
4.26,0,282,2,0.96,2,0.98,3
4.84,1,950,1,0.92,4,0.82,0
3.08,2,274,2,0.73,1,0.91,4
3.54,1,734,2,0.62,2,0.6,4
2.69,2,855,1,0.83,0,0.79,0
2.59,3,613,2,0.93,3,0.97,4
4.11,0,734,2,0.68,4,0.82,2
3.82,1,210,0,0.87,2,0.72,0
3.37,1,840,2,0.97,4,0.83,2
4.1,1,717,2,0.94,2,0.98,3
4.8,1,987,2,0.94,1,0.79,3
4.38,0,725,2,0.7,0,0.63,0
4.87,0,312,0,0.78,3,0.95,1
4.13,1,469,2,0.87,2,0.68,3
4.12,1,333,2,0.84,2,0.9,3
4.94,1,221,0,0.94,4,0.74,1
3.74,0,715,2,0.76,4,0.73,2
3.33,1,256,2,0.88,2,0.69,4
4.25,3,47,1,0.71,0,0.91,0
2.81,0,162,2,0.63,2,0.64,3
4.28,3,704,0,0.88,1,0.77,0
4.95,0,128,0,0.86,3,0.66,1
3.42,0,187,2,0.97,4,0.85,2
4.83,0,645,0,0.7,0,0.71,1
4.84,0,810,0,0.87,1,0.65,1
2.89,1,859,2,0.71,0,0.6,0
3.63,1,588,2,0.65,1,0.75,4
4.4,1,597,2,0.87,3,0.97,4
4.91,0,470,0,0.78,0,0.76,1
4.91,0,812,0,0.97,3,0.83,1
3.78,3,136,2,0.96,1,0.75,4
4.69,1,604,1,0.8,1,0.84,0
2.57,1,283,2,0.62,4,0.61,2
2.97,2,947,2,0.9,1,0.69,4
4.86,1,666,0,0.87,0,0.71,1
3.35,0,725,0,0.96,0,0.78,0
4.08,3,601,2,0.71,0,0.64,4
2.58,0,289,2,0.8,4,0.83,2
4.25,0,176,2,0.75,0,0.93,0
3.66,1,545,2,0.92,4,0.9,2
4.1,1,499,2,0.65,4,0.86,2
4.87,1,631,2,0.64,1,0.91,3
4.25,3,540,0,0.93,0,0.62,0
3.13,0,571,1,0.75,3,0.94,0
4.58,2,542,2,0.96,3,0.95,4
4.24,1,298,2,0.61,2,0.78,3
3.26,0,161,1,0.74,3,0.97,0
2.69,0,230,2,0.64,2,0.67,3
4.83,0,632,0,0.91,1,0.98,1
4.99,1,444,0,0.82,1,0.92,1
4.93,0,79,0,0.78,2,0.87,1
3.39,0,566,2,0.61,1,0.94,3
4.96,1,373,0,0.77,2,0.79,1
4.56,0,488,2,0.78,1,0.64,3
2.8,1,71,2,0.81,4,0.71,2
4.49,1,787,0,0.87,2,0.71,0
4.94,0,276,0,0.73,4,0.95,1
3.62,0,971,2,0.94,1,0.89,3
2.74,0,223,2,0.86,0,0.7,0
3.5,3,409,2,0.87,3,0.72,4
3.73,0,988,2,0.73,1,0.71,3
2.86,3,995,1,0.78,3,0.87,0
3.74,1,324,2,0.89,1,0.86,4
4.56,0,986,2,0.94,3,0.79,4
4.51,1,416,2,0.94,2,0.94,3
2.9,1,652,2,0.88,3,0.89,4
4.83,0,296,0,0.78,1,0.78,1
3.39,0,212,2,0.94,3,0.68,4
3.38,1,412,2,0.79,3,0.61,0
4.87,1,544,0,0.89,2,0.67,1
4.92,0,350,0,0.69,3,0.81,1
3.22,1,836,2,0.62,4,0.77,2
4.17,1,723,2,0.78,1,0.87,3
5.0,0,66,0,0.63,2,0.66,1
2.74,0,702,2,0.88,2,0.88,3
3.08,0,465,2,0.84,2,0.65,3
4.42,1,490,2,0.87,2,0.74,3
4.95,0,996,2,0.83,2,0.89,3
4.79,1,88,2,0.86,2,0.91,3
3.76,0,355,2,0.91,2,0.81,3
3.47,1,935,2,0.69,2,0.85,4
4.75,1,685,0,0.99,4,0.75,0
4.98,0,72,0,0.79,4,0.75,1
4.76,1,276,2,0.7,2,0.63,3
2.84,2,876,2,0.62,2,0.79,4
4.66,1,521,2,0.91,2,0.78,3
4.27,2,595,2,0.97,3,0.81,4
3.44,1,493,2,0.98,4,0.83,2
2.71,0,589,2,0.98,3,0.75,4
4.15,1,83,2,0.66,1,0.68,3
4.81,1,577,2,0.91,4,0.65,2
3.5,0,499,2,0.95,4,0.89,2
3.2,1,628,2,0.9,4,0.73,2
4.82,0,227,0,0.62,2,0.95,1
2.65,2,64,2,0.63,1,0.62,4
4.32,0,690,2,0.78,4,0.74,2
4.84,0,618,0,0.91,0,0.61,1
3.37,1,411,2,0.67,4,0.6,2
3.83,2,693,2,0.8,0,0.99,4
4.88,1,646,2,0.74,2,0.77,3
3.72,1,470,2,0.94,3,0.63,4
3.72,1,299,1,0.72,1,0.85,0
4.22,0,981,2,0.87,3,0.61,4
4.5,1,203,2,0.78,1,0.85,3
2.56,3,443,2,0.67,0,0.64,4
3.68,3,517,2,0.98,3,0.99,4
3.14,0,315,2,0.7,3,0.72,0
3.83,3,73,2,0.71,1,0.8,4
4.08,3,657,2,0.96,3,0.61,4
4.88,0,938,0,0.72,4,0.71,1
2.94,3,240,2,0.63,3,0.98,4
4.52,1,898,0,0.67,1,0.68,0
3.67,2,470,1,0.7,0,0.62,0
3.34,2,641,2,0.88,3,0.74,4
4.13,1,1000,2,0.67,1,0.93,3
4.58,3,584,2,0.86,3,0.88,4
4.58,1,595,0,0.73,3,0.8,0
2.64,1,494,0,0.82,2,0.92,0
4.67,3,708,2,0.94,3,0.75,4
4.77,1,461,2,0.62,4,0.92,2
4.66,1,620,2,0.98,2,0.75,3
3.3,0,575,2,0.95,4,0.93,2
4.15,1,291,2,0.81,4,0.78,2
4.13,1,89,2,0.93,3,0.65,4
3.47,0,718,2,0.97,4,0.7,2
4.63,0,396,2,0.89,4,0.87,2
4.03,0,383,2,0.75,4,0.71,2
4.91,0,214,0,0.75,3,0.91,1
4.59,1,802,2,0.86,4,0.86,2
2.66,1,108,2,0.83,4,0.68,2
3.81,1,169,2,0.87,4,0.69,2
3.84,1,382,2,0.8,4,0.72,2
3.59,0,840,2,0.9,2,0.75,3
4.97,0,992,0,0.75,3,0.97,1
4.11,1,938,2,0.83,2,0.97,3
2.7,3,326,0,0.99,3,0.81,0
2.79,1,153,2,0.86,4,0.84,2
3.04,1,86,2,0.76,2,0.89,4
4.8,0,459,0,0.74,0,0.66,1
2.78,1,248,2,0.78,4,0.78,2
4.33,1,880,2,0.9,3,0.74,4
4.21,0,125,2,0.98,4,0.86,2
4.24,2,784,1,0.91,3,0.74,0
2.9,3,434,2,0.8,3,0.85,4
2.8,0,195,2,0.62,1,0.9,3
3.74,1,399,2,0.84,4,0.72,2
4.13,1,178,2,0.72,2,0.9,3
3.74,1,286,2,0.65,4,0.69,2
4.96,1,93,0,0.62,4,0.77,1
3.25,2,47,2,0.84,3,0.84,4
4.95,0,706,0,0.64,1,0.86,1
4.94,2,58,2,0.93,3,0.89,4
4.87,0,511,0,0.97,0,0.79,1
4.47,1,199,2,0.97,4,0.79,2
4.7,3,765,2,0.65,2,0.7,4
4.85,0,167,0,0.73,4,0.64,1
2.73,0,475,2,0.74,0,0.89,0
4.63,1,595,2,0.71,2,0.69,3
4.94,0,219,0,0.9,4,0.63,1
4.94,0,757,0,0.64,4,0.91,1
4.86,1,284,0,0.7,0,0.87,1
2.95,1,650,2,0.91,4,0.75,2
4.82,0,26,0,0.88,2,0.76,0
4.78,1,703,2,0.87,2,0.95,3
2.76,0,373,2,0.96,1,0.97,3
4.47,0,683,2,0.94,0,0.78,0
3.21,3,861,2,0.68,3,0.95,4
3.16,0,651,2,0.75,4,0.91,2
2.83,2,178,2,0.96,0,0.89,4
4.04,0,163,2,0.73,3,0.69,0
4.19,0,328,2,0.75,2,0.86,3
4.11,2,183,1,0.99,4,0.92,0
4.0,1,160,2,0.74,1,0.76,3
2.95,1,343,2,0.68,1,0.79,4
3.76,1,445,2,0.66,4,0.97,2
4.86,0,577,0,0.9,2,0.84,1
3.32,0,987,2,0.72,1,0.69,3
4.43,0,185,2,0.79,2,0.72,3
2.62,0,610,2,0.94,2,0.65,3
4.38,2,147,1,0.78,4,0.64,0
3.89,3,457,2,0.91,4,0.73,4
4.79,1,506,2,0.98,2,0.67,3
4.64,0,42,2,0.99,2,0.89,3
2.55,1,618,2,0.84,4,0.76,2
3.92,2,999,1,0.91,4,0.86,0
3.54,2,199,2,0.87,3,0.7,4
4.25,1,41,2,0.62,1,0.86,3
4.99,0,652,0,0.63,0,0.92,1
3.6,1,274,2,0.87,3,0.74,4
3.68,3,639,0,0.77,3,0.71,0
3.45,2,386,2,0.72,1,0.61,4
3.37,0,869,2,0.79,4,0.79,2
4.86,1,335,2,0.81,2,0.96,3
4.17,1,428,2,0.69,2,0.69,3
4.85,0,120,0,0.89,0,0.86,1
4.81,0,299,2,0.66,2,0.78,3
4.01,1,734,2,0.64,3,0.67,0
4.81,0,99,0,0.96,3,0.7,1
4.88,1,374,0,0.92,0,0.61,1
3.68,1,703,2,0.67,2,0.79,4
4.09,0,509,2,0.96,1,0.73,3
4.95,0,640,0,0.63,0,0.84,1
3.93,1,892,2,0.96,4,0.6,2
4.34,1,317,0,0.98,2,0.93,0
3.85,3,664,0,0.87,3,0.93,0
4.23,0,507,2,0.71,1,0.72,3
4.78,0,879,2,0.79,2,0.97,3
4.84,0,927,0,0.79,1,0.73,1
2.95,0,97,2,0.9,4,0.73,2
3.38,1,665,0,0.8,0,0.69,0
4.25,0,691,2,0.82,4,0.96,2
3.72,1,848,2,0.68,1,0.88,4
4.52,1,22,2,0.74,1,0.69,3
4.55,0,348,1,0.78,1,0.62,0
4.44,1,439,2,0.93,2,0.74,3
4.44,0,332,2,0.72,4,0.89,2
4.95,0,108,0,0.96,2,0.72,1
4.19,1,583,2,0.77,2,0.69,3
4.28,1,976,2,0.97,1,0.63,3
4.72,1,406,2,0.83,2,0.86,3
4.18,1,611,2,0.89,1,0.74,3
3.55,0,419,2,0.78,1,0.78,3
4.23,3,761,2,0.74,2,0.89,4
4.77,0,803,2,0.91,3,0.68,4
4.94,1,991,0,0.89,4,0.79,1
4.87,0,405,0,0.81,0,0.88,1
4.87,0,805,0,0.89,2,0.81,1
3.54,1,705,2,0.75,3,0.91,0
4.62,0,843,2,0.79,1,0.86,3
4.57,1,191,2,0.62,4,0.71,2
4.41,0,683,2,0.76,4,0.84,2
4.01,0,785,2,0.64,3,0.66,0
2.51,0,597,2,0.91,3,0.85,4
3.37,2,748,2,0.93,3,0.61,4
5.0,0,303,0,0.84,3,0.93,1
3.07,1,253,2,0.62,2,0.88,4
3.02,3,248,2,0.89,2,0.65,4
3.93,0,548,1,0.91,3,0.97,0
3.68,1,699,2,0.62,2,0.75,4
3.87,1,991,2,0.66,4,0.71,2
3.58,1,271,2,0.6,4,0.61,2
3.7,1,418,2,0.6,0,0.65,0
4.47,1,801,2,0.91,0,0.76,0
4.89,0,788,0,0.92,3,0.67,1
3.71,1,247,2,0.74,4,0.73,2
4.84,0,273,0,0.76,0,0.87,1
2.53,3,139,2,0.7,4,0.97,4
4.86,0,201,0,0.64,0,0.75,1
4.99,0,200,0,0.95,0,0.72,1
2.78,1,937,2,0.69,1,0.74,4
3.39,0,125,2,0.6,4,0.73,2
2.94,0,724,2,0.63,1,0.65,3
4.6,1,519,1,0.96,1,0.69,0
3.06,0,806,2,0.8,2,0.64,3
4.12,0,562,2,0.77,4,0.81,2
2.69,1,837,2,0.83,1,0.62,4
4.65,0,771,2,0.74,1,0.81,3
4.99,0,671,0,0.81,3,0.85,1
4.37,1,779,0,0.86,1,0.91,0
3.33,3,502,1,0.87,3,0.83,0
4.45,0,375,2,0.97,2,0.81,3
4.85,1,185,0,0.85,0,0.91,1
4.73,0,263,0,0.68,0,0.8,0
2.71,0,660,2,0.74,2,0.98,3
4.35,2,630,1,0.82,1,0.83,0
3.35,1,213,2,0.63,4,0.62,2
4.7,0,949,2,0.8,1,0.96,3
4.88,0,64,0,0.72,0,0.78,1
4.95,3,24,0,0.74,1,0.67,0
2.75,1,689,2,0.98,3,0.9,4
4.94,0,586,0,0.89,3,0.65,1
2.74,0,166,2,0.71,4,0.79,2
2.7,3,978,0,0.82,3,0.91,0
4.55,0,381,2,0.86,1,0.92,3
4.95,0,417,0,0.86,4,0.85,1
3.33,3,40,1,0.66,4,0.67,0
4.94,1,333,0,0.83,2,0.69,1
4.87,0,202,0,0.69,3,0.78,1
3.63,0,454,2,0.73,4,0.84,2
3.2,1,815,2,0.79,4,0.65,2
4.15,3,765,2,0.92,3,0.96,4
2.98,3,79,2,0.7,2,0.78,4
3.96,3,624,2,0.95,3,0.79,4
2.78,1,41,0,0.75,4,0.77,0
4.68,0,495,2,0.96,0,0.85,0
4.83,1,43,0,0.78,2,0.81,0
4.88,0,403,0,0.73,2,0.67,1
4.97,1,26,0,0.75,3,0.74,0
2.61,0,843,1,0.75,4,0.65,0
2.88,1,736,2,0.74,3,0.78,0
4.12,0,682,2,0.71,2,0.76,3
4.17,0,63,1,0.85,1,0.79,0
4.05,1,809,2,0.93,4,0.63,2
4.84,0,423,0,0.67,3,0.97,1
4.96,0,352,0,0.9,3,0.76,1
2.69,1,671,2,0.79,4,0.81,2
4.78,1,456,2,0.75,4,0.87,2
4.34,1,663,2,0.85,1,0.71,3
4.86,1,924,2,0.96,2,0.76,3
4.36,0,729,2,0.63,0,0.74,0
3.6,3,549,2,0.69,1,0.79,4
3.18,0,877,1,0.89,3,0.9,0
2.92,0,768,2,0.8,3,0.79,0
2.53,3,779,2,0.73,1,0.89,4
3.92,1,498,2,0.89,1,0.94,4
3.2,1,336,2,0.87,0,0.8,0
3.98,0,792,2,0.75,2,0.61,3
2.7,2,768,2,0.94,3,0.6,4
4.0,1,900,0,0.92,1,0.73,0
4.84,0,136,0,0.71,1,0.84,1
4.9,1,136,0,0.8,0,0.94,1
4.21,1,467,2,0.72,4,0.6,2
2.77,1,400,2,0.77,2,0.8,4
4.84,0,935,0,0.71,3,0.98,1
4.58,1,735,2,0.73,2,0.75,3
4.68,0,745,2,0.84,4,0.98,2
4.82,0,850,0,0.93,0,0.97,1
3.63,1,125,2,0.8,1,0.7,4
3.81,0,223,2,0.93,4,0.72,2
5.0,0,209,0,0.8,4,0.79,1
3.31,0,716,2,0.72,4,0.89,2
4.38,1,229,2,0.92,2,0.87,3
3.98,1,875,2,0.85,4,0.65,2
2.68,0,529,2,0.9,4,0.65,2
4.77,0,625,2,0.67,1,0.67,3
3.73,0,250,1,0.95,1,0.75,0
4.9,0,621,0,0.95,3,0.93,1
3.22,0,254,2,0.99,4,0.64,2
4.96,0,238,0,0.95,3,0.75,1
4.86,0,807,0,0.83,1,0.61,1
2.55,1,136,2,0.91,4,0.96,2
4.88,0,329,0,0.83,3,0.86,1
4.28,0,425,2,0.92,4,0.77,2
4.35,0,510,2,0.79,1,0.79,3
4.79,1,457,2,0.77,1,0.71,3
4.81,0,406,0,0.78,4,0.8,1
4.32,2,675,2,0.88,0,0.77,4
4.96,0,364,0,0.87,0,0.81,1
2.62,0,733,1,0.85,2,0.76,0
3.74,3,647,2,0.96,3,0.84,4
4.75,0,496,2,0.67,2,0.75,3
3.02,2,61,2,0.92,3,0.86,4
4.13,0,433,2,0.81,1,0.85,3
2.76,1,397,2,0.61,1,0.97,4
3.78,1,205,2,0.88,4,0.7,2
3.96,3,90,2,0.9,3,0.7,4
4.71,1,741,2,0.9,4,0.61,2
4.14,1,840,2,0.9,4,0.79,2
3.26,0,67,2,0.79,3,0.65,0
3.26,2,703,0,0.7,0,0.65,0
3.58,2,282,2,0.71,3,0.88,4
4.7,0,328,2,0.84,4,0.91,2
4.59,1,78,2,0.89,2,0.72,3
3.24,1,446,2,0.85,0,0.98,0
4.86,0,683,2,0.86,2,0.77,3
4.3,0,239,2,0.63,4,0.99,2
4.83,0,426,0,0.79,0,0.88,1
3.73,1,780,2,0.96,4,0.86,2
3.54,2,171,0,0.72,2,0.9,0
4.46,0,443,2,0.85,2,0.77,3
4.91,0,853,0,0.64,3,0.68,1
3.67,2,633,2,0.62,4,0.77,4
4.98,0,532,0,0.65,4,0.84,1
4.19,1,931,2,0.72,3,0.94,0
2.66,2,599,1,0.86,3,0.75,0
4.28,1,539,2,0.62,3,0.95,0
3.25,3,944,2,0.93,3,0.97,4
4.08,1,821,2,0.73,2,0.86,3
3.15,0,501,2,0.98,4,0.89,2
3.82,3,844,2,0.92,3,0.62,4
2.51,1,168,2,0.77,4,0.84,2
4.42,1,289,2,0.65,3,0.64,0
3.14,0,20,2,0.92,4,0.67,2
4.35,0,635,2,0.89,1,0.61,3
4.72,0,662,0,0.94,2,0.97,0
4.94,0,640,0,0.86,4,0.85,1
4.81,0,34,0,0.91,1,0.61,0
3.89,0,96,1,0.98,4,0.72,0
3.14,1,139,2,0.9,4,0.72,2
2.77,1,944,2,0.8,1,0.88,4
4.96,0,496,0,0.88,1,0.72,1
2.7,0,916,2,0.94,1,0.86,3
3.01,1,431,2,0.88,3,0.71,4
4.61,1,490,2,0.98,1,0.91,3
4.94,0,363,0,0.85,2,0.85,1
4.73,1,131,2,0.61,2,0.77,3
2.6,1,584,2,0.62,4,0.72,2
4.83,0,798,0,0.62,0,0.84,1
4.12,0,36,2,0.99,1,0.93,3
4.86,1,254,2,0.89,2,0.97,3
3.98,1,862,2,0.79,4,0.76,2
2.52,0,897,2,0.78,4,0.94,2
2.9,1,192,2,0.95,4,0.98,2
3.52,1,840,2,0.94,4,0.97,2
2.59,1,88,2,0.63,1,0.69,4
2.87,1,137,2,0.8,4,0.61,2
4.85,0,470,0,0.91,2,0.89,1
3.22,1,245,2,0.66,1,0.86,4
4.4,3,522,2,0.94,2,0.82,4
3.48,1,779,2,0.91,4,0.83,2
3.83,0,698,2,0.66,1,0.73,3
3.56,1,220,2,0.68,4,0.71,2
4.83,0,226,0,0.67,2,0.73,1
4.93,0,330,0,0.98,4,0.97,1
3.42,0,405,2,0.97,4,0.82,2
4.33,1,892,2,0.79,4,0.63,2
4.96,0,53,0,0.77,0,0.91,1
3.29,0,838,2,0.71,4,0.91,2
4.87,1,819,0,0.72,1,0.7,1
4.86,2,20,0,0.8,4,0.68,0
2.67,1,27,2,0.69,4,0.77,2
2.87,1,66,2,0.74,4,0.68,2
4.9,0,639,0,0.68,1,0.94,1
4.88,1,369,2,0.76,2,0.63,3
4.79,0,181,2,0.93,2,0.61,3
4.92,1,543,0,0.88,4,0.65,1
2.65,0,599,2,0.91,2,0.64,3
3.07,0,199,2,0.95,4,0.86,2
4.26,0,197,2,0.92,3,0.96,4
3.7,3,343,2,0.7,4,0.63,4
4.88,0,390,0,0.87,4,0.61,1
3.43,3,373,2,0.84,4,0.63,4
3.9,0,293,2,0.72,1,0.71,3
4.86,1,802,2,0.78,1,0.98,3
4.67,0,622,2,0.7,4,0.95,2
4.69,0,610,2,0.74,4,0.97,2
4.87,0,453,0,0.69,3,0.75,1
3.61,1,504,2,0.7,4,0.9,2
3.29,1,111,2,0.63,4,0.82,2
4.05,0,143,2,0.92,3,0.76,4
3.11,0,331,2,0.64,4,0.91,2
2.83,1,963,2,0.72,4,0.88,2
4.34,0,243,2,0.66,3,0.98,0
4.02,1,281,2,0.71,2,0.96,3
3.33,0,988,2,0.76,1,0.62,3
4.78,1,162,2,0.76,2,0.85,3
4.74,0,518,1,0.89,4,0.96,0
3.1,1,205,2,0.88,4,0.78,2
3.46,0,228,2,0.89,4,0.86,2
4.8,0,407,0,0.92,0,0.79,1
4.47,0,828,2,0.64,4,0.95,2
2.83,0,429,2,0.82,3,0.98,0
4.85,0,463,0,0.91,4,0.9,1
4.44,0,404,2,0.63,2,0.85,3
3.38,0,292,2,0.88,4,0.87,2
4.83,0,640,0,0.93,3,0.92,1
4.95,0,232,0,0.99,3,0.74,1
2.87,0,813,2,0.92,1,0.65,3
4.53,0,522,2,0.79,4,0.86,2
3.18,0,457,2,0.89,4,0.86,2
2.63,1,472,2,0.62,2,0.7,4
3.33,0,398,2,0.93,3,0.72,4
2.72,0,599,1,0.7,0,0.81,0
2.65,0,858,2,0.61,4,0.67,2
4.69,0,675,2,0.98,1,0.96,3
4.92,0,767,0,0.76,0,0.69,1
4.87,1,485,0,0.98,4,0.98,1
4.29,1,831,2,0.77,3,0.89,0
3.68,0,750,2,0.86,4,0.62,2
4.36,3,894,2,0.98,3,0.68,4
4.95,2,30,0,0.95,4,0.87,0
4.93,0,644,0,0.7,2,0.83,1
2.81,3,933,0,0.74,1,0.66,0
4.96,1,239,0,0.74,0,0.85,1
4.94,1,728,0,0.91,2,0.62,1
4.68,1,457,1,0.69,1,0.8,0
4.3,0,942,2,0.84,0,0.79,0
3.91,1,289,1,0.98,4,0.9,0
4.96,0,395,0,0.98,0,0.7,1
4.97,0,542,0,0.99,3,0.7,1
4.18,0,380,2,0.88,4,0.86,2
3.38,1,305,2,0.86,0,0.76,0
4.53,0,233,2,0.8,4,0.96,2
2.69,1,379,2,0.72,4,0.97,2
4.6,0,128,2,0.6,1,0.91,3
4.96,0,64,0,0.68,3,0.92,1
3.81,0,49,2,0.71,4,0.98,2
3.48,1,926,2,0.84,1,0.65,4
4.01,1,548,2,0.6,1,0.61,3
3.3,0,319,2,0.81,4,0.95,2
4.15,1,597,2,0.97,2,0.92,3
4.98,0,666,0,0.92,0,0.92,1
4.56,1,756,2,0.66,1,0.62,3
4.22,0,977,2,0.98,2,0.96,3
4.28,0,723,2,0.78,4,0.69,2
2.99,0,72,2,0.93,4,0.75,2
2.89,1,592,2,0.77,2,0.8,4
2.59,0,73,2,0.86,3,0.83,4
2.86,0,250,2,0.7,1,0.64,3
4.95,1,363,0,0.86,1,0.98,1
3.49,2,459,2,0.67,0,0.62,4
4.03,0,734,2,0.84,3,0.87,0
4.95,0,116,0,0.88,1,0.92,1
3.45,1,341,2,0.71,1,0.72,4
2.62,1,98,2,0.66,4,0.84,2
4.85,0,637,0,0.62,3,0.72,1
4.89,0,647,0,0.62,1,0.86,1
3.32,2,737,1,0.7,3,0.71,0
4.46,1,516,2,0.67,1,0.62,3
4.75,1,609,2,0.96,2,0.98,3
3.41,1,625,2,0.63,4,0.96,2
4.61,3,474,0,0.65,1,0.67,0
4.46,3,461,0,0.6,3,0.68,0
4.88,0,379,0,0.9,4,0.61,1
3.97,0,106,1,0.67,4,0.79,0
4.81,1,813,0,0.62,0,0.87,1
4.95,0,468,0,0.9,4,0.68,1
3.7,1,840,2,0.7,2,0.88,4
3.62,1,13,1,0.76,2,0.72,0
3.81,1,253,2,0.98,4,0.86,2
4.86,0,614,0,0.98,0,0.71,1
4.87,0,835,0,0.8,2,0.63,1
4.83,0,89,0,0.72,2,0.76,1
4.54,1,741,2,0.96,2,0.69,3
3.87,1,51,2,0.61,2,0.95,4
3.26,1,48,2,0.75,4,0.71,2
3.06,1,537,2,0.77,3,0.86,0
4.16,1,873,1,0.96,1,0.81,0
4.93,0,936,0,0.91,0,0.93,1
4.69,0,119,2,0.79,4,0.64,2
4.98,0,559,0,0.82,3,0.74,1
3.62,2,225,2,0.75,2,0.61,4
2.85,0,308,0,0.69,1,0.73,0
4.84,2,50,0,0.8,2,0.95,0
3.1,2,187,2,0.73,0,0.65,4
4.94,0,29,0,0.86,2,0.65,0
3.77,2,520,1,0.8,1,0.73,0
4.77,1,460,2,0.7,2,0.88,3
4.53,1,788,2,0.87,2,0.83,3
4.04,0,66,2,0.87,4,0.74,2
3.74,0,697,2,0.95,1,0.74,3
4.19,0,538,2,0.63,2,0.96,3
2.55,1,574,2,0.82,4,0.97,2
4.56,0,995,2,0.89,4,0.69,2
4.51,1,569,2,0.98,2,0.85,3
3.66,0,196,2,0.87,2,0.84,3
4.11,0,155,1,0.89,0,0.64,0
2.79,3,46,0,0.79,0,0.69,0
3.43,0,249,0,0.7,4,0.86,0
3.87,3,225,2,0.84,2,0.85,4
4.96,0,276,0,0.79,0,0.7,1
3.37,0,152,1,0.68,2,0.96,0
4.95,0,748,0,0.71,2,0.61,1
2.81,2,865,2,0.89,3,0.81,4
3.4,1,311,1,0.78,4,0.98,0
4.8,1,217,2,0.62,1,0.86,3
4.57,1,877,2,0.67,1,0.94,3
4.09,0,801,2,0.83,4,0.66,2
3.39,0,113,2,0.75,2,0.7,3
2.79,2,941,2,0.96,3,0.97,4
3.7,1,968,2,0.68,3,0.85,0
3.76,1,867,2,0.78,1,0.73,4
3.16,0,362,2,0.92,3,0.72,4
4.85,0,606,0,0.84,3,0.62,1
2.72,2,567,0,0.98,1,0.86,0
3.06,3,593,1,0.95,3,0.66,0
3.64,3,757,1,0.64,3,0.72,0
3.75,0,400,2,0.78,4,0.97,2
4.76,3,123,2,0.96,3,0.76,4
4.81,3,26,0,0.72,3,0.86,0
3.09,3,571,2,0.87,1,0.63,4
4.01,1,951,2,0.82,3,0.78,0
4.94,0,582,0,0.67,2,0.92,1
4.69,3,310,2,0.72,2,0.95,4
3.06,1,355,2,0.89,3,0.7,4
3.01,0,23,2,0.75,2,0.81,3
4.28,1,132,2,0.77,4,0.6,2
4.98,0,117,0,0.74,4,0.86,1
3.41,1,609,1,0.93,2,0.62,0
4.97,0,452,0,0.67,4,0.83,1
3.56,0,488,2,0.68,2,0.61,3
4.74,2,282,0,0.64,1,0.89,0
2.98,1,236,2,0.87,4,0.98,2
3.45,0,834,2,0.64,2,0.74,3
4.98,0,327,0,0.64,1,0.64,1
2.61,1,198,2,0.62,2,0.68,4
2.79,1,158,2,0.9,4,0.93,2
4.92,0,27,0,0.87,1,0.77,0
4.2,1,48,2,0.81,1,0.91,3
3.95,0,351,2,0.93,4,0.78,2
4.94,0,634,0,0.63,2,0.95,1
2.81,1,172,2,0.98,2,0.61,4
4.83,1,70,0,0.61,2,0.76,1
4.96,0,59,0,0.95,1,0.78,1
4.17,0,645,2,0.72,1,0.93,3
4.91,0,426,0,0.69,0,0.82,1
4.97,0,386,0,0.66,2,0.71,1
3.78,3,582,2,0.93,3,0.77,4
3.62,0,570,1,0.7,1,0.68,0
2.96,1,548,2,0.93,1,0.92,4
3.25,0,468,2,0.75,4,0.7,2
4.32,1,651,2,0.79,2,0.8,3
4.29,2,548,1,0.83,1,0.82,0
4.11,1,725,2,0.61,4,0.9,2
4.8,1,212,2,0.78,1,0.69,3
3.15,1,561,2,0.64,2,0.74,4
3.59,3,663,2,0.88,3,0.96,4
4.29,0,545,2,0.79,1,0.83,3
2.92,3,560,0,0.69,1,0.72,0
4.5,1,453,2,0.71,2,0.64,3
2.87,3,269,2,0.84,4,0.94,4
3.19,1,306,2,0.82,1,0.69,4
4.99,0,491,0,0.92,0,0.93,1
4.94,0,54,0,0.93,3,0.66,1
4.99,0,189,0,0.72,3,0.86,1
4.92,0,696,0,0.72,3,0.94,1
3.05,0,564,2,0.82,4,0.6,2
4.96,3,42,0,0.98,1,0.91,0
3.5,2,976,2,0.87,0,0.72,4
3.32,1,607,0,0.66,2,0.84,0
4.45,1,854,2,0.92,3,0.93,4
4.8,0,643,0,0.65,2,0.74,1
4.84,0,594,0,0.87,2,0.97,1
4.96,2,18,0,0.69,4,0.72,0
4.43,0,351,2,0.74,0,0.81,0
3.98,0,540,2,0.68,1,0.82,3
3.35,0,669,1,0.71,4,0.9,0
4.91,0,201,0,0.78,0,0.93,1
4.84,0,751,0,0.61,1,0.99,1
3.64,0,244,2,0.72,4,0.73,2
2.68,0,388,2,0.93,4,0.67,2
2.87,3,158,2,0.92,3,0.74,4
4.86,0,373,0,0.74,1,0.88,1
3.24,1,838,2,0.65,4,0.84,2
3.06,0,891,2,0.86,4,0.78,2
3.33,3,573,1,0.61,3,0.85,0
3.28,0,410,2,0.77,2,0.89,3
3.87,3,373,2,0.76,2,0.64,4
4.07,1,581,2,0.81,1,0.9,3
3.82,3,285,0,0.75,0,0.85,0
4.59,1,541,2,0.67,4,0.86,2
4.19,1,419,2,0.86,4,0.93,2
4.97,0,274,0,0.88,2,0.6,1
4.91,0,719,0,0.67,1,0.9,1
3.35,1,491,2,0.76,1,0.62,4
4.81,1,609,0,0.77,3,0.77,1
4.79,1,376,2,0.97,2,0.86,3
4.7,0,43,2,0.88,3,0.82,4
3.25,1,816,2,0.82,1,0.68,4
3.07,1,90,2,0.65,2,0.79,4
4.93,1,968,2,0.77,1,0.71,3
4.88,0,482,0,0.94,2,0.62,1
3.79,1,316,2,0.68,1,0.67,4
3.23,0,838,2,0.68,4,0.99,2
3.0,1,422,2,0.8,4,0.83,2
3.21,0,33,0,0.97,4,0.78,0
4.82,0,169,2,0.62,2,0.66,3
4.82,1,929,2,0.91,3,0.72,4
4.93,1,527,2,0.83,2,0.85,3
4.09,0,677,1,0.82,4,0.89,0
4.95,0,97,0,0.9,0,0.95,1
4.84,0,526,0,0.73,2,0.82,1
4.49,1,716,2,0.63,3,0.96,0
4.43,1,986,2,0.8,2,0.63,3
4.85,0,991,0,0.83,1,0.77,1
3.34,1,388,2,0.68,1,0.84,4
4.74,1,606,2,0.98,1,0.61,3
4.03,1,402,2,0.64,2,0.86,3
3.75,1,233,2,0.62,4,0.65,2
2.67,0,761,2,0.69,2,0.84,3
3.96,0,585,2,0.93,3,0.91,4
3.83,2,453,2,0.83,1,0.97,4
4.48,1,923,2,0.71,2,0.78,3
3.05,0,692,2,0.7,1,0.78,3
4.77,2,799,1,0.71,1,0.87,0
4.0,0,207,2,0.95,2,0.97,3
3.44,0,864,2,0.93,4,0.97,2
3.82,2,42,2,0.88,4,0.7,4
3.08,1,163,2,0.89,1,0.69,4
4.98,0,526,0,0.61,1,0.6,1
3.19,0,740,2,0.82,1,0.67,3
3.72,1,481,2,0.96,3,0.89,4
3.01,1,206,2,0.96,4,0.78,2
4.98,1,256,0,0.98,1,0.82,1
3.51,1,528,2,0.71,3,0.94,0
4.82,0,675,0,0.77,3,0.76,1
3.56,0,228,2,0.82,4,0.93,2
4.59,1,829,2,0.74,1,0.72,3
2.55,0,695,2,0.89,2,0.88,3
4.39,1,254,2,0.69,1,0.69,3
4.08,1,652,0,0.64,2,0.93,0
2.96,1,601,1,0.98,1,0.63,0
3.14,3,659,2,0.91,4,0.93,4
3.09,0,346,2,0.77,2,0.95,3
3.39,1,769,2,0.76,4,0.93,2
4.06,0,213,2,0.69,4,0.7,2
4.65,1,486,2,0.88,4,0.69,2
4.89,0,417,0,0.86,0,0.87,1
2.68,1,963,2,0.61,2,0.68,4
4.15,1,279,2,0.65,2,0.87,3
4.87,0,141,0,0.73,3,0.64,1
4.9,0,379,0,0.94,2,0.98,1
4.83,0,282,0,0.62,3,0.93,1
4.58,2,366,2,0.93,3,0.98,4
4.12,1,139,2,0.93,2,0.72,3
2.91,0,967,2,0.78,4,0.64,2
2.76,3,484,2,0.76,2,0.93,4
2.79,0,844,2,0.83,4,0.91,2
3.59,3,333,2,0.92,3,0.67,4
3.69,1,54,2,0.89,3,0.98,4
4.05,0,533,2,0.72,2,0.63,3
4.47,1,338,2,0.81,1,0.8,3
3.58,0,139,2,0.76,2,0.61,3
4.97,0,95,0,0.98,0,0.77,1
4.32,0,463,2,0.79,4,0.83,2
4.87,0,428,1,0.95,0,0.75,0
3.62,1,437,2,0.94,1,0.99,4
4.84,0,761,2,0.71,1,0.96,3
4.03,1,340,2,0.94,2,0.96,3
2.74,0,686,1,0.96,1,0.95,0
4.84,0,852,0,0.9,3,0.67,1
3.62,0,186,2,0.96,4,0.66,2
4.74,1,22,2,0.8,1,0.69,3
3.99,0,262,2,0.97,1,0.9,3
2.56,1,834,2,0.92,4,0.71,2
4.1,1,611,2,0.74,4,0.91,2
3.11,1,174,2,0.94,2,0.8,4
2.55,1,11,2,0.63,4,0.85,2
4.88,0,491,0,0.93,2,0.69,1
4.95,1,929,0,0.69,4,0.99,1
3.19,0,414,0,0.92,4,0.99,0
3.22,0,574,2,0.69,2,0.7,3
4.26,3,204,1,0.8,3,0.9,0
3.56,0,432,2,0.91,3,0.69,4
3.23,0,247,2,0.85,4,0.79,2
4.79,1,146,2,0.76,2,0.65,3
3.18,1,124,2,0.75,1,0.65,4
2.6,0,273,2,0.94,4,0.85,2
4.82,0,857,0,0.61,0,0.85,1
4.84,0,738,0,0.65,4,0.77,1
4.06,1,753,2,0.82,1,0.71,3
3.13,1,158,2,0.92,2,0.79,4
3.0,0,249,2,0.96,2,0.85,3
4.1,0,421,2,0.71,2,0.7,3
3.78,0,44,2,0.8,3,0.8,0
4.97,0,272,0,0.88,2,0.84,1
4.63,1,424,2,0.66,1,0.78,3
4.01,1,815,2,0.67,1,0.88,3
4.92,0,584,0,0.81,2,0.77,1
4.83,3,166,2,0.88,3,0.62,4
4.83,0,285,0,0.73,1,0.94,1
4.35,2,554,2,0.89,3,0.86,4
4.91,0,150,0,0.62,3,0.85,1
4.87,0,295,0,0.88,3,0.76,1
4.43,3,489,2,0.85,1,0.79,4
4.11,3,208,2,0.86,3,0.68,4
5.0,1,864,0,0.81,0,0.99,1
4.53,0,517,2,0.69,2,0.62,3
4.81,0,680,0,0.71,1,0.84,1
3.6,0,122,2,0.88,4,0.71,2
2.96,0,277,2,0.95,1,0.8,3
3.47,0,340,1,0.87,2,0.94,0
4.88,1,441,0,0.71,0,0.79,1
3.07,0,364,2,0.68,4,0.83,2
4.81,0,377,0,0.62,1,0.81,1
3.78,1,892,2,0.73,1,0.93,4
4.54,0,108,2,0.87,2,0.71,3
2.7,1,631,2,0.9,4,0.67,2
4.19,0,918,2,0.95,1,0.69,3
4.87,0,598,0,0.75,0,0.91,1
4.35,2,954,2,0.79,1,0.63,4
4.81,0,818,0,0.68,4,0.97,1
4.64,1,196,2,0.88,4,0.81,2
4.01,0,198,2,0.9,4,0.71,2
4.82,0,835,0,0.65,1,0.78,1
2.59,0,676,2,0.94,4,0.74,2
4.91,0,830,0,0.73,4,0.92,1
4.88,1,317,0,0.62,2,0.84,1
4.5,1,121,2,0.6,2,0.79,3
4.81,0,237,0,0.61,0,0.7,1
2.86,2,866,2,0.91,3,0.72,4
4.87,0,816,0,0.98,4,0.81,1
4.33,1,278,2,0.77,1,0.92,3
4.79,1,871,2,0.88,2,0.95,3
4.85,0,868,0,0.84,0,0.84,1
4.09,0,879,1,0.76,3,0.64,0
3.6,1,269,2,0.92,4,0.74,2
4.91,0,855,0,0.61,1,0.93,1
4.91,0,614,0,0.8,3,0.68,1
4.92,0,889,0,0.94,4,0.81,1
2.82,3,327,2,0.86,3,0.74,4
2.86,0,855,2,0.75,4,0.89,2
3.11,1,54,2,0.75,4,0.87,2
4.65,1,327,2,0.72,4,0.77,2
4.84,0,880,0,0.6,0,0.94,1
4.62,0,542,2,0.73,1,0.77,3
4.84,0,661,0,0.73,4,0.79,1
2.72,2,615,2,0.96,4,0.69,4
2.84,3,551,2,0.9,0,0.6,4
4.84,1,68,0,0.6,0,0.66,1
4.92,0,48,0,0.86,0,0.62,0
4.18,1,563,2,0.6,4,0.76,2
4.58,1,493,2,0.72,1,0.82,3
4.83,0,651,0,0.63,0,0.9,1
4.66,1,167,0,0.86,4,0.73,0
3.38,1,801,2,0.81,4,0.99,2
2.53,0,157,2,0.7,4,0.62,2
3.55,2,506,2,0.87,2,0.66,4
4.96,0,533,0,0.89,4,0.76,1
4.37,0,249,2,0.64,2,0.89,3
4.22,0,671,2,0.75,2,0.91,3
4.01,0,82,2,0.75,2,0.61,3
2.72,0,699,2,0.94,1,0.96,3
4.89,1,264,2,0.62,1,0.79,3
3.73,1,215,2,0.97,4,0.8,2
4.93,0,260,0,0.67,0,0.75,1
2.9,0,582,0,0.82,1,0.65,0
4.3,1,394,1,0.95,0,0.78,0
2.84,3,790,2,0.91,1,0.73,4
4.12,0,41,2,0.9,4,0.63,2
4.09,0,586,1,0.98,3,0.98,0
3.85,2,642,2,0.86,1,0.6,4
4.17,1,843,2,0.82,4,0.76,2
3.18,1,132,2,0.81,1,0.76,4
4.65,0,493,2,0.65,2,0.82,3
4.39,0,560,2,0.6,2,0.93,3
3.03,2,886,1,0.92,1,0.83,0
4.91,0,30,0,0.81,0,0.98,0
3.51,3,436,2,0.63,4,0.62,4
4.55,1,768,2,0.83,2,0.64,3
3.82,0,368,2,0.93,3,0.75,4
4.98,0,185,0,0.68,0,0.74,1
2.74,1,743,2,0.79,4,0.93,2
4.09,1,46,2,0.61,4,0.67,2
2.81,0,242,1,0.76,4,0.82,0
4.86,0,692,0,0.95,0,0.92,1
4.86,0,117,0,0.96,3,0.83,1
4.97,0,643,0,0.62,1,0.74,1
2.7,2,144,2,0.86,2,0.71,4
4.82,1,661,0,0.93,3,0.97,1
3.11,1,703,1,0.68,3,0.8,0
4.8,0,469,0,0.64,4,0.77,1
4.36,0,824,2,0.86,2,0.73,3
3.85,0,773,0,0.65,4,0.93,0
3.52,0,775,2,0.94,4,0.94,2
4.67,2,960,2,0.93,3,0.94,4
4.61,1,100,2,0.6,1,0.67,3
2.91,1,587,2,0.61,1,0.8,4
2.73,1,157,2,0.94,2,0.72,4
2.65,0,413,2,0.68,1,0.88,3
2.93,2,714,2,0.9,3,0.99,4
4.12,0,476,2,0.78,1,0.6,3
4.93,0,223,0,0.88,2,0.71,1
4.81,0,830,0,0.82,4,0.92,1
3.35,0,627,2,0.63,4,0.7,2
4.21,1,14,2,0.62,4,0.82,2
4.53,1,681,2,0.7,1,0.83,3
4.9,0,767,0,0.84,1,0.63,1
4.93,1,396,2,0.84,1,0.77,3
4.82,0,152,0,0.93,0,0.91,1
4.04,3,153,2,0.94,3,0.83,4
3.1,1,160,2,0.97,1,0.69,4
3.94,3,262,2,0.82,4,0.71,4
4.0,3,696,0,0.76,0,0.72,0
3.44,1,304,2,0.73,4,0.96,2
3.71,3,766,2,0.67,0,0.6,4
2.79,1,386,2,0.83,4,0.95,2
4.96,0,978,0,0.67,3,0.62,1
2.8,1,345,1,0.82,2,0.82,0
4.2,1,930,2,0.76,1,0.81,3
4.97,0,552,0,0.77,0,0.98,1
3.16,0,248,2,0.86,4,0.8,2
2.6,2,26,2,0.98,4,0.96,4
3.81,0,335,2,0.75,1,0.82,3
2.96,0,617,2,0.75,3,0.86,0
3.71,1,303,2,0.92,0,0.78,0
3.33,0,986,0,0.75,3,0.62,0
4.78,0,936,2,0.98,2,0.82,3
2.98,3,305,2,0.78,1,0.79,4
3.7,1,362,2,0.64,3,0.95,0
2.77,3,695,2,0.9,3,0.99,4
4.89,0,676,0,0.67,3,0.6,1
4.59,0,703,2,0.84,4,0.97,2
2.92,0,733,2,0.72,4,0.68,2
4.88,0,113,0,0.9,3,0.9,1
2.65,1,849,2,0.89,1,0.81,4
2.63,0,872,2,0.92,1,0.63,3
3.4,0,511,2,0.75,4,0.79,2
2.8,3,967,0,0.69,3,0.91,0
4.93,1,755,0,0.82,2,0.64,1
4.82,0,607,0,0.87,2,0.76,1
4.87,0,757,0,0.65,4,0.93,1
4.41,0,25,2,0.87,4,0.67,2
4.24,0,934,2,0.92,3,0.73,4
4.67,3,296,1,0.63,1,0.93,0
3.86,3,20,2,0.84,2,0.75,4
4.05,3,166,2,0.86,3,0.79,4
4.88,0,219,0,0.74,0,0.69,1
4.89,0,62,0,0.66,2,0.9,1
2.56,0,762,2,0.63,4,0.62,2
4.51,3,835,1,0.89,1,0.96,0
4.97,0,227,0,0.71,2,0.96,1
3.37,1,797,2,0.91,0,0.68,0
4.18,1,763,2,0.77,2,0.79,3
3.95,3,337,2,0.96,3,0.89,4
4.46,0,191,2,0.82,1,0.72,3
4.77,1,770,2,0.84,1,0.76,3
2.63,1,748,2,0.74,4,0.92,2
2.71,2,476,1,0.88,4,0.8,0
3.65,3,974,2,0.8,4,0.76,4
2.72,2,447,2,0.89,2,0.97,4
3.85,0,11,2,0.8,3,0.97,0
4.86,1,566,0,0.63,0,0.6,1
4.84,1,274,2,0.7,2,0.81,3
4.04,1,888,2,0.86,1,0.8,3
3.32,2,780,2,0.62,2,0.76,4
3.86,2,193,2,0.83,2,0.62,4
4.86,0,623,0,0.9,2,0.68,1
4.23,3,546,1,0.8,1,0.74,0
3.63,0,28,2,0.86,4,0.64,2
4.98,3,27,0,0.67,4,0.71,0
3.1,3,407,2,0.94,2,0.68,4
4.95,1,980,0,0.79,0,0.65,1
4.91,1,820,0,0.93,3,0.64,1
3.55,0,822,2,0.8,2,0.86,3
5.0,0,918,0,0.78,0,0.81,1
3.36,3,82,2,0.79,3,0.87,4
2.89,0,811,2,0.8,4,0.85,2
4.27,3,480,2,0.88,2,0.95,4
4.92,0,415,0,0.91,2,0.67,1
3.64,1,411,2,0.72,4,0.78,2
4.24,1,633,2,0.7,1,0.83,3
4.98,0,881,0,0.97,0,0.65,1
3.34,1,583,2,0.99,0,0.76,0
3.23,0,552,2,0.91,4,0.73,2
2.97,1,443,2,0.69,3,0.67,0
4.34,2,328,2,0.85,0,0.92,4
4.19,1,65,2,0.96,2,0.81,3
3.09,2,461,2,0.76,2,0.86,4
4.88,0,789,0,0.84,1,0.65,1
4.91,0,258,0,0.97,3,0.79,1
4.89,1,727,0,0.65,1,0.78,1
2.9,0,484,2,0.71,4,0.83,2
4.69,1,179,2,0.81,1,0.67,3
4.96,1,41,0,0.67,1,0.98,0
3.32,1,916,2,0.85,2,0.89,4
3.68,1,466,2,0.67,1,0.69,4
3.46,0,905,2,0.94,3,0.82,4
3.07,1,621,2,0.87,4,0.94,2
2.84,2,713,2,0.89,3,0.72,4
4.39,0,708,2,0.94,4,0.73,2
4.06,3,524,1,0.75,3,0.88,0
4.93,1,334,0,0.97,1,0.69,1
5.0,0,561,0,0.72,2,0.76,1
2.67,0,484,2,0.67,4,0.91,2
3.77,1,241,2,0.71,2,0.75,4
4.93,0,534,0,0.92,2,0.76,1
4.96,0,742,0,0.67,1,0.95,1
3.6,0,541,2,0.8,2,0.7,3
4.1,3,598,2,0.95,3,0.83,4
2.9,3,213,2,0.78,3,0.65,4
4.59,1,307,2,0.9,2,0.98,3
4.34,1,548,2,0.85,1,0.73,3
4.82,0,300,0,0.89,2,0.73,1
3.13,1,710,2,0.85,2,0.98,4
4.95,0,520,0,0.86,1,0.75,1
2.5,0,357,2,0.87,1,0.65,3
4.87,0,631,0,0.78,1,0.75,1
4.94,0,197,0,0.7,2,0.83,1
4.97,0,438,0,0.6,2,0.61,1
4.47,1,179,2,0.93,1,0.72,3
3.63,1,547,2,0.68,0,0.95,0
4.5,1,994,2,0.76,0,0.77,0
3.71,0,654,2,0.76,4,0.89,2
3.42,2,318,2,0.67,4,0.79,4
3.18,0,558,2,0.66,1,0.97,3
3.66,0,753,2,0.61,2,0.69,3
4.99,0,445,0,0.69,2,0.79,1
4.69,3,762,2,0.97,3,0.91,4
4.92,0,209,0,0.95,4,0.62,1
4.4,0,521,2,0.9,2,0.78,3
3.31,1,377,2,0.7,2,0.95,4
3.23,0,165,0,0.98,0,0.67,0
4.27,0,743,2,0.63,2,0.71,3
3.9,0,962,2,0.69,2,0.66,3
4.82,0,851,0,0.64,0,0.97,1
4.05,3,472,1,0.99,3,0.84,0
3.64,3,909,2,0.65,0,0.95,4
3.56,1,99,2,0.89,3,0.61,4
3.53,1,212,2,0.64,2,0.83,4
4.18,1,190,2,0.85,4,0.65,2
2.84,0,108,2,0.9,3,0.67,4
4.98,1,337,0,0.64,1,0.86,1
4.91,0,989,2,0.69,1,0.94,3
3.49,0,729,2,0.77,0,0.85,0
4.89,1,920,0,0.75,1,0.69,1
4.62,0,922,2,0.81,4,0.85,2
4.19,0,726,2,0.65,2,0.64,3
3.22,1,626,0,0.99,1,0.84,0
4.27,2,808,2,0.72,2,0.91,4
4.97,0,989,0,0.71,4,0.69,1
3.27,3,797,2,0.71,3,0.97,4
3.92,0,121,2,0.9,0,0.86,0
3.31,0,598,2,0.77,4,0.76,2
4.01,2,297,0,0.9,3,0.69,0
4.26,1,988,2,0.91,2,0.98,3
4.15,1,228,2,0.89,3,0.9,4
4.98,1,783,0,0.75,3,0.89,1
3.26,0,94,1,0.73,0,0.75,0
2.95,1,997,2,0.82,4,0.92,2
3.5,1,93,2,0.8,4,0.7,2
2.54,0,108,2,0.67,2,0.81,3
3.19,1,716,1,0.97,1,0.69,0
3.66,2,41,2,0.76,2,0.97,4
4.46,1,489,2,0.63,2,0.78,3
4.92,3,12,0,0.87,3,0.7,0
3.11,2,675,1,0.84,0,0.63,0
3.86,1,889,2,0.63,0,0.67,0
4.91,1,580,0,0.94,0,0.88,1
4.95,0,913,0,0.79,1,0.75,1
4.88,0,89,0,0.79,3,0.76,1
4.8,0,900,0,0.67,2,0.68,1
2.86,3,414,2,0.96,3,0.95,4
4.89,0,489,0,0.73,2,0.67,1
4.34,1,453,2,0.89,3,0.94,4
4.92,0,218,0,0.74,4,0.91,1
4.1,1,765,2,0.62,4,0.98,2
3.46,1,97,2,0.61,4,0.78,2
4.92,0,638,0,0.65,2,0.64,1
3.04,0,442,2,0.71,4,0.89,2
3.79,1,634,0,0.77,1,0.84,0
4.97,0,729,0,0.97,0,0.7,1
2.67,1,669,2,0.96,3,0.87,4
3.28,3,423,2,0.94,3,0.99,4
4.83,0,372,2,0.61,4,0.65,2
3.89,1,291,2,0.91,4,0.93,2
3.26,2,513,2,0.94,3,0.6,4
3.57,1,339,2,0.75,1,0.97,4
4.24,0,863,2,0.96,4,0.76,2
3.31,0,469,2,0.71,2,0.65,3
3.53,1,245,2,0.6,2,0.78,4
4.11,1,935,2,0.69,1,0.63,3
3.8,0,188,2,0.76,3,0.74,0
3.03,2,665,2,0.8,4,0.64,4
4.77,0,375,1,0.89,3,0.8,0
4.82,0,862,2,0.67,4,0.82,2
3.15,3,101,1,0.61,1,0.66,0
4.98,1,769,0,0.85,4,0.75,1
4.81,1,491,2,0.96,2,0.81,3
4.34,1,786,2,0.6,4,0.99,2
4.08,1,899,2,0.92,1,0.94,3
4.23,0,753,2,0.67,4,0.75,2
4.92,1,668,0,0.84,0,0.71,1
3.5,0,297,2,0.92,3,0.6,4
3.21,1,221,2,0.74,4,0.8,2
3.52,0,604,2,0.81,4,0.87,2
4.69,0,642,2,0.87,3,0.71,4
4.05,1,665,2,0.88,4,0.95,2
2.56,1,799,0,0.77,3,0.82,0
4.09,1,57,2,0.9,4,0.63,2
2.69,1,380,2,0.77,4,0.95,2
4.87,0,618,0,0.76,2,0.85,1
3.08,0,366,2,0.94,4,0.91,2
3.61,0,147,2,0.84,1,0.92,3
4.92,0,263,0,0.66,3,0.9,1
3.33,1,195,2,0.9,3,0.81,4
3.92,0,713,2,0.97,4,0.93,2
3.61,0,839,2,0.87,0,0.93,0
3.71,0,801,2,0.69,2,0.84,3
4.95,0,288,0,0.71,2,0.68,1
3.56,0,462,2,0.85,4,0.74,2
4.0,0,835,2,0.94,2,0.68,3
4.2,1,507,2,0.94,4,0.64,2
4.84,0,308,0,0.95,0,0.64,1
3.32,0,145,2,0.86,1,0.97,3
4.84,0,603,0,0.74,1,0.63,1
3.35,1,640,2,0.88,4,0.8,2
2.72,0,764,2,0.91,0,0.94,0
3.14,0,219,2,0.75,1,0.67,3
4.07,0,694,2,0.73,0,0.81,0
3.21,1,392,2,0.96,3,0.69,4
4.89,0,738,0,0.75,1,0.89,1
3.3,0,708,2,0.75,1,0.87,3
4.89,0,982,0,0.61,4,0.86,1
4.42,2,677,2,0.73,4,0.63,4
4.92,1,422,0,0.64,2,0.9,1
3.13,1,915,2,0.87,0,0.73,0
4.98,1,678,0,0.96,1,0.77,1
3.39,0,490,1,0.78,3,0.82,0
3.45,0,234,2,0.61,4,0.83,2
2.56,1,385,2,0.91,4,0.8,2
3.96,0,157,2,0.86,4,0.82,2
4.72,1,376,2,0.88,3,0.76,4
4.73,3,23,2,0.91,3,0.86,4
4.11,1,770,2,0.83,1,0.75,3
4.85,0,315,0,0.91,3,0.91,1
4.46,1,519,2,0.91,2,0.96,3
2.87,2,163,2,0.97,3,0.94,4
3.85,1,268,2,0.8,2,0.69,4
2.91,2,572,2,0.91,1,0.76,4
2.75,2,473,1,0.79,4,0.92,0
4.83,0,677,0,0.71,1,0.85,1
4.41,1,905,2,0.63,2,0.95,3
3.08,0,957,2,0.77,1,0.91,3
3.69,0,710,1,0.85,4,0.72,0
4.62,0,860,2,0.97,3,0.72,4
4.98,0,427,0,0.86,0,0.8,1
3.53,0,774,2,0.69,2,0.76,3
4.96,0,271,0,0.84,4,0.66,1
2.68,2,809,2,0.82,1,0.85,4
4.81,1,895,0,0.69,2,0.71,1
4.84,1,24,0,0.91,1,0.69,0
3.48,3,352,2,0.6,2,0.67,4
4.19,0,806,1,0.78,3,0.71,0
3.32,1,501,2,0.69,4,0.95,2
4.65,0,303,2,0.91,3,0.79,4
3.55,1,192,2,0.91,4,0.93,2
4.5,0,521,2,0.78,4,0.99,2
3.6,1,420,2,0.7,4,0.69,2
4.79,1,969,2,0.96,4,0.74,2
2.55,0,841,2,0.7,4,0.67,2
4.42,1,268,2,0.81,1,0.96,3
4.87,0,362,0,0.85,1,0.69,1
4.15,3,557,1,0.61,3,0.65,0
4.08,2,497,2,0.92,4,0.94,4
3.07,0,598,2,0.77,4,0.88,2
3.58,0,899,2,0.76,3,0.63,0
3.89,2,161,2,0.89,0,0.67,4
4.1,1,458,2,0.62,2,0.68,3
4.57,0,524,2,0.63,4,0.69,2
3.04,2,295,1,0.94,2,0.74,0
3.68,3,226,2,0.82,1,0.81,4
4.01,1,352,2,0.88,3,0.67,4
3.21,1,769,1,0.76,0,0.89,0
4.02,1,435,2,0.98,1,0.84,3
2.98,0,145,1,0.8,4,0.96,0
4.66,2,615,1,0.84,0,0.99,0
2.92,1,699,2,0.76,2,0.95,4
3.69,3,653,2,0.79,2,0.72,4
2.66,0,781,2,0.79,2,0.7,3
4.81,1,785,2,0.96,2,0.72,3
4.63,0,567,2,0.7,1,0.65,3
2.87,2,524,2,0.79,0,0.64,4
4.89,0,757,0,0.72,1,0.8,1
3.68,1,901,2,0.95,2,0.76,4
3.23,0,672,2,0.83,1,0.7,3
4.8,0,909,0,0.97,2,0.8,1
4.57,2,859,0,0.65,3,0.62,0
2.93,2,606,2,0.88,4,0.7,4
3.6,2,997,2,0.93,2,0.86,4
4.87,0,231,0,0.95,3,0.84,1
3.47,1,723,2,0.74,3,0.88,0
4.84,0,614,0,0.81,4,0.94,1
4.68,3,458,2,0.97,1,0.7,4
2.52,2,639,2,0.62,2,0.84,4
4.43,0,299,2,0.99,4,0.69,2
4.91,0,988,0,0.6,4,0.96,1
4.33,1,67,2,0.6,4,0.65,2
3.18,1,149,2,0.61,3,0.91,0
3.48,3,963,0,0.98,0,0.89,0
4.91,0,155,0,0.92,3,0.85,1
4.85,0,396,0,0.76,0,0.7,1
4.89,1,533,2,0.93,1,0.73,3
3.31,0,230,2,0.95,2,0.98,3
4.36,1,17,2,0.83,1,0.94,3
4.92,1,729,0,0.63,2,0.96,1
3.89,3,745,2,0.96,0,0.82,4
4.22,1,895,2,0.65,1,0.92,3
4.47,3,442,1,0.76,0,0.95,0
3.28,1,927,2,0.98,4,0.99,2
4.83,0,230,2,0.85,1,0.68,3
3.94,1,599,2,0.8,4,0.61,2
4.94,0,307,0,0.8,2,0.85,1
4.37,3,874,2,0.84,0,0.95,4
2.79,1,535,2,0.72,4,0.8,2
4.36,1,265,2,0.64,4,0.73,2
4.43,0,20,1,0.64,1,0.8,0
4.59,0,358,2,0.69,4,0.73,2
3.05,1,695,2,0.95,3,0.77,4
3.73,2,828,2,0.85,4,0.95,4
4.82,0,106,0,0.62,0,0.71,1
4.25,1,624,2,0.75,4,0.62,2
4.85,0,627,0,0.79,1,0.68,1
3.82,3,957,2,0.93,3,0.88,4
4.58,0,811,2,0.97,4,0.85,2
4.93,3,21,0,0.78,4,0.9,0
4.77,1,890,2,0.72,1,0.61,3
4.93,0,436,0,0.88,2,0.66,1
4.86,0,764,0,0.8,4,0.94,1
4.33,1,719,2,0.68,2,0.95,3
4.86,3,19,0,0.63,0,0.97,0
2.62,0,653,2,0.84,1,0.98,3
3.04,0,271,2,0.9,0,0.95,0
4.73,0,18,2,0.73,4,0.73,2
4.22,0,56,2,0.73,4,0.91,2
4.8,0,156,0,0.82,1,0.83,1
4.92,0,373,0,0.92,0,0.94,1
4.87,0,165,0,0.75,1,0.64,1
4.83,0,166,0,0.82,1,0.88,1
4.51,3,675,2,0.77,0,0.94,4
3.53,0,575,2,0.96,2,0.74,3
3.45,1,62,2,0.82,0,0.68,0
3.97,1,965,2,0.93,3,0.86,4
2.82,2,89,0,0.93,0,0.8,0
4.85,0,678,0,0.86,1,0.92,1
3.12,0,628,2,0.9,4,0.86,2
4.27,2,470,1,0.72,4,0.75,0
2.59,1,804,2,0.92,4,0.92,2
4.7,0,261,2,0.64,1,0.96,3
4.76,3,564,2,0.98,3,0.98,4
4.91,1,491,2,0.98,1,0.98,3
4.49,3,83,1,0.85,2,0.66,0
2.76,0,890,1,0.73,4,0.69,0
4.83,0,609,0,0.69,2,0.85,1
4.14,3,763,1,0.71,0,0.94,0
4.8,1,935,2,0.61,4,0.88,2
4.86,0,926,0,0.6,4,0.74,1
4.18,1,901,2,0.8,1,0.92,3
4.82,0,685,0,0.84,1,0.67,1
4.83,0,864,0,0.87,1,0.65,1
4.89,2,592,2,0.99,3,0.62,4
4.94,1,561,0,0.62,3,0.68,1
4.99,0,438,0,0.88,1,0.81,1
4.11,0,646,2,0.97,3,0.61,4
4.9,0,200,0,0.65,2,0.94,1
4.29,1,693,2,0.75,4,0.63,2
4.31,0,169,2,0.69,3,0.61,0
2.67,3,683,1,0.79,4,0.87,0
4.22,3,863,2,0.86,4,0.84,4
5.0,0,965,0,0.7,4,0.65,1
4.16,1,903,2,0.66,2,0.79,3
4.84,1,13,0,0.92,1,0.7,0
4.25,1,352,2,0.68,0,0.95,0
3.69,1,15,1,0.98,1,0.76,0
2.95,0,107,2,0.87,3,0.94,4
4.58,1,390,2,0.75,2,0.89,3
4.35,0,484,2,0.7,4,0.72,2
4.92,1,998,0,0.7,3,0.74,1
4.95,0,674,0,0.9,2,0.89,1
4.95,0,315,0,0.64,4,0.68,1
2.75,1,862,2,0.62,4,0.61,2
4.08,0,805,2,0.93,4,0.81,2
3.17,2,369,2,0.67,3,0.77,4
2.77,0,377,2,0.65,4,0.8,2
4.22,0,134,2,0.83,2,0.78,3
2.96,1,940,0,0.91,2,0.67,0
4.99,0,474,0,0.8,1,0.61,1
4.88,0,908,0,0.83,0,0.7,1
4.81,1,12,2,0.61,2,0.97,3
3.8,0,132,1,0.66,3,0.87,0
4.66,0,155,2,0.61,2,0.87,3
4.87,1,859,0,0.83,4,0.68,1
3.15,0,481,2,0.87,3,0.74,4
4.23,1,171,2,0.91,1,0.78,3
2.96,1,299,2,0.61,4,0.95,2
4.95,0,262,0,0.75,2,0.85,1
3.31,0,507,2,0.79,2,0.6,3
4.87,1,925,0,0.61,0,0.75,1
3.79,3,650,1,0.77,0,0.68,0
4.8,1,339,1,0.94,1,0.91,0
4.46,2,386,2,0.86,3,0.6,4
4.98,0,348,0,0.7,4,0.62,1
4.79,1,341,2,0.9,4,0.61,2
4.24,1,604,2,0.94,1,0.83,3
4.83,2,672,1,0.88,3,0.95,0
4.84,0,258,0,0.97,0,0.92,1
4.93,0,965,0,0.63,1,0.85,1
3.79,1,590,2,0.93,3,0.86,4
4.92,0,950,2,0.68,1,0.6,3
2.79,2,527,2,0.9,3,0.76,4
2.54,0,754,2,0.88,4,0.9,2
3.18,2,181,2,0.96,3,0.67,4
4.81,0,971,0,0.96,0,0.66,1
3.48,0,848,2,0.89,2,0.77,3
2.88,1,525,2,0.64,4,0.64,2
4.86,0,532,0,0.86,3,0.79,1
4.92,0,663,0,0.69,0,0.61,1
3.32,2,149,2,0.75,2,0.79,4
4.15,1,680,2,0.91,3,0.74,4
3.58,1,816,2,0.7,4,0.9,2
4.44,0,33,2,0.8,3,0.91,0
2.7,1,530,2,0.97,2,0.91,4
2.61,0,557,2,0.63,2,0.69,3
4.84,0,849,2,0.64,4,0.74,2
4.83,0,815,0,0.97,2,0.89,1
3.74,0,312,0,0.69,2,0.76,0
4.62,1,687,2,0.66,2,0.99,3
3.42,1,195,2,0.82,2,0.92,4
4.28,1,518,2,0.97,4,0.95,2
4.24,0,419,2,0.82,4,0.88,2
4.54,0,736,2,0.68,4,0.97,2
3.18,3,775,2,0.69,4,0.79,4
3.94,1,13,2,0.84,4,0.69,2
4.92,0,55,0,0.81,0,0.69,1
2.68,1,138,2,0.95,3,0.98,4
4.15,0,901,2,0.94,4,0.73,2
3.25,1,384,2,0.84,4,0.86,2
4.94,2,44,0,0.94,3,0.92,0
3.52,2,369,2,0.77,3,0.68,4
2.7,1,254,2,0.71,4,0.65,2
4.58,0,103,2,0.64,3,0.81,0
3.12,0,325,2,0.63,1,0.67,3
4.64,0,814,2,0.76,1,0.84,3
3.77,0,219,2,0.64,0,0.61,0
4.18,0,309,2,0.71,2,0.86,3
4.88,0,720,0,0.74,2,0.61,1
4.96,0,346,0,0.96,2,0.94,1
4.94,0,611,2,0.65,1,0.8,3
4.98,0,248,0,0.76,1,0.97,1
4.85,0,230,0,0.95,2,0.7,1
4.95,3,15,0,0.98,1,0.82,0
4.05,2,111,1,0.71,3,0.91,0
3.45,3,218,0,0.8,4,0.96,0
4.22,0,187,2,0.77,4,0.68,2
2.99,2,502,0,0.91,3,0.68,0
4.83,0,260,0,0.81,3,0.82,1
4.16,1,308,2,0.76,2,0.77,3
4.94,0,679,0,0.76,0,0.87,1
4.97,0,884,0,0.81,0,0.98,1
4.82,0,124,1,0.87,3,0.8,0
4.84,1,851,2,0.8,2,0.62,3
4.97,0,874,0,0.84,4,0.77,1
4.88,3,28,0,0.85,1,0.94,0
4.34,1,700,2,0.73,1,0.99,3
3.7,2,131,1,0.76,4,0.79,0
3.43,0,501,2,0.87,3,0.68,4
2.84,2,991,0,0.67,4,0.65,0
4.11,1,362,2,0.65,2,0.67,3
4.85,1,476,0,0.92,2,0.9,1
3.3,1,238,2,0.92,3,0.9,4
2.66,0,321,2,0.63,4,0.7,2
4.2,1,249,2,0.75,3,0.76,0
4.96,0,731,0,0.73,1,0.86,1
4.9,1,766,2,0.72,2,0.72,3
4.37,0,847,2,0.94,3,0.95,4
4.58,0,627,2,0.62,1,0.74,3
4.16,3,996,2,0.69,0,0.67,4
3.57,0,169,2,0.94,2,0.64,3
4.4,0,329,2,0.88,4,0.91,2
4.8,0,895,0,0.98,1,0.68,1
2.93,0,150,0,0.62,2,0.83,0
4.79,1,759,2,0.77,4,0.75,2
4.11,0,697,2,0.97,2,0.75,3
2.81,1,241,2,0.72,3,0.75,0
3.88,3,970,2,0.78,1,0.97,4
2.81,3,584,1,0.71,2,0.95,0
4.38,1,12,2,0.97,3,0.77,4
4.96,2,43,0,0.65,2,0.83,0
3.27,1,915,2,0.81,1,0.88,4
3.82,2,466,0,0.75,4,0.87,0
4.21,0,859,1,0.86,2,0.6,0
3.52,0,709,2,0.84,3,0.94,0
4.48,3,403,0,0.62,1,0.75,0
3.04,0,738,2,0.67,4,0.93,2
4.59,1,159,1,0.88,1,0.9,0
3.53,3,498,2,0.73,2,0.77,4
4.69,1,409,2,0.76,1,0.75,3
4.18,1,790,2,0.96,4,0.81,2
4.86,0,574,0,0.89,3,0.92,1
4.55,1,187,2,0.65,3,0.93,0
3.95,0,326,2,0.73,2,0.8,3
4.54,1,930,2,0.77,4,0.88,2
5.0,2,42,0,0.66,3,0.64,0
4.95,0,184,0,0.83,2,0.61,1
3.4,0,406,2,0.78,4,0.98,2
4.5,1,501,2,0.84,1,0.68,3
3.99,3,722,2,0.91,2,0.78,4
4.89,0,907,0,0.89,4,0.91,1
4.55,1,126,1,0.86,1,0.95,0
3.76,0,314,2,0.87,1,0.9,3
4.99,0,395,0,0.91,3,0.93,1
4.95,1,278,0,0.89,1,0.76,1
2.69,1,600,2,0.98,4,0.89,2
4.61,2,193,2,0.64,3,0.83,4
4.84,0,486,0,0.62,3,0.82,1
2.52,3,509,2,0.97,3,0.9,4
3.83,0,108,2,0.69,1,0.77,3
2.68,1,926,2,0.84,2,0.82,4
3.42,0,806,2,0.87,3,0.84,4
2.98,0,10,2,0.72,4,0.87,2
3.87,1,649,2,0.83,4,0.72,2
4.14,2,119,0,0.82,0,0.91,0
4.87,1,158,0,0.87,3,0.82,1
4.26,1,892,2,0.93,1,0.78,3
4.78,1,372,2,0.85,2,0.93,3
4.01,0,338,2,0.68,0,0.71,0
4.04,1,993,2,0.79,2,0.91,3
4.81,0,470,0,0.97,4,0.61,1
4.75,1,724,1,0.69,3,0.69,0
4.11,2,102,2,0.68,2,0.96,4
4.39,2,649,2,0.87,3,0.92,4
4.94,0,418,0,0.97,2,0.71,1
4.92,0,589,0,0.63,4,0.71,1
4.75,1,379,2,0.83,2,0.81,3
4.53,1,808,2,0.78,4,0.87,2
3.66,1,973,2,0.92,2,0.79,4
4.2,0,211,2,0.7,4,0.73,2
4.77,3,832,0,0.71,3,0.88,0
2.7,0,55,2,0.6,2,0.9,3
4.92,1,547,2,0.61,1,0.69,3
4.91,1,988,0,0.81,0,0.7,1
4.18,3,913,2,0.87,0,0.77,4
4.95,0,302,0,0.76,0,0.94,1
4.13,1,109,2,0.63,3,0.89,0
3.29,0,763,2,0.85,2,0.66,3
2.74,1,836,2,0.83,4,0.98,2
4.64,1,118,2,0.62,1,0.67,3
4.63,3,365,1,0.87,2,0.75,0
4.23,1,335,2,0.7,4,0.97,2
4.76,1,746,2,0.63,1,0.86,3
4.87,0,167,0,0.86,0,0.8,1
4.36,0,297,0,0.92,3,0.81,0
4.96,0,635,0,0.61,0,0.66,1
3.59,3,228,1,0.62,0,0.97,0
3.5,0,966,2,0.77,3,0.62,0
4.21,1,837,2,0.77,1,0.63,3
4.38,0,617,2,0.92,4,0.66,2
3.84,0,883,2,0.87,0,0.8,0
3.96,2,48,2,0.69,3,0.96,4
4.84,0,166,0,0.84,1,0.83,1
2.68,0,516,0,0.68,1,0.78,0
4.99,0,774,0,0.96,4,0.95,1
4.97,0,392,0,0.65,2,0.67,1
2.78,0,89,1,0.61,3,0.9,0
3.89,0,981,2,0.87,4,0.68,2
2.94,0,595,2,0.97,1,0.9,3
3.71,1,907,2,0.8,2,0.73,4
4.65,0,410,2,0.91,0,0.85,0
4.84,0,606,0,0.81,0,0.95,1
4.49,3,359,2,0.9,0,0.67,4
2.53,0,989,2,0.84,2,0.69,3
3.96,0,928,2,0.68,4,0.62,2
4.89,0,96,0,0.65,4,0.95,1
4.32,0,387,2,0.94,4,0.8,2
3.26,1,488,2,0.96,3,0.96,4
4.64,1,576,2,0.71,1,0.9,3
3.74,1,112,2,0.84,1,0.64,4
4.88,0,839,0,0.61,0,0.72,1
4.95,1,18,0,0.67,3,0.71,0
3.81,1,456,2,0.77,2,0.83,4
4.15,0,912,2,0.73,1,0.9,3
5.0,0,121,0,0.74,1,0.61,1
4.85,0,474,0,0.8,0,0.91,1
4.8,0,611,0,0.61,4,0.74,1
3.69,0,954,2,0.86,4,0.73,2
3.31,1,433,2,0.88,3,0.64,4
4.35,1,56,2,0.66,1,0.62,3
3.76,1,633,2,0.95,3,0.97,4
3.27,0,885,1,0.69,0,0.75,0
4.83,0,826,0,0.86,4,0.76,1
4.3,1,983,2,0.63,1,0.82,3
4.81,1,547,0,0.96,3,0.85,1
2.63,1,827,2,0.78,4,0.89,2
2.68,2,723,1,0.75,2,0.91,0
4.34,1,104,2,0.88,2,0.8,3
3.87,1,131,2,0.62,4,0.67,2
4.98,0,37,0,0.75,0,0.66,0
4.88,2,20,1,0.63,0,0.82,0
4.87,0,535,0,0.94,3,0.89,1
4.08,1,634,2,0.87,1,0.86,3
4.83,1,532,2,0.78,1,0.62,3
4.86,0,248,0,0.86,2,0.75,1
4.87,1,293,0,0.92,2,0.81,1
4.01,0,105,2,0.85,4,0.93,2
3.69,1,247,2,0.62,2,0.91,4
4.14,0,801,2,0.97,4,0.8,2
4.97,0,160,0,0.73,3,0.66,1
4.63,3,411,1,0.75,1,0.89,0
3.51,1,353,2,0.75,2,0.66,4
4.86,0,13,0,0.67,0,0.72,0
4.94,1,838,0,0.68,1,0.78,1
4.42,1,549,2,0.98,2,0.87,3
4.14,0,983,2,0.93,2,0.75,3
4.89,0,349,0,0.91,3,0.88,1
4.95,0,141,0,0.83,3,0.92,1
3.74,1,35,2,0.63,4,0.86,2
3.74,3,202,2,0.9,3,0.78,4
4.76,0,248,2,0.91,3,0.66,4
4.87,0,826,0,0.9,2,0.93,1
4.94,0,66,0,0.85,2,0.69,1
2.95,1,322,2,0.76,2,0.79,4
2.77,0,785,2,0.75,2,0.83,3
3.52,1,248,2,0.94,0,0.91,0
3.57,0,789,2,0.81,4,0.85,2
4.24,0,400,2,0.91,1,0.61,3
3.12,3,859,1,0.64,4,0.88,0
3.52,0,559,2,0.63,1,0.77,3
4.04,0,62,2,0.88,3,0.94,4
3.21,0,12,2,0.67,4,0.84,2
3.0,1,938,2,0.82,1,0.75,4
3.31,1,852,2,0.64,4,0.67,2
3.13,0,289,2,0.66,4,0.95,2
3.96,2,974,0,0.61,2,0.94,0
3.81,0,495,2,0.9,4,0.61,2
2.62,1,241,2,0.84,1,0.68,4
4.72,0,875,1,0.97,2,0.84,0
4.91,1,486,0,0.67,3,0.71,1
4.69,3,874,2,0.64,1,0.68,4
3.75,2,851,2,0.93,3,0.97,4
4.69,1,594,2,0.69,4,0.84,2
4.12,1,650,2,0.88,1,0.79,3
4.78,1,829,2,0.83,4,0.95,2
2.85,0,223,2,0.82,2,0.97,3
4.17,0,269,2,0.89,3,0.8,4
4.88,0,959,0,0.95,4,0.96,1
2.91,1,968,2,0.77,1,0.87,4
4.02,0,376,0,0.91,3,0.68,0
2.7,3,244,2,0.97,3,0.82,4
2.54,3,518,0,0.97,4,0.88,0
4.86,0,355,0,0.79,0,0.84,1
3.53,0,205,2,0.85,2,0.75,3
4.93,0,488,0,0.63,0,0.89,1
3.2,0,488,2,0.94,1,0.85,3
3.19,2,684,2,0.97,3,0.69,4
3.3,2,96,2,0.96,3,0.65,4
4.65,1,701,2,0.9,4,0.86,2
4.87,1,830,0,0.68,0,0.61,1
4.18,3,227,2,0.9,3,0.9,4
3.22,1,445,2,0.96,4,0.8,2
3.25,2,325,1,0.98,4,0.63,0
4.48,1,445,2,0.82,4,0.7,2
3.76,1,51,0,0.83,1,0.69,0
3.85,1,76,0,0.61,3,0.82,0
4.36,2,604,1,0.86,4,0.76,0
4.94,0,192,0,0.83,4,0.97,1
4.91,1,31,0,0.83,1,0.66,0
3.01,0,544,2,0.77,2,0.91,3
4.17,0,596,2,0.75,2,0.84,3
3.92,0,166,2,0.93,4,0.93,2
2.76,0,250,2,0.73,4,0.73,2
3.5,0,798,2,0.76,4,0.67,2
3.87,2,23,2,0.99,3,0.81,4
4.83,0,405,0,0.87,2,0.79,1
4.8,1,844,0,0.62,3,0.62,1
4.85,0,926,1,0.81,0,0.69,0
4.62,0,812,2,0.63,1,0.61,3
4.58,3,635,2,0.97,3,0.86,4
4.29,1,813,2,0.93,3,0.96,4
4.87,1,346,2,0.72,1,0.95,3
4.83,0,879,0,0.96,3,0.76,1
3.15,1,493,0,0.94,0,0.73,0
2.5,0,239,2,0.63,2,0.89,3
4.32,0,746,2,0.97,2,0.94,3
3.08,0,867,2,0.97,2,0.77,3
4.89,0,352,0,0.82,3,0.81,1
3.26,3,343,2,0.86,3,0.63,4
3.7,1,958,2,0.81,3,0.88,0
2.8,1,986,2,0.66,2,0.81,4
4.26,1,967,2,0.96,3,0.85,4
4.21,3,456,2,0.68,1,0.77,4
3.35,3,466,2,0.66,0,0.95,4
4.57,0,459,2,0.85,4,0.64,2
3.59,1,13,2,0.82,2,0.74,4
2.81,1,989,2,0.77,2,0.76,4
4.19,1,420,2,0.6,1,0.79,3
4.88,0,402,0,0.97,4,0.95,1
3.4,1,732,2,0.92,3,0.62,4
3.45,0,698,2,0.98,4,0.75,2
3.01,2,953,1,0.73,0,0.67,0
2.62,1,227,2,0.88,4,0.77,2
4.64,1,840,2,0.65,4,0.77,2
4.96,0,997,0,0.68,0,0.95,1
4.41,0,455,2,0.87,2,0.7,3
4.25,1,381,2,0.91,1,0.89,3
3.58,0,315,2,0.79,1,0.75,3
4.83,0,323,0,0.76,1,0.86,1
4.21,0,220,2,0.61,2,0.63,3
4.95,0,797,0,0.68,0,0.88,1
4.72,1,547,2,0.63,1,0.78,3
4.58,1,63,2,0.7,2,0.62,3
3.84,0,810,2,0.93,1,0.8,3
2.52,3,812,2,0.82,0,0.99,4
3.85,1,412,2,0.76,1,0.89,4
2.84,3,213,2,0.88,3,0.72,4
2.81,1,429,2,0.7,4,0.93,2
4.87,0,913,0,0.9,3,0.82,1
4.47,1,255,2,0.61,3,0.94,0
4.91,0,383,0,0.84,3,0.92,1
4.45,3,903,2,0.92,3,0.91,4
3.23,0,739,2,0.73,4,0.84,2
4.8,0,508,0,0.73,3,0.92,1
3.52,2,276,2,0.94,3,0.62,4
4.84,0,771,0,0.66,0,0.62,1
4.11,2,161,1,0.75,3,0.92,0
2.9,1,488,2,0.85,4,0.88,2
4.02,1,448,2,0.94,1,0.85,3
4.53,1,992,2,0.66,2,0.63,3
2.73,0,539,2,0.72,4,0.65,2
3.88,2,505,2,0.9,1,0.82,4
3.3,1,652,2,0.64,4,0.69,2
4.86,0,262,0,0.76,2,0.96,1
4.12,2,437,0,0.64,0,0.98,0
4.87,0,820,0,0.87,2,0.99,1
3.85,2,868,2,0.8,1,0.68,4
4.52,1,788,0,0.73,2,0.86,0
2.65,0,254,2,0.87,1,0.94,3
3.21,1,147,2,0.73,1,0.64,4
3.43,0,944,2,0.91,4,0.93,2
4.53,0,61,2,0.7,4,0.63,2
2.65,0,112,2,0.86,3,0.66,4
3.79,1,721,1,0.78,0,0.62,0
3.44,1,808,2,0.87,2,0.98,4
4.91,0,204,0,0.93,4,0.96,1
2.99,1,208,2,0.95,4,0.75,2
4.32,1,217,2,0.75,1,0.94,3
4.18,1,585,2,0.89,3,0.69,4
3.62,2,329,2,0.81,2,0.94,4
2.74,2,985,0,0.88,4,0.71,0
4.06,3,339,2,0.65,3,0.8,4
3.96,1,565,2,0.77,1,0.96,4
4.48,0,36,2,0.8,2,0.78,3
3.17,0,595,2,0.74,2,0.7,3
3.68,1,986,2,0.96,4,0.81,2
2.52,3,910,2,0.87,3,0.88,4
3.21,1,426,2,0.63,4,0.93,2
2.69,1,351,1,0.68,2,0.7,0
3.67,3,300,1,0.75,4,0.79,0
4.83,0,736,2,0.81,2,0.66,3
3.62,0,942,2,0.77,0,0.79,0
2.96,0,890,2,0.86,1,0.91,3
4.31,1,350,2,0.93,2,0.7,3
2.58,0,384,2,0.74,4,0.85,2
3.49,0,24,2,0.8,1,0.77,3
3.27,1,616,2,0.67,4,0.63,2
4.77,1,225,2,0.75,4,0.72,2
3.71,0,515,2,0.92,3,0.65,4
3.02,3,778,2,0.87,4,0.76,4
3.0,0,58,2,0.81,3,0.65,0
2.92,1,988,2,0.93,4,0.73,2
4.09,1,316,2,0.95,2,0.89,3
3.09,2,864,2,0.84,3,0.81,4
3.83,1,981,2,0.73,4,0.61,2
4.88,0,932,0,0.97,4,0.89,1
4.48,1,386,2,0.84,0,0.76,0
4.89,0,678,0,0.78,4,0.73,1
3.1,1,14,2,0.73,4,0.98,2
4.76,1,464,2,0.6,4,0.61,2
2.93,3,10,2,0.99,3,0.75,4
2.84,0,793,2,0.8,4,0.65,2
3.15,1,934,2,0.94,4,0.89,2
4.85,0,935,1,0.72,4,0.81,0
4.25,0,363,2,0.82,4,0.65,2
3.24,0,875,2,0.84,2,0.97,3
3.91,0,232,2,0.9,1,0.68,3
3.29,3,948,1,0.66,1,0.98,0
4.98,0,387,0,0.69,0,0.61,1
4.84,0,168,0,0.7,4,0.78,1
4.98,0,929,0,0.73,3,0.9,1
3.04,1,733,2,0.69,4,0.77,2
4.93,0,14,0,0.95,3,0.86,0
3.41,1,881,2,0.98,3,0.79,4
3.97,1,596,2,0.96,4,0.67,2
4.98,0,933,0,0.87,0,0.64,1
4.84,0,288,0,0.63,1,0.97,1
2.62,0,736,1,0.96,2,0.86,0
4.83,0,625,0,0.83,1,0.63,1
3.66,1,741,2,0.62,3,0.85,0
4.32,1,467,2,0.7,4,0.89,2
4.87,0,301,0,0.74,1,0.78,1
3.43,0,333,0,0.75,0,0.81,0
4.51,1,971,2,0.92,2,0.82,3
3.38,0,213,2,0.88,4,0.75,2
3.4,1,21,1,0.85,2,0.7,0
3.41,0,723,2,0.93,2,0.62,3
4.86,0,226,0,0.68,3,0.64,1
3.65,0,692,1,0.79,2,0.61,0
4.85,2,32,0,0.98,1,0.71,0
4.23,3,457,2,0.93,0,0.91,4
4.6,1,345,2,0.76,4,0.62,2
4.9,0,791,0,0.87,3,0.98,1
3.09,0,855,2,0.62,4,0.94,2
3.92,2,879,2,0.93,3,0.93,4
2.75,1,517,2,0.98,3,0.81,4
4.65,1,593,2,0.63,2,0.82,3
4.55,0,563,2,0.6,2,0.93,3
4.08,0,720,2,0.91,3,0.9,4
3.07,1,117,2,0.97,1,0.78,4
4.72,1,534,2,0.85,4,0.81,2
4.9,0,127,0,0.77,0,0.76,1
3.35,0,596,2,0.89,4,0.91,2
3.87,2,646,0,0.94,3,0.87,0
3.2,2,170,2,0.88,1,0.95,4
4.25,1,753,2,0.76,1,0.67,3
4.31,1,916,2,0.62,2,0.95,3
4.9,0,201,0,0.95,2,0.92,1
3.75,0,654,2,0.64,2,0.78,3
4.84,0,605,0,0.66,4,0.91,1
4.33,0,597,2,0.82,3,0.76,0
3.31,2,105,0,0.94,0,0.71,0
4.21,0,186,2,0.88,4,0.64,2
4.8,1,876,0,0.82,4,0.98,1
4.99,0,603,0,0.74,2,0.9,1
3.56,0,977,0,0.63,2,0.86,0
3.3,0,129,2,0.98,4,0.85,2
4.08,0,416,2,0.97,0,0.88,0
3.14,3,642,2,0.91,3,0.93,4
2.54,1,93,2,0.71,4,0.71,2
3.3,2,872,2,0.73,2,0.88,4
4.96,0,906,0,0.78,2,0.88,1
4.21,1,431,2,0.61,2,0.69,3
3.87,1,214,2,0.65,2,0.62,4
4.98,0,163,0,0.79,4,0.88,1
4.05,3,232,1,0.96,4,0.92,0
3.17,2,630,2,0.83,4,0.87,4
3.74,0,31,0,0.64,2,0.64,0
3.14,2,973,1,0.89,0,0.68,0
3.66,0,751,2,0.68,4,0.72,2
3.88,1,320,1,0.79,0,0.91,0
3.41,1,346,2,0.81,1,0.7,4
3.83,1,187,2,0.82,4,0.64,2
2.64,3,836,2,0.76,0,0.84,4
4.82,1,985,2,0.91,4,0.83,2
4.95,0,270,0,0.64,2,0.63,1
3.11,1,566,2,0.6,2,0.67,4
3.39,1,946,2,0.96,1,0.63,4
4.34,1,707,2,0.86,1,0.82,3
3.71,2,589,1,0.78,2,0.9,0
4.97,0,810,0,0.89,0,0.91,1
2.89,3,589,2,0.9,3,0.76,4
4.56,1,604,2,0.88,4,0.65,2
4.81,1,886,0,0.93,4,0.8,1
3.56,1,521,2,0.78,4,0.69,2
4.81,1,542,2,0.63,4,0.93,2
4.25,0,469,2,0.85,4,0.93,2
4.62,0,774,2,0.96,1,0.65,3
2.93,2,97,2,0.8,3,0.75,4
2.91,1,25,2,0.83,1,0.81,4
4.49,1,860,2,0.83,3,0.77,0
4.83,1,722,2,0.86,1,0.79,3
4.76,0,679,0,0.86,4,0.72,0
4.91,0,763,0,0.88,3,0.92,1
4.83,0,52,0,0.6,4,0.77,1
4.64,1,116,2,0.83,2,0.76,3
4.58,2,722,2,0.77,3,0.76,4
4.3,0,599,2,0.78,4,0.87,2
3.17,1,844,2,0.7,4,0.71,2
4.51,0,931,2,0.98,4,0.66,2
4.74,1,379,2,0.88,2,0.67,3
4.11,1,675,2,0.8,1,0.84,3
4.95,1,104,0,0.64,2,0.94,1
4.37,1,167,2,0.74,1,0.64,3
4.91,1,468,0,0.84,0,0.99,1
4.85,1,960,2,0.72,1,0.83,3
4.58,1,26,2,0.86,3,0.64,4
4.93,0,169,0,0.68,0,0.94,1
3.78,2,82,2,0.99,3,0.71,4
4.82,1,793,0,0.9,0,0.7,1
2.58,0,190,2,0.63,4,0.86,2
3.47,3,996,2,0.98,3,0.69,4
3.74,1,674,2,0.64,2,0.8,4
4.64,1,357,1,0.93,1,0.67,0
3.36,1,521,2,0.68,1,0.69,4
4.88,1,630,2,0.94,2,0.85,3
4.93,1,969,2,0.94,3,0.8,4
3.35,1,121,2,0.74,1,0.83,4
2.59,0,928,2,0.97,4,0.62,2
2.7,1,109,2,0.91,4,0.75,2
3.94,0,723,2,0.75,4,0.7,2
4.77,1,187,2,0.84,1,0.96,3
4.89,0,650,0,0.94,4,0.85,1
4.97,0,358,0,0.86,1,0.87,1
4.83,1,469,2,0.94,4,0.73,2
4.99,1,148,0,0.78,4,0.93,1
4.29,1,475,2,0.76,4,0.75,2
4.47,1,925,2,0.79,1,0.85,3
2.64,3,226,2,0.75,3,0.93,4
3.54,0,642,2,0.84,2,0.94,3
3.97,3,67,2,0.75,0,0.73,4
2.97,1,266,2,0.75,4,0.99,2
4.0,3,453,1,0.77,1,0.79,0
3.8,0,96,2,0.94,3,0.88,4
2.78,1,363,2,0.92,3,0.71,4
4.31,1,383,2,0.71,2,0.88,3
3.49,3,138,2,0.94,3,0.65,4
4.73,1,26,2,0.91,4,0.62,2
4.49,0,604,2,0.65,1,0.95,3
3.63,1,71,0,0.88,0,0.62,0
4.69,1,816,2,0.72,3,0.97,0
3.08,0,257,2,0.77,0,0.74,0
4.91,3,44,0,0.86,1,0.74,0
3.5,1,320,2,0.84,1,0.86,4
4.87,0,889,0,0.86,3,0.9,1
4.5,0,537,2,0.74,2,0.75,3
3.82,0,65,2,0.95,4,0.73,2
3.26,1,596,2,0.9,4,0.69,2
4.88,0,799,0,0.68,2,0.82,1
4.61,1,478,2,0.89,1,0.98,3
3.73,1,563,1,0.9,1,0.84,0
2.66,1,552,2,0.79,4,0.65,2
4.3,0,346,2,0.6,2,0.94,3
3.18,1,653,1,0.64,0,0.72,0
4.83,0,260,0,0.88,0,0.69,1
4.17,1,715,2,0.69,2,0.92,3
4.06,0,904,2,0.9,2,0.74,3
3.91,0,587,1,0.98,3,0.62,0
4.97,0,611,0,0.94,4,0.64,1
4.03,2,886,2,0.81,0,0.95,4
2.83,1,122,2,0.93,2,0.91,4
4.77,1,759,2,0.63,2,0.65,3
4.72,0,945,2,0.81,4,0.87,2
4.93,0,656,0,0.64,4,0.75,1
3.57,2,719,0,0.93,4,0.98,0
4.8,1,386,0,0.9,4,0.76,1
4.9,1,421,2,0.69,2,0.83,3
3.11,2,555,1,0.78,1,0.9,0
4.84,0,429,0,0.9,0,0.95,1
4.28,3,960,2,0.68,3,0.91,4
3.09,0,818,2,0.67,4,0.77,2
3.55,3,369,1,0.81,0,0.92,0
4.45,1,240,2,0.73,2,0.82,3
4.48,3,164,2,0.62,3,0.93,4
2.91,2,629,0,0.66,4,0.84,0
4.93,0,290,0,0.64,3,0.98,1
3.19,0,560,1,0.86,4,0.64,0
4.46,0,910,2,0.6,1,0.68,3
4.02,0,638,2,0.96,4,0.62,2
4.31,1,93,2,0.91,1,0.62,3
4.73,1,70,2,0.87,4,0.82,2
3.68,0,277,2,0.76,4,0.82,2
4.92,0,931,2,0.87,1,0.9,3
3.41,1,407,2,0.71,0,0.61,0
4.84,1,514,2,0.79,1,0.78,3
2.77,1,529,1,0.73,3,0.85,0
4.9,1,466,0,0.83,2,0.87,1
4.78,1,520,1,0.89,1,0.89,0
4.67,3,748,2,0.77,2,0.98,4
4.88,0,74,0,0.86,0,0.71,1
4.22,2,487,2,0.6,4,0.66,4
4.01,1,814,2,0.96,1,0.88,3
4.58,1,559,2,0.68,2,0.8,3
3.57,2,635,2,0.73,0,0.66,4
2.76,0,110,2,0.69,2,0.6,3
4.94,0,566,0,0.8,4,0.77,1
4.81,0,37,0,0.86,3,0.6,0
4.06,0,38,1,0.95,4,0.83,0
4.3,1,259,0,0.91,1,0.63,0
4.94,0,875,0,0.64,4,0.85,1
3.46,2,284,2,0.96,1,0.89,4
4.3,0,272,2,0.67,4,0.74,2
4.32,2,734,0,0.82,0,0.85,0
4.51,0,425,2,0.73,1,0.65,3
4.51,1,69,2,0.93,2,0.68,3
4.92,0,190,0,0.61,2,0.76,1
4.45,1,24,2,0.69,3,0.91,0
3.35,1,461,2,0.65,4,0.69,2
2.85,0,490,1,0.65,2,0.62,0
4.99,0,946,0,0.95,2,0.89,1
2.99,0,840,2,0.74,1,0.98,3
3.73,0,757,2,0.87,2,0.96,3
4.4,2,415,2,0.78,4,0.76,4
2.83,0,613,2,0.91,2,0.93,3
3.98,3,344,0,0.83,4,0.93,0
4.96,0,196,0,0.64,4,0.75,1
4.94,0,278,0,0.91,0,0.64,1
4.3,1,864,2,0.89,1,0.89,3
4.3,2,246,2,0.94,3,0.97,4
3.44,0,205,2,0.7,1,0.76,3
3.77,1,756,2,0.94,2,0.73,4
3.78,0,852,2,0.82,4,0.94,2
4.91,0,340,2,0.65,2,0.86,3
3.59,1,673,2,0.79,4,0.79,2
3.37,2,124,2,0.87,1,0.71,4
4.2,1,225,0,0.86,2,0.76,0
4.69,0,814,2,0.67,0,0.77,0
2.8,2,887,2,0.6,2,0.95,4
4.11,2,583,2,0.68,2,0.65,4
3.89,1,676,2,0.64,2,0.94,4
2.57,3,802,2,0.75,3,0.86,4
5.0,1,164,0,0.93,0,0.98,1
2.85,0,849,2,0.69,2,0.7,3
4.96,0,453,0,0.72,4,0.83,1
2.91,1,240,2,0.9,3,0.65,4
4.1,0,888,2,0.71,3,0.6,0
3.15,0,155,2,0.81,3,0.69,0
3.83,1,734,2,0.69,4,0.96,2
2.65,1,110,0,0.88,3,0.97,0
2.95,0,879,2,0.95,3,0.84,4
4.41,1,103,2,0.91,4,0.89,2
4.81,1,964,2,0.66,2,0.68,3
4.54,2,445,2,0.86,4,0.84,4
2.93,2,445,2,0.96,3,0.98,4
4.39,3,458,2,0.69,0,0.96,4
3.85,0,510,2,0.76,4,0.77,2
4.21,1,17,2,0.7,1,0.84,3
4.5,2,735,2,0.71,4,0.89,4
3.5,1,618,2,0.75,4,0.94,2
2.57,0,904,2,0.89,3,0.8,4
2.95,3,633,2,0.96,1,0.81,4
4.77,0,520,2,0.76,4,0.8,2
4.82,0,449,0,0.74,2,0.81,1
2.92,0,759,2,0.64,0,0.97,0
4.11,1,748,1,0.62,3,0.67,0
4.82,0,323,0,0.93,4,0.81,1
3.92,0,874,2,0.71,2,0.81,3
4.52,0,373,2,0.7,2,0.73,3
4.04,1,418,2,0.79,2,0.99,3
4.92,0,516,0,0.72,3,0.69,1
2.69,1,612,2,0.84,4,0.8,2
2.83,1,22,2,0.67,2,0.7,4
4.92,0,678,0,0.93,2,0.71,1
3.12,2,997,2,0.9,0,0.98,4
4.85,0,223,0,0.94,2,0.62,1
4.08,1,868,2,0.71,2,0.75,3
2.57,1,320,2,0.93,1,0.78,4
4.98,0,312,0,0.92,1,0.87,1
4.26,0,436,0,0.79,4,0.71,0
3.69,3,547,0,0.71,3,0.72,0
2.87,1,538,2,0.85,1,0.88,4
4.47,1,98,1,0.83,0,0.68,0
3.34,1,761,2,0.76,2,0.66,4
3.93,1,23,1,0.65,2,0.75,0
4.61,1,732,2,0.69,1,0.77,3
4.67,0,733,2,0.96,4,0.96,2
4.6,1,316,2,0.6,3,0.77,0
4.91,0,639,0,0.93,2,0.93,1
3.03,1,444,2,0.81,4,0.62,2
4.26,2,389,1,0.61,0,0.87,0
4.24,2,311,2,0.63,0,0.65,4
3.58,1,324,2,0.76,4,0.92,2
4.08,1,35,2,0.74,1,0.92,3
4.83,0,196,0,0.64,3,0.73,1
3.77,0,362,2,0.97,2,0.65,3
2.6,0,822,2,0.98,1,0.85,3
3.46,1,618,2,0.91,4,0.73,2
4.99,0,518,0,0.71,0,0.86,1
4.88,0,179,0,0.6,4,0.97,1
3.77,1,254,2,0.86,4,0.88,2
3.5,2,42,0,0.91,3,0.71,0
4.83,1,570,2,0.6,1,0.76,3
4.81,0,568,0,0.91,1,0.95,1
4.83,1,980,2,0.99,1,0.71,3
4.92,0,68,0,0.9,4,0.67,1
4.12,1,141,2,0.8,2,0.74,3
4.99,1,863,0,0.73,0,0.68,1
4.35,1,760,2,0.68,0,0.87,0
4.64,1,392,2,0.84,1,0.8,3
4.59,0,713,2,0.78,1,0.73,3
3.37,0,145,0,0.61,4,0.94,0
4.59,0,783,2,0.92,1,0.97,3
2.87,2,436,2,0.92,4,0.95,4
4.82,0,954,0,0.63,0,0.86,1
4.82,1,677,0,0.65,2,0.91,1
4.76,2,109,2,0.9,3,0.79,4
4.4,1,713,2,0.74,1,0.9,3
4.1,1,261,2,0.89,4,0.83,2
4.54,1,846,1,0.9,2,0.83,0
4.27,2,547,2,0.68,3,0.93,4
3.35,1,666,2,0.61,2,0.6,4
4.84,3,392,1,0.91,2,0.82,0
4.89,1,936,0,0.74,4,0.75,1
3.99,3,567,2,0.87,0,0.82,4
3.37,1,52,2,0.96,4,0.66,2
4.88,0,742,0,0.7,2,0.91,1
4.25,1,161,2,0.6,1,0.81,3
4.83,0,248,0,0.7,1,0.6,1
4.86,0,397,0,0.64,3,0.71,1
2.84,0,518,2,0.78,4,0.67,2
4.61,3,895,2,0.75,3,0.95,4
4.06,1,726,2,0.99,2,0.92,3
3.68,1,290,2,0.7,4,0.7,2
4.74,0,51,2,0.93,4,0.94,2
4.94,1,286,0,0.89,4,0.97,1
2.54,0,725,2,0.92,1,0.94,3
3.96,0,751,2,0.88,4,0.62,2
4.69,0,492,2,0.6,4,0.8,2
2.72,0,768,2,0.86,1,0.94,3
3.32,2,250,2,0.76,4,0.88,4
3.29,3,802,1,0.92,2,0.88,0
4.97,0,493,0,0.64,4,0.9,1
4.67,1,948,2,0.7,4,0.89,2
4.27,0,995,2,0.69,2,0.68,3
4.85,0,721,0,0.7,1,0.81,1
4.83,1,32,0,0.86,0,0.84,0
4.8,0,914,0,0.83,0,0.74,1
3.94,0,510,2,0.79,2,0.7,3
2.67,1,879,2,0.61,1,0.71,4
3.22,0,221,2,0.93,4,0.7,2
3.41,0,448,2,0.77,4,0.9,2
3.89,3,571,2,0.75,3,0.84,4
4.07,0,429,2,0.61,4,0.9,2
2.69,0,140,2,0.73,4,0.75,2
4.98,0,608,0,0.76,3,0.79,1
4.36,1,595,2,0.81,2,0.83,3
4.85,2,35,0,0.6,3,0.79,0
3.44,0,976,2,0.92,2,0.93,3
3.83,2,458,2,0.66,0,0.94,4
4.84,0,186,0,0.72,0,0.86,1
2.88,3,764,0,0.9,1,0.82,0
4.35,0,988,1,0.63,1,0.82,0
4.88,1,587,2,0.96,1,0.62,3
2.97,3,567,0,0.87,3,0.9,0
4.9,0,44,0,0.8,3,0.87,0
4.96,0,504,0,0.95,1,0.63,1
2.56,1,947,2,0.83,2,0.97,4
4.74,0,703,2,0.61,4,0.62,2
4.43,2,223,2,0.68,2,0.69,4
4.69,1,702,2,0.85,4,0.93,2
2.76,2,626,2,0.93,3,0.8,4
4.37,1,304,2,0.94,2,0.72,3
4.83,0,55,0,0.9,2,0.63,1
3.3,1,420,2,0.88,1,0.61,4
4.43,1,928,2,0.76,1,0.93,3
4.91,0,542,0,0.96,0,0.85,1
3.71,1,204,1,0.73,3,0.89,0
4.48,1,619,2,0.87,2,0.95,3
4.93,0,573,0,0.89,3,0.71,1
2.83,2,529,1,0.63,4,0.98,0
4.52,1,92,2,0.97,1,0.83,3
4.17,1,752,2,0.78,1,0.7,3
4.94,0,740,0,0.65,0,0.65,1
3.76,0,841,2,0.61,1,0.89,3
3.95,0,760,2,0.91,4,0.75,2
4.07,0,449,2,0.95,2,0.93,3
3.48,1,150,2,0.89,4,0.71,2
4.62,0,171,2,0.86,1,0.94,3
4.01,1,554,0,0.98,2,0.91,0
4.31,1,965,2,0.79,1,0.79,3
4.06,3,178,2,0.65,2,0.78,4
4.27,1,238,2,0.95,4,0.94,2
4.81,1,295,0,0.68,1,0.68,1
4.4,1,306,2,0.97,1,0.68,3
3.17,1,623,2,0.62,2,0.91,4
3.74,1,500,2,0.84,4,0.76,2
4.91,0,602,0,0.84,1,0.87,1
4.78,0,788,2,0.86,3,0.64,4
4.9,0,194,0,0.91,1,0.87,1
3.17,3,710,1,0.64,2,0.61,0
4.0,3,898,1,0.79,1,0.92,0
3.44,0,264,2,0.92,4,0.73,2
3.12,2,24,2,0.89,3,0.72,4
3.37,1,27,2,0.73,4,0.97,2
2.79,1,595,1,0.8,3,0.67,0
4.71,1,52,2,0.71,4,0.62,2
3.42,1,862,2,0.93,3,0.63,4
4.82,0,78,0,0.76,3,0.61,1
2.81,3,487,2,0.93,0,0.71,4
3.79,2,449,2,0.65,1,0.96,4
4.14,0,942,2,0.89,4,0.92,2
4.8,0,964,0,0.76,0,0.62,1
4.49,0,512,0,0.94,4,0.71,0
3.53,0,275,2,0.93,2,0.9,3
4.52,1,234,2,0.93,1,0.83,3
4.74,0,996,2,0.68,4,0.72,2
4.54,1,591,2,0.63,2,0.69,3
4.28,0,286,2,0.78,1,0.9,3
3.89,1,678,2,0.61,0,0.73,0
4.88,1,504,0,0.73,4,0.87,1
3.11,1,83,2,0.78,2,0.96,4
3.58,0,509,2,0.94,1,0.61,3
4.97,0,915,0,0.72,0,0.69,1
4.91,0,118,0,0.79,4,0.68,1
4.89,0,223,2,0.98,3,0.66,4
3.97,0,939,2,0.95,0,0.98,0
4.16,1,660,2,0.96,4,0.69,2
2.55,1,15,2,0.76,2,0.76,4
3.2,1,212,2,0.85,4,0.73,2
3.68,1,160,2,0.95,4,0.95,2
4.92,0,667,0,0.62,4,0.72,1
4.5,1,175,2,0.67,2,0.89,3
3.99,0,767,2,0.67,4,0.96,2
4.86,0,254,0,0.7,3,0.84,1
4.21,1,691,2,0.8,1,0.61,3
4.17,0,825,2,0.9,2,0.63,3
2.93,1,563,2,0.88,0,0.61,0
4.46,3,225,2,0.97,3,0.64,4
4.3,1,760,2,0.64,4,0.62,2
3.53,3,481,2,0.96,3,0.86,4
4.88,0,144,0,0.96,0,0.96,1
4.26,1,937,2,0.88,3,0.65,4
4.18,1,256,2,0.87,2,0.94,3
2.83,0,378,2,0.69,2,0.8,3
4.14,1,751,2,0.88,2,0.67,3
3.05,1,35,2,0.98,1,0.68,4
3.99,0,353,2,0.86,2,0.81,3
4.81,1,562,2,0.8,1,0.7,3
4.15,1,301,2,0.76,2,0.65,3
4.07,1,328,2,0.73,1,0.67,3
2.98,1,463,2,0.69,2,0.81,4
3.24,1,422,2,0.97,3,0.88,4
3.54,0,983,2,0.87,4,0.8,2
3.99,1,703,2,0.89,4,0.91,2
3.6,1,587,2,0.66,4,0.97,2
3.03,1,578,1,0.67,2,0.65,0
3.56,0,383,2,0.93,0,0.67,0
4.93,0,266,0,0.98,2,0.71,1
4.34,1,511,2,0.62,1,0.76,3
4.52,0,545,2,0.68,3,0.68,0
4.9,0,780,0,0.84,1,0.76,1
4.43,1,745,2,0.95,1,0.81,3
4.9,0,183,0,0.93,2,0.91,1
4.11,0,677,2,0.93,4,0.98,2
4.12,1,196,2,0.89,1,0.61,3
4.93,0,708,0,0.84,4,0.89,1
4.73,1,361,2,0.72,4,0.65,2
3.59,0,576,2,0.61,4,0.62,2
4.2,1,324,2,0.86,2,0.61,3
2.96,1,86,2,0.85,4,0.97,2
4.86,1,218,2,0.82,1,0.75,3
3.24,1,29,2,0.95,2,0.75,4
4.9,0,375,0,0.68,1,0.94,1
3.49,0,933,2,0.77,1,0.95,3
3.08,3,470,2,0.92,3,0.89,4
3.04,1,302,2,0.9,3,0.83,4
3.18,1,749,2,0.92,2,0.72,4
4.45,1,875,2,0.72,4,0.89,2
4.7,3,300,1,0.68,2,0.86,0
2.98,0,384,2,0.63,2,0.64,3
2.54,0,990,2,0.76,1,0.95,3
4.82,3,471,2,0.9,3,0.93,4
3.92,3,257,1,0.82,3,0.68,0
4.53,0,197,2,0.79,2,0.69,3
4.43,2,327,2,0.69,4,0.92,4
3.54,1,404,2,0.66,2,0.77,4
3.83,2,202,2,0.96,1,0.63,4
2.51,3,55,2,0.63,3,0.97,4
4.72,1,623,2,0.87,1,0.65,3
3.7,1,449,2,0.77,1,0.7,4
3.7,0,615,2,0.78,0,0.78,0
4.86,0,864,0,0.96,2,0.89,1
4.87,0,252,0,0.93,0,0.64,1
4.06,0,839,2,0.87,1,0.82,3
3.51,0,397,2,0.75,3,0.93,0
3.24,0,794,2,0.94,4,0.67,2
4.27,0,277,2,0.91,4,0.69,2
3.62,2,115,1,0.61,0,0.82,0
4.65,2,484,2,0.99,3,0.86,4
2.76,0,556,2,0.69,0,0.89,0
3.66,0,386,2,0.86,0,0.82,0
3.23,1,193,0,0.78,0,0.72,0
4.82,0,517,0,0.94,4,0.87,1
4.95,1,210,0,0.9,2,0.87,1
4.4,0,924,2,0.66,1,0.91,3
4.02,1,466,1,0.74,2,0.62,0
4.91,2,45,0,0.74,2,0.69,0
4.12,3,607,2,0.84,1,0.95,4
4.2,1,210,2,0.79,2,0.84,3
4.99,1,50,0,0.88,4,0.69,0
4.41,1,712,2,0.63,3,0.88,0
3.13,1,820,2,0.61,4,0.82,2
3.15,1,691,2,0.79,0,0.95,0
3.91,1,34,2,0.99,3,0.87,4
3.62,0,85,2,0.65,2,0.98,3
3.48,1,299,2,0.81,4,0.86,2
3.58,1,263,1,0.73,4,0.69,0
3.2,1,105,1,0.63,2,0.96,0
3.94,2,622,2,0.84,3,0.84,4
4.89,1,60,2,0.98,1,0.76,3
3.14,1,177,2,0.66,4,0.81,2
4.55,1,568,2,0.75,4,0.77,2
4.5,0,527,2,0.81,4,0.85,2
4.47,1,153,2,0.89,3,0.69,4
4.8,1,962,2,0.99,2,0.87,3
3.46,2,666,2,0.71,1,0.97,4
4.81,0,732,2,0.93,1,0.61,3
2.63,1,685,2,0.91,1,0.81,4
4.83,0,760,0,0.9,3,0.69,1
3.03,3,652,1,0.82,3,0.89,0
4.92,0,518,0,0.97,4,0.86,1
4.84,0,907,0,0.78,0,0.97,1
4.14,3,806,2,0.99,3,0.73,4
4.79,3,178,2,0.97,3,0.68,4
4.76,2,323,2,0.91,3,0.91,4
3.69,3,767,2,0.97,3,0.98,4
4.33,1,560,2,0.94,2,0.91,3
3.59,0,158,2,0.64,1,0.91,3
2.6,0,880,2,0.67,4,0.83,2
4.97,0,514,0,0.75,2,0.92,1
3.66,2,856,2,0.97,0,0.71,4
4.68,3,851,2,0.97,3,0.92,4
4.03,1,553,2,0.79,1,0.99,3
3.4,1,905,2,0.99,3,0.96,4
2.5,3,853,2,0.98,3,0.71,4
4.9,1,809,2,0.6,2,0.66,3
4.99,0,293,0,0.66,4,0.83,1
4.86,0,270,0,0.95,2,0.74,1
2.78,1,701,2,0.85,1,0.63,4
2.67,3,790,2,0.98,3,0.78,4
4.79,1,122,2,0.73,4,0.79,2
2.7,1,125,2,0.74,4,0.88,2
4.29,1,210,2,0.98,2,0.96,3
2.92,3,119,1,0.7,1,0.67,0
4.88,3,17,0,0.67,2,0.83,0
4.98,0,935,0,0.82,1,0.69,1
3.15,0,255,2,0.85,1,0.66,3
4.86,1,143,0,0.73,4,0.7,1
2.97,3,78,1,0.67,2,0.67,0
4.98,1,125,0,0.65,0,0.72,1
4.89,0,847,0,0.87,1,0.99,1
4.33,1,258,2,0.82,2,0.72,3
4.7,1,337,2,0.78,2,0.94,3
4.86,3,840,1,0.93,4,0.64,0
4.66,0,477,2,0.9,3,0.76,4
2.9,0,362,2,0.96,4,0.91,2
3.85,1,532,2,0.81,2,0.97,4
4.25,1,146,2,0.62,4,0.78,2
4.95,0,895,0,0.75,4,0.84,1
4.44,3,102,2,0.96,3,0.77,4
3.49,0,925,2,0.62,4,0.69,2
4.57,3,686,1,0.72,1,0.88,0
3.27,1,582,2,0.73,4,0.66,2
4.93,3,27,0,0.87,2,0.7,0
4.97,0,329,0,0.93,4,0.81,1
4.2,0,699,2,0.86,4,0.94,2
4.02,1,329,2,0.88,1,0.62,3
3.01,1,997,2,0.62,1,0.79,4
4.92,0,83,0,0.75,2,0.86,1
2.94,1,561,2,0.89,2,0.93,4
3.58,1,604,2,0.92,4,0.76,2
4.84,2,530,2,0.95,3,0.63,4
4.28,2,996,1,0.77,1,0.7,0
4.87,0,484,0,0.89,2,0.63,1
4.18,0,233,2,0.87,4,0.62,2
3.54,1,908,2,0.65,4,0.92,2
4.38,3,745,2,0.95,4,0.81,4
4.29,0,189,2,0.73,3,0.94,0
4.42,3,432,2,0.8,0,0.72,4
4.97,1,664,0,0.79,0,0.68,1
2.92,1,720,2,0.68,4,0.98,2
3.95,1,257,2,0.82,3,0.86,0
2.91,1,69,2,0.87,3,0.7,4
3.34,0,93,1,0.78,3,0.78,0
2.68,0,513,2,0.81,4,0.67,2
4.96,2,20,0,0.87,1,0.71,0
4.2,2,53,2,0.95,3,0.66,4
2.96,1,90,2,0.99,0,0.77,0
4.88,0,183,0,0.93,3,0.65,1
3.46,3,533,2,0.71,2,0.97,4
3.5,3,733,1,0.79,2,0.93,0
3.43,1,263,2,0.87,2,0.82,4
2.75,3,593,0,0.85,2,0.64,0
4.83,0,316,0,0.97,1,0.61,1
4.05,0,900,1,0.79,1,0.62,0
3.14,0,976,2,0.85,1,0.93,3
4.02,0,924,2,0.89,1,0.88,3
4.01,1,593,2,0.66,4,0.9,2
4.34,2,140,2,0.91,3,0.64,4
3.37,0,738,2,0.7,0,0.74,0
3.48,0,482,2,0.94,2,0.85,3
4.41,3,537,1,0.65,1,0.88,0
4.94,0,488,0,0.85,1,0.66,1
3.1,0,115,2,0.99,4,0.93,2
3.46,0,602,2,0.91,4,0.95,2
3.09,1,384,2,0.69,4,0.89,2
4.22,0,115,2,0.7,3,0.61,0
4.4,0,307,2,0.94,4,0.86,2
3.04,0,22,1,0.83,0,0.83,0
3.36,1,776,2,0.72,1,0.81,4
2.64,0,123,2,0.67,4,0.67,2
4.62,0,83,2,0.69,2,0.76,3
3.85,1,649,2,0.66,2,0.67,4
4.97,0,928,0,0.69,0,0.68,1
4.96,0,874,0,0.98,1,0.89,1
4.9,0,868,0,0.85,1,0.83,1
2.67,1,436,2,0.9,4,0.87,2
4.89,0,783,0,0.69,0,0.97,1
4.21,1,721,2,0.81,1,0.88,3
4.51,1,924,2,0.72,2,0.78,3
4.42,1,927,2,0.85,1,0.91,3
3.62,1,410,2,0.67,1,0.95,4
4.88,0,96,0,0.79,4,0.85,1
4.85,0,746,0,0.8,4,0.85,1
4.81,0,603,0,0.92,3,0.77,1
4.83,0,328,0,0.88,1,0.62,1
4.51,1,94,2,0.91,2,0.73,3
4.11,1,770,2,0.71,4,0.72,2
4.3,0,264,2,0.66,2,0.66,3
2.93,3,339,2,0.7,3,0.73,4
4.91,1,60,0,0.91,3,0.73,1
4.67,1,396,2,0.91,3,0.87,4
4.87,0,693,2,0.91,2,0.67,3
4.85,0,381,0,0.77,1,0.89,1
4.82,0,777,0,0.98,0,0.75,1
4.91,0,863,0,0.71,3,0.78,1
4.8,0,219,2,0.94,2,0.75,3
4.69,0,705,2,0.68,2,0.98,3
2.85,1,281,2,0.66,4,0.84,2
3.09,3,43,1,0.89,4,0.74,0
3.7,1,843,2,0.79,4,0.91,2
3.01,1,662,2,0.94,2,0.69,4
4.27,0,375,2,0.94,2,0.95,3
4.83,0,948,0,0.71,1,0.68,1
4.56,1,140,2,0.91,1,0.75,3
4.84,0,796,0,0.93,4,0.64,1
3.94,1,456,2,0.83,4,0.95,2
4.86,0,467,0,0.67,3,0.75,1
4.09,3,501,2,0.94,3,0.67,4
3.95,0,74,2,0.89,3,0.9,4
2.66,1,884,2,0.95,3,0.94,4
3.29,0,122,2,0.95,1,0.74,3
4.16,2,943,0,0.84,3,0.71,0
3.68,1,732,1,0.78,0,0.99,0
4.63,1,620,2,0.62,1,0.72,3
4.03,2,607,1,0.95,3,0.79,0
3.64,2,602,0,0.61,3,0.79,0
4.48,0,467,2,0.62,4,0.7,2
4.91,1,10,0,0.63,4,0.84,0
4.87,0,912,0,0.93,2,0.75,1
4.38,1,830,2,0.76,3,0.74,0
4.04,0,501,1,0.77,0,0.83,0
4.19,1,294,2,0.7,1,0.64,3
4.83,0,768,0,0.85,3,0.81,1
3.15,3,157,2,0.7,1,0.64,4
2.77,0,221,2,0.78,4,0.93,2
4.99,3,33,0,0.89,1,0.67,0
4.35,1,547,2,0.8,2,0.93,3
4.97,0,660,0,0.94,2,0.77,1
4.42,0,401,2,0.82,2,0.77,3
3.33,0,828,2,0.95,1,0.69,3
3.88,0,90,2,0.98,2,0.65,3
4.93,1,942,0,0.71,4,0.63,1
3.1,1,972,2,0.91,3,0.82,4
4.47,2,717,1,0.86,3,0.91,0
4.89,1,323,2,0.85,2,0.87,3
4.91,1,994,0,0.67,3,0.98,1
3.27,1,33,2,0.74,2,0.84,4
4.99,1,96,0,0.74,0,0.79,1
3.09,0,500,2,0.68,0,0.95,0
4.87,0,606,0,0.62,0,0.84,1
4.98,1,958,0,0.78,4,0.81,1
4.05,1,996,2,0.66,2,0.6,3
4.86,0,997,0,0.94,3,0.69,1
4.94,0,629,0,0.77,2,0.81,1
4.51,1,288,2,0.94,4,0.62,2
3.33,1,606,2,0.82,4,0.88,2
4.81,0,493,0,0.66,3,0.98,1
4.04,1,79,2,0.99,1,0.82,3
4.96,0,910,0,0.92,2,0.9,1
3.43,1,44,2,0.66,1,0.74,4
3.86,0,700,2,0.63,4,0.67,2
4.36,3,927,2,0.65,1,0.95,4
3.96,0,668,2,0.67,2,0.86,3
4.94,0,546,0,0.91,3,0.78,1
4.84,2,24,0,0.68,1,0.88,0
3.39,1,455,2,0.95,1,0.79,4
4.86,0,342,0,0.61,4,0.87,1
4.28,0,936,2,0.87,1,0.85,3
4.23,0,768,2,0.83,4,0.83,2
3.98,3,882,1,0.7,2,0.81,0
3.13,3,440,2,0.97,0,0.97,4
4.55,1,300,2,0.94,4,0.65,2
4.11,2,692,2,0.8,4,0.65,4
3.79,3,683,2,0.99,3,0.89,4
4.87,2,21,0,0.62,1,0.83,0
4.5,1,562,2,0.88,2,0.72,3
4.82,2,32,0,0.82,4,0.64,0
4.19,0,48,2,0.79,4,0.85,2
4.87,1,847,2,0.93,1,0.99,3
4.95,0,709,0,0.75,4,0.85,1
4.29,1,633,2,0.85,1,0.85,3
3.5,3,723,0,0.72,2,0.62,0
4.47,1,598,2,0.78,1,0.75,3
3.47,1,397,2,0.71,4,0.78,2
3.61,3,562,2,0.89,2,0.66,4
4.22,0,677,2,0.67,2,0.93,3
2.75,3,337,2,0.68,3,0.64,4
4.05,1,254,2,0.7,2,0.63,3
4.7,0,86,2,0.66,1,0.65,3
3.47,0,127,2,0.91,4,0.98,2
4.57,1,510,2,0.62,4,0.72,2
4.99,1,648,0,0.8,3,0.81,1
3.32,2,458,1,0.95,3,0.65,0
4.88,0,605,0,0.93,0,0.66,1
3.85,1,721,2,0.91,0,0.87,0
3.01,3,526,1,0.73,1,0.81,0
4.13,1,237,2,0.87,3,0.65,4
4.87,1,238,0,0.95,2,0.98,1
3.97,2,202,1,0.82,0,0.69,0
3.14,1,13,2,0.73,3,0.73,0
4.97,0,56,0,0.73,3,0.61,1
5.0,0,731,0,0.67,2,0.75,1
4.95,0,899,0,0.81,4,0.72,1
3.89,0,176,2,0.78,0,0.91,0
3.94,0,71,2,0.77,4,0.94,2
4.14,0,791,2,0.68,4,0.92,2
3.45,0,201,2,0.88,4,0.65,2
3.67,0,577,2,0.88,4,0.74,2
4.3,3,378,1,0.68,0,0.68,0
4.82,0,186,0,0.69,1,0.83,1
3.44,1,666,2,0.74,3,0.79,0
4.2,1,990,2,0.73,2,0.94,3
3.39,0,954,2,0.94,4,0.85,2
4.46,0,735,2,0.84,4,0.89,2
4.83,1,747,2,0.87,2,0.77,3
3.1,0,141,2,0.77,4,0.67,2
4.85,0,354,0,0.79,0,0.94,1
4.94,0,788,0,0.73,1,0.97,1
4.06,1,444,2,0.97,1,0.82,3
5.0,1,539,0,0.86,0,0.7,1
3.19,2,431,0,0.77,0,0.71,0
3.58,1,552,2,0.73,2,0.89,4
3.22,3,133,2,0.92,2,0.71,4
2.62,1,878,1,0.98,4,0.87,0
2.54,0,173,2,0.86,4,0.65,2
4.33,1,341,2,0.93,2,0.73,3
3.55,1,850,2,0.64,1,0.83,4
4.48,0,224,2,0.85,2,0.75,3
3.61,0,478,2,0.73,4,0.98,2
2.98,0,604,0,0.73,4,0.94,0
4.09,0,172,2,0.76,2,0.83,3
4.09,0,13,2,0.9,1,0.71,3
3.81,1,423,2,0.8,2,0.75,4
3.24,0,54,2,0.72,2,0.67,3
4.04,1,698,2,0.61,1,0.91,3
4.85,1,782,2,0.62,1,0.85,3
4.86,0,963,0,0.87,0,0.74,1
4.9,0,515,2,0.86,1,0.92,3
4.28,0,681,2,0.64,1,0.89,3
4.91,0,367,0,0.99,1,0.93,1
4.46,2,948,2,0.87,3,0.83,4
3.15,1,75,2,0.97,4,0.75,2
4.89,0,94,0,0.76,0,0.7,1
2.78,1,748,2,0.95,1,0.83,4
2.69,0,128,2,0.92,4,0.62,2
4.3,3,275,0,0.65,1,0.66,0
4.44,2,753,2,0.97,0,0.96,4
3.13,1,179,2,0.89,4,0.6,2
4.82,0,534,0,0.82,2,0.75,1
3.39,0,996,2,0.75,2,0.8,3
4.87,0,366,0,0.69,3,0.96,1
4.02,0,71,1,0.74,1,0.87,0
4.46,1,794,2,0.81,2,0.93,3
4.61,1,285,2,0.84,2,0.84,3
4.96,0,465,0,0.76,0,0.74,1
3.7,0,939,2,0.75,4,0.67,2
3.06,2,91,2,0.64,1,0.93,4
4.86,1,192,0,0.79,2,0.8,1
3.19,0,275,2,0.85,4,0.77,2
4.93,0,558,0,0.97,2,0.96,1
4.96,0,274,0,0.97,4,0.72,1
4.81,1,343,2,0.95,2,0.71,3
2.75,0,932,2,0.66,1,0.65,3
3.13,1,86,2,0.71,4,0.91,2
2.56,0,38,2,0.75,4,0.79,2
2.6,0,182,2,0.65,4,0.95,2
3.48,0,229,2,0.97,4,0.9,2
3.69,0,515,2,0.71,4,0.82,2
4.98,0,879,0,0.74,4,0.64,1
4.03,1,702,2,0.78,2,0.83,3
4.33,0,752,1,0.64,1,0.96,0
4.88,0,348,0,0.8,4,0.8,1
2.73,0,511,2,0.76,4,0.66,2
3.46,2,113,0,0.84,1,0.76,0
3.75,0,299,2,0.64,0,0.64,0
3.0,1,144,2,0.93,4,0.76,2
3.21,1,64,2,0.95,1,0.67,4
4.85,0,61,0,0.72,2,0.68,1
3.59,1,756,1,0.8,1,0.71,0
4.98,0,814,0,0.87,0,0.63,1
4.06,0,462,2,0.7,2,0.68,3
2.93,2,796,2,0.69,0,0.93,4
2.68,2,508,0,0.63,4,0.74,0
2.86,0,806,1,0.68,0,0.77,0
2.54,1,367,2,0.84,2,0.85,4
3.21,3,142,2,0.78,1,0.68,4
4.23,1,927,2,0.7,4,0.88,2
4.11,0,232,2,0.65,4,0.62,2
4.65,2,814,1,0.79,2,0.82,0
4.95,0,85,0,0.62,1,0.62,1
4.85,0,610,0,0.97,0,0.8,1
2.76,1,564,2,0.7,1,0.75,4
3.02,1,533,1,0.75,4,0.65,0
4.83,0,761,2,0.96,3,0.91,4
4.39,2,183,2,0.88,0,0.89,4
3.23,1,182,2,0.72,4,0.98,2
4.48,3,896,1,0.99,1,0.68,0
3.14,1,259,2,0.93,3,0.73,4
4.88,0,373,0,0.94,0,0.65,1
3.37,3,729,2,0.74,4,0.96,4
3.11,3,230,0,0.62,2,0.7,0
2.84,0,675,2,0.62,1,0.84,3
4.36,0,141,2,0.71,2,0.72,3
2.77,2,223,1,0.96,4,0.83,0
4.97,0,592,0,0.76,4,0.99,1
4.83,1,518,1,0.85,0,0.93,0
4.96,1,704,0,0.76,3,0.89,1
2.66,0,186,2,0.78,1,0.7,3
3.07,2,799,2,0.96,0,0.65,4
4.88,0,467,0,0.85,1,0.61,1
2.99,1,812,2,0.78,1,0.84,4
4.89,3,117,1,0.72,0,0.65,0
4.91,0,671,0,0.83,2,0.61,1
2.79,2,968,2,0.98,3,0.76,4
4.93,3,45,0,0.92,1,0.7,0
3.9,0,51,2,0.73,2,0.9,3
3.55,1,948,2,0.96,1,0.81,4
4.7,1,739,2,0.65,1,0.69,3
2.91,0,889,2,0.91,4,0.93,2
4.99,0,693,0,0.7,3,0.8,1
4.41,2,427,1,0.95,2,0.78,0
3.98,0,757,2,0.86,1,0.72,3
4.18,1,578,2,0.74,4,0.67,2
4.9,0,604,0,0.93,0,0.63,1
4.93,0,680,0,0.61,4,0.78,1
4.81,0,241,0,0.92,0,0.63,1
2.58,1,545,2,0.81,2,0.92,4
3.29,2,795,1,0.6,2,0.73,0
2.65,0,872,2,0.68,4,0.76,2
4.35,2,508,2,0.9,1,0.69,4
4.81,0,510,0,0.94,1,0.9,1
4.31,1,645,1,0.94,3,0.92,0
4.86,1,289,2,0.66,1,0.79,3
4.91,0,358,0,0.68,3,0.67,1
4.82,1,892,2,0.92,4,0.96,2
2.6,1,530,2,0.72,4,0.68,2
4.03,3,230,2,0.95,2,0.96,4
2.7,1,386,2,0.8,4,0.85,2
3.28,2,525,0,0.64,1,0.7,0
4.81,1,75,2,0.63,1,0.93,3
4.22,0,838,0,0.83,4,0.67,0
4.58,2,419,2,0.95,3,0.86,4
2.86,1,867,2,0.98,2,0.79,4
4.73,1,663,2,0.67,4,0.65,2
3.15,3,453,2,0.63,3,0.73,4
3.48,2,120,1,0.86,3,0.61,0
3.15,1,481,2,0.63,0,0.88,0
4.82,0,730,0,0.8,2,0.67,1
3.76,1,30,2,0.64,2,0.75,4
4.74,1,484,2,0.86,1,0.8,3
4.06,0,327,1,0.87,1,0.62,0
4.51,2,307,2,0.71,3,0.92,4
4.67,0,93,2,0.86,1,0.74,3
4.82,0,53,0,0.76,4,0.87,1
4.83,1,873,2,0.97,1,0.92,3
3.74,0,411,2,0.81,4,0.97,2
4.85,0,708,0,0.64,1,0.66,1
4.98,0,817,0,0.97,1,0.63,1
2.87,0,202,2,0.65,4,0.65,2
4.12,2,373,1,0.7,0,0.9,0
4.53,3,386,2,0.94,4,0.82,4
3.58,0,682,2,0.65,1,0.88,3
4.19,0,431,2,0.98,2,0.69,3
3.82,2,46,2,0.66,0,0.74,4
4.47,3,175,2,0.93,4,0.71,4
4.38,0,570,2,0.9,1,0.84,3
3.9,2,943,2,0.97,2,0.92,4
3.62,2,629,2,0.78,4,0.74,4
3.15,0,446,2,0.73,0,0.93,0
4.99,1,198,0,0.9,1,0.77,1
3.55,2,50,2,0.93,0,0.71,4
4.33,3,268,1,0.93,3,0.61,0
4.75,1,710,2,0.91,2,0.82,3
4.96,0,817,0,0.78,2,0.68,1
2.64,2,649,2,0.68,3,0.88,4
4.4,0,148,2,0.73,4,0.84,2
3.15,2,627,2,0.89,3,0.75,4
3.52,3,122,2,0.85,4,0.87,4
2.67,3,267,2,0.64,2,0.99,4
3.65,1,236,0,0.62,3,0.98,0
4.45,0,315,2,0.64,1,0.87,3
3.32,2,563,1,0.77,1,0.61,0
4.83,0,285,0,0.87,1,0.7,1
3.9,0,456,2,0.89,4,0.97,2
4.81,0,540,0,0.84,3,0.61,1
4.05,1,169,2,0.63,1,0.81,3
3.83,0,194,2,0.79,1,0.75,3
3.84,3,416,2,0.77,0,0.78,4
3.14,1,947,2,0.91,2,0.62,4
4.95,0,534,0,0.96,0,0.66,1
4.79,1,760,2,0.93,3,0.98,4
4.1,1,705,2,0.91,1,0.98,3
4.58,0,643,2,0.75,2,0.84,3
4.54,3,727,1,0.95,3,0.98,0
3.58,0,730,2,0.64,0,0.68,0
4.92,0,54,0,0.8,4,0.9,1
4.99,0,21,0,0.94,2,0.93,0
4.62,1,310,2,0.99,2,0.7,3
3.01,0,627,2,0.69,4,0.95,2
4.91,0,543,0,0.88,0,0.6,1
4.94,0,77,0,0.97,3,0.8,1
4.42,0,762,2,0.62,1,0.74,3
4.68,1,913,2,0.76,1,0.78,3
4.92,0,716,0,0.61,1,0.87,1
4.93,0,354,0,0.95,2,0.84,1
4.43,1,528,2,0.94,2,0.91,3
4.88,1,20,0,0.83,0,0.65,0
4.91,0,125,0,0.94,4,0.62,1
3.61,3,740,2,0.86,4,0.68,4
4.8,0,690,2,0.63,2,0.99,3
4.18,1,987,2,0.75,4,0.69,2
4.56,2,597,2,0.9,3,0.85,4
5.0,0,153,0,0.79,4,0.65,1
3.58,2,611,2,0.93,4,0.6,4
3.64,1,136,2,0.69,4,0.77,2
3.68,2,470,2,0.76,3,0.89,4
4.56,1,414,2,0.67,4,0.75,2
4.09,3,214,2,0.93,3,0.64,4
4.76,1,331,2,0.99,4,0.76,2
2.84,2,873,2,0.89,3,0.85,4
2.75,1,379,2,0.63,4,0.62,2
4.98,0,592,0,0.65,0,0.68,1
4.34,1,696,2,0.83,1,0.96,3
2.78,0,407,2,0.65,4,0.61,2
4.99,0,654,0,0.69,1,0.73,1
3.93,3,61,2,0.86,3,0.94,4
2.51,1,90,2,0.87,4,0.67,2
3.27,1,903,2,0.63,1,0.79,4
3.58,1,686,2,0.67,3,0.69,0
4.86,0,19,0,0.65,4,0.85,0
4.48,1,991,2,0.89,3,0.68,4
3.01,1,868,2,0.99,3,0.92,4
3.84,3,693,2,0.9,3,0.82,4
3.97,3,876,2,0.9,3,0.73,4
3.12,2,325,2,0.64,2,0.79,4
4.74,1,698,2,0.98,1,0.68,3
3.51,0,924,2,0.68,2,0.92,3
2.91,0,540,2,0.64,3,0.66,0
4.99,0,441,0,0.88,1,0.64,1
4.38,1,423,2,0.63,1,0.63,3
4.92,0,436,0,0.85,3,0.7,1
4.42,0,526,2,0.7,2,0.84,3
4.74,2,161,0,0.77,1,0.81,0
3.99,0,540,2,0.68,4,0.69,2
4.21,1,691,2,0.92,2,0.62,3
4.05,1,434,2,0.71,1,0.68,3
3.02,0,506,2,0.8,2,0.91,3
2.62,1,724,2,0.91,3,0.71,4
4.13,0,911,2,0.74,1,0.72,3
4.59,1,553,2,0.79,4,0.84,2
4.95,0,844,0,0.86,0,0.94,1
4.76,0,541,2,0.94,1,0.71,3
3.33,0,38,2,0.75,2,0.87,3
4.67,1,668,2,0.99,2,0.6,3
4.19,1,802,2,0.85,4,0.93,2
3.29,1,160,2,0.93,4,0.75,2
3.11,1,618,2,0.66,4,0.65,2
4.98,0,514,0,0.78,4,0.89,1
3.76,2,323,2,0.72,2,0.72,4
4.89,1,799,2,0.63,2,0.89,3
2.96,3,814,1,0.67,1,0.84,0
4.01,1,762,2,0.74,2,0.98,3
2.68,1,266,0,0.79,2,0.95,0
4.86,0,638,0,0.84,3,0.61,1
2.69,2,712,2,0.8,1,0.67,4
3.01,0,649,2,0.75,2,0.86,3
4.95,1,242,2,0.88,1,0.81,3
4.59,1,853,2,0.82,2,0.83,3
4.82,0,145,0,0.63,0,0.78,1
4.76,2,505,0,0.77,2,0.7,0
3.98,1,775,2,0.62,4,0.78,2
4.0,1,699,2,0.71,2,0.7,3
4.26,1,273,2,0.62,1,0.82,3
3.01,1,701,0,0.72,2,0.88,0
3.6,0,749,2,0.91,2,0.85,3
4.14,0,955,2,0.8,1,0.7,3
4.88,0,81,0,0.91,4,0.96,1
2.62,0,765,2,0.94,4,0.82,2
2.65,1,436,2,0.99,4,0.6,2
2.97,1,719,2,0.76,1,0.62,4
3.3,2,664,2,0.7,4,0.6,4
4.93,0,731,0,0.88,1,0.64,1
3.41,2,306,1,0.67,4,0.89,0
3.56,3,558,1,0.87,1,0.98,0
3.1,1,797,1,0.88,4,0.8,0
4.85,0,118,0,0.69,1,0.96,1
4.38,1,239,2,0.8,2,0.64,3
4.57,1,60,2,0.81,4,0.84,2
4.17,1,545,2,0.68,3,0.95,0
4.79,0,711,2,0.87,4,0.86,2
4.86,0,375,2,0.84,2,0.72,3
3.67,1,922,0,0.62,2,0.96,0
3.27,0,485,2,0.97,1,0.76,3
3.88,2,748,0,0.9,0,0.93,0
4.81,1,661,2,0.92,2,0.63,3
3.85,0,572,2,0.64,1,0.66,3
3.18,2,780,0,0.87,4,0.81,0
4.94,0,143,0,0.77,0,0.72,1
3.06,1,869,2,0.8,4,0.73,2
4.44,1,265,2,0.67,0,0.84,0
3.56,1,872,2,0.84,4,0.61,2
2.79,0,14,2,0.61,4,0.83,2
3.05,0,845,2,0.76,4,0.68,2
4.89,0,672,0,0.84,3,0.8,1
4.97,0,976,0,0.76,3,0.72,1
2.89,0,949,2,0.61,4,0.94,2
3.4,2,181,1,0.85,0,0.92,0
3.01,1,464,2,0.9,4,0.79,2
4.55,0,645,2,0.9,4,0.95,2
2.88,1,214,1,0.96,0,0.67,0
4.22,0,905,2,0.87,4,0.93,2
2.93,2,366,0,0.89,2,0.94,0
4.28,0,557,2,0.89,3,0.95,4
4.34,1,550,2,0.87,2,0.96,3
3.75,1,767,2,0.67,2,0.81,4
4.41,1,779,2,0.98,2,0.74,3
4.28,1,142,2,0.9,1,0.88,3
4.47,1,463,0,0.8,0,0.67,0
3.68,0,843,2,0.96,1,0.91,3
3.56,0,780,2,0.89,4,0.9,2
4.78,1,49,2,0.91,2,0.94,3
4.03,2,384,2,0.99,3,0.88,4
4.73,1,264,2,0.66,1,0.65,3
4.85,0,480,0,0.63,4,0.96,1
4.33,3,304,2,0.89,3,0.96,4
4.91,0,316,0,0.73,1,0.9,1
4.11,0,33,2,0.76,4,0.64,2
4.19,0,999,2,0.78,4,0.6,2
3.34,3,255,0,0.67,3,0.62,0
4.72,2,33,2,0.92,3,0.99,4
4.33,0,154,2,0.95,4,0.94,2
4.95,0,508,0,0.84,4,0.77,1
3.08,1,675,2,0.83,4,0.62,2
4.93,0,947,0,0.6,1,0.65,1
3.76,1,14,2,0.91,4,0.81,2
4.92,0,998,0,0.68,4,0.87,1
4.87,3,29,0,0.62,0,0.74,0
4.96,2,49,0,0.95,4,0.68,0
4.97,0,362,0,0.93,2,0.77,1
3.94,1,284,2,0.83,4,0.89,2
4.83,0,965,0,0.69,2,0.95,1
4.67,3,457,2,0.85,1,0.85,4
4.05,0,95,2,0.88,1,0.67,3
3.19,2,190,2,0.99,3,0.77,4
4.34,1,768,2,0.71,1,0.6,3
3.16,0,132,2,0.78,2,0.77,3
4.6,2,130,2,0.64,1,0.61,4
4.03,1,757,2,0.63,2,0.76,3
4.49,3,886,2,0.99,3,0.84,4
4.62,2,925,2,0.99,1,0.96,4
4.55,1,167,2,0.86,1,0.83,3
4.86,1,833,0,0.64,0,0.67,1
3.58,0,329,2,0.81,1,0.67,3
5.0,1,483,0,0.65,4,0.66,1
4.23,1,965,2,0.78,2,0.93,3
4.13,0,716,2,0.73,4,0.74,2
4.24,3,863,1,0.97,2,0.91,0
4.77,1,452,2,0.77,2,0.89,3
3.2,2,471,1,0.74,3,0.74,0
4.85,0,112,0,0.66,4,0.62,1
4.71,1,19,2,0.93,3,0.71,4
4.57,1,18,2,0.8,2,0.8,3
4.89,1,884,2,0.88,1,0.68,3
3.74,2,577,1,0.82,3,0.91,0
2.62,0,670,2,0.6,4,0.69,2
3.23,0,405,2,0.62,1,0.68,3
4.55,0,662,2,0.8,0,0.74,0
4.2,1,860,2,0.93,1,0.79,3
3.7,0,670,2,0.89,4,0.78,2
2.65,3,335,2,0.67,3,0.88,4
3.29,1,428,2,0.93,4,0.82,2
2.69,1,306,2,0.87,3,0.96,4
4.12,0,877,2,0.91,1,0.97,3
3.83,1,490,2,0.83,2,0.79,4
3.69,1,327,2,0.77,3,0.88,0
4.82,3,27,0,0.71,4,0.78,0
2.65,1,513,2,0.96,4,0.88,2
3.95,2,783,2,0.91,1,0.7,4
3.58,0,725,2,0.68,1,0.89,3
2.82,0,962,2,0.92,2,0.92,3
2.58,1,857,2,0.72,4,0.67,2
4.82,1,964,2,0.68,2,0.63,3
3.95,2,344,2,0.9,4,0.92,4
4.92,0,428,0,0.82,1,0.66,1
2.62,3,249,2,0.91,3,0.73,4
4.28,0,600,2,0.98,3,0.74,4
3.66,0,692,2,0.99,2,0.73,3
3.06,0,517,2,0.8,2,0.94,3
4.54,0,801,2,0.98,4,0.8,2
3.43,2,764,2,0.71,2,0.67,4
4.04,3,22,2,0.95,3,0.94,4
3.37,2,532,2,0.83,0,0.91,4
3.12,2,31,2,0.6,2,0.85,4
4.25,1,126,2,0.99,1,0.87,3
4.95,0,679,0,0.77,1,0.7,1
4.95,0,363,0,0.97,4,0.8,1
3.81,2,493,2,0.87,1,0.65,4
2.71,1,787,2,0.61,1,0.94,4
4.8,1,303,2,0.93,4,0.94,2
4.14,0,317,2,0.99,4,0.61,2
4.83,1,705,0,0.62,4,0.78,1
4.99,0,207,0,0.93,2,0.98,1
3.69,3,441,0,0.78,1,0.88,0
4.28,0,502,2,0.63,4,0.93,2
4.5,1,279,1,0.89,0,0.88,0
4.84,0,354,0,0.68,2,0.77,1
2.61,0,372,2,0.65,4,0.7,2
2.91,0,770,2,0.85,0,0.75,0
3.94,0,713,2,0.89,1,0.68,3
3.02,3,206,2,0.99,4,0.64,4
3.55,2,519,2,0.92,3,0.83,4
4.06,2,138,1,0.84,4,0.81,0
4.44,1,295,2,0.72,2,0.69,3
3.43,1,398,2,0.96,4,0.88,2
3.84,1,460,2,0.77,4,0.74,2
3.95,3,94,2,0.78,2,0.85,4
2.5,2,515,2,0.89,3,0.67,4
3.26,3,443,1,0.87,0,0.85,0
3.41,0,470,1,0.67,0,0.97,0
3.41,1,641,2,0.78,3,0.72,0
2.76,1,461,2,0.81,4,0.77,2
3.63,0,539,2,0.76,1,0.85,3
3.57,3,504,2,0.96,3,0.97,4
3.4,2,83,0,0.79,4,0.61,0
3.27,1,53,2,0.72,2,0.97,4
4.58,3,402,0,0.98,3,0.67,0
4.18,2,825,2,0.91,0,0.86,4
4.44,1,703,2,0.62,4,0.93,2
4.55,0,609,2,0.87,4,0.95,2
4.98,0,590,0,0.96,0,0.68,1
3.61,1,366,2,0.98,1,0.85,4
4.08,1,318,2,0.83,2,0.78,3
4.08,0,331,2,0.72,2,0.63,3
3.44,1,392,2,0.73,1,0.61,4
4.19,2,334,0,0.64,0,0.97,0
4.95,1,288,0,0.94,4,0.69,1
4.48,0,295,0,0.98,0,0.89,0
2.89,2,406,2,0.73,0,0.79,4
4.48,1,247,2,0.93,3,0.7,4
4.48,0,127,2,0.96,4,0.6,2
4.58,1,304,2,0.81,4,0.9,2
4.7,1,705,2,0.65,2,0.62,3
4.86,1,436,0,0.92,0,0.81,1
4.99,0,783,0,0.82,2,0.82,1
4.83,0,390,0,0.97,2,0.94,1
4.4,0,79,0,0.61,1,0.69,0
4.95,1,931,2,0.77,1,0.96,3
4.97,0,939,0,0.64,1,0.85,1
4.98,0,941,0,0.98,1,0.69,1
4.01,1,64,2,0.65,3,0.62,0
4.25,0,283,2,0.68,4,0.69,2
3.23,0,192,2,0.84,4,0.95,2
4.75,3,966,1,0.93,2,0.74,0
4.39,1,861,2,0.65,4,0.64,2
4.33,1,867,2,0.71,1,0.72,3
4.23,0,518,2,0.98,2,0.77,3
4.73,1,367,2,0.85,4,0.99,2
3.74,1,812,2,0.73,1,0.69,4
3.85,0,673,2,0.62,0,0.92,0
4.84,3,50,0,0.92,4,0.73,0
4.11,0,641,2,0.65,2,0.99,3
3.69,1,325,2,0.87,1,0.75,4
3.48,1,483,0,0.91,1,0.67,0
2.66,0,936,2,0.76,4,0.98,2
2.74,3,259,2,0.87,3,0.62,4
3.31,2,278,2,0.96,2,0.74,4
3.72,1,423,2,0.94,1,0.87,4
3.41,1,719,2,0.68,4,0.64,2
4.9,1,142,2,0.7,2,0.88,3
4.67,1,625,2,0.76,1,0.87,3
4.52,0,508,2,0.76,4,0.97,2
4.19,1,895,2,0.94,1,0.71,3
4.93,1,33,0,0.65,1,0.91,0
3.34,0,116,2,0.78,1,0.92,3
3.51,2,476,2,0.72,3,0.96,4
4.83,0,101,0,0.79,4,0.7,1
4.72,1,809,2,0.88,2,0.73,3
4.04,3,231,2,0.98,0,0.98,4
3.59,2,579,2,0.71,2,0.63,4
3.25,0,744,2,0.85,4,0.7,2
4.13,1,587,2,0.86,3,0.77,4
4.88,1,368,0,0.69,3,0.65,1
4.82,0,99,0,0.65,3,0.98,1
4.97,0,505,0,0.77,3,0.93,1
3.66,1,598,2,0.6,3,0.67,0
4.91,1,942,2,0.82,1,0.95,3
4.91,0,310,0,0.83,3,0.84,1
4.84,0,259,0,0.92,1,0.83,1
3.91,2,772,2,0.87,2,0.91,4
2.77,3,220,2,0.95,3,0.83,4
4.91,0,433,2,0.91,3,0.76,4
4.12,0,840,2,0.92,4,0.76,2
4.98,0,447,0,0.69,2,0.61,1
4.84,0,296,0,0.95,2,0.97,1
2.88,1,108,2,0.63,2,0.73,4
3.56,3,525,2,0.9,3,0.96,4
4.27,1,180,2,0.83,1,0.64,3
2.91,3,358,2,0.73,2,0.61,4
4.75,2,357,2,0.88,3,0.72,4
3.52,0,382,1,0.76,4,0.85,0
4.89,1,464,2,0.79,2,0.9,3
3.65,1,277,2,0.82,4,0.88,2
4.3,2,99,2,0.99,3,0.72,4
4.96,0,187,0,0.67,0,0.65,1
4.32,3,417,2,0.76,1,0.93,4
4.97,0,346,0,0.86,1,0.98,1
3.41,1,237,2,0.89,3,0.81,4
2.66,0,920,1,0.78,1,0.96,0
4.37,2,951,1,0.82,4,0.82,0
3.18,2,174,2,0.97,2,0.99,4
2.74,1,949,2,0.61,4,0.68,2
4.04,1,220,2,0.99,4,0.8,2
4.46,3,793,0,0.79,2,0.72,0
4.41,0,721,2,0.87,2,0.83,3
3.76,1,39,2,0.6,4,0.93,2
4.53,1,792,2,0.85,2,0.8,3
3.07,3,120,0,0.69,2,0.92,0
4.99,1,40,0,0.69,1,0.89,0
2.62,1,506,2,0.99,3,0.61,4
4.81,1,268,0,0.64,1,0.9,1
4.53,1,621,2,0.66,2,0.7,3
4.59,0,428,2,0.84,2,0.67,3
4.38,1,514,2,0.65,4,0.65,2
3.94,1,403,2,0.61,0,0.92,0
3.06,3,468,2,0.77,2,0.67,4
2.91,1,647,2,0.89,2,0.89,4
3.14,3,817,2,0.66,1,0.82,4
4.68,0,442,2,0.85,2,0.78,3
3.88,1,321,1,0.82,3,0.63,0
4.92,0,411,2,0.86,2,0.78,3
4.29,1,634,2,0.7,2,0.74,3
3.08,1,947,1,0.77,2,0.94,0
4.83,0,175,0,0.68,4,0.73,1
3.52,3,425,1,0.83,4,0.61,0
3.39,2,443,0,0.9,1,0.8,0
4.83,0,111,0,0.95,4,0.8,1
3.69,2,928,1,0.75,2,0.92,0
4.98,0,245,0,0.94,0,0.73,1
4.69,0,730,2,0.87,4,0.67,2
3.43,3,523,2,0.92,3,0.85,4
4.94,1,389,2,0.8,1,0.79,3
4.8,1,273,0,0.68,0,0.98,1
4.19,1,89,2,0.71,1,0.98,3
4.84,0,507,0,0.61,3,0.77,1
4.44,1,516,2,0.79,2,0.65,3
4.83,1,693,2,0.67,2,0.85,3
4.15,3,122,2,0.85,3,0.87,4
3.48,2,62,0,0.64,2,0.71,0
4.86,0,316,0,0.69,4,0.97,1
3.77,0,58,1,0.9,0,0.78,0
3.01,0,280,2,0.86,4,0.81,2
4.47,3,253,2,0.98,3,0.96,4
4.53,1,680,2,0.81,4,0.68,2
3.64,1,488,2,0.61,2,0.78,4
3.0,1,95,2,0.71,4,0.66,2
4.85,0,152,0,0.91,1,0.77,1
4.37,0,580,2,0.96,1,0.64,3
3.67,3,68,1,0.74,4,0.78,0
4.32,0,224,2,0.99,1,0.66,3
4.59,1,996,2,0.75,1,0.93,3
4.43,1,855,2,0.78,4,0.84,2
3.56,1,544,2,0.81,4,0.84,2
4.11,3,676,0,0.94,0,0.97,0
3.36,0,974,2,0.83,4,0.93,2
2.74,1,225,2,0.78,2,0.62,4
3.51,1,613,2,0.99,4,0.8,2
4.47,1,617,2,0.65,1,0.9,3
2.67,2,131,2,0.92,2,0.68,4
4.89,0,877,0,0.66,4,0.88,1
4.68,3,132,2,0.9,3,0.76,4
4.88,0,835,0,0.69,3,0.61,1
4.92,1,948,2,0.92,1,0.71,3
3.53,0,275,2,0.6,0,0.8,0
2.94,2,845,2,0.76,3,0.71,4
3.6,0,689,2,0.62,4,0.65,2
4.86,0,615,0,0.79,3,0.63,1
3.54,0,175,2,0.68,2,0.77,3
3.75,1,676,2,0.85,1,0.66,4
2.7,3,50,2,0.95,3,0.67,4
3.65,2,770,2,0.86,0,0.78,4
4.72,0,986,2,0.66,1,0.6,3
3.78,2,543,2,0.95,3,0.9,4
4.56,1,877,2,0.81,1,0.64,3
2.61,3,597,0,0.91,4,0.89,0
4.52,1,28,2,0.6,1,0.78,3
2.73,0,135,2,0.73,4,0.66,2
3.34,0,631,2,0.8,3,0.69,0
4.03,0,459,2,0.87,3,0.91,4
4.07,0,558,2,0.77,2,0.78,3
4.79,1,321,2,0.78,2,0.71,3
2.72,0,778,2,0.85,4,0.9,2
2.55,1,860,2,0.73,4,0.86,2
2.69,1,90,0,0.98,1,0.81,0
3.43,1,818,2,0.67,2,0.89,4
2.64,0,515,2,0.96,3,0.77,4
3.2,2,184,2,0.75,1,0.64,4
4.86,3,687,2,0.96,3,0.85,4
4.11,1,624,2,0.85,4,0.96,2
3.72,0,550,2,0.85,4,0.89,2
2.82,2,772,0,0.89,3,0.95,0
3.0,1,281,2,0.7,4,0.84,2
4.47,1,483,2,0.74,3,0.89,0
4.88,0,916,0,0.97,4,0.69,1
4.73,0,379,2,0.71,2,0.71,3
4.72,1,51,2,0.65,1,0.86,3
4.86,0,832,0,0.83,4,0.73,1
4.23,0,595,2,0.97,2,0.62,3
4.25,1,199,2,0.61,2,0.7,3
3.58,0,874,2,0.95,3,0.68,4
4.82,2,47,0,0.66,1,0.97,0
2.64,2,881,2,0.9,4,0.67,4
4.97,0,736,0,0.72,4,0.97,1
3.48,3,806,2,0.68,3,0.86,4
2.76,0,163,2,0.94,3,0.62,4
4.49,1,742,2,0.96,2,0.95,3
4.85,0,439,0,0.69,4,0.83,1
4.86,0,287,0,0.97,1,0.76,1
4.63,0,196,2,0.75,3,0.96,0
4.89,3,551,2,0.89,3,0.72,4
3.91,3,163,1,0.9,3,0.89,0
4.96,0,804,0,0.99,4,0.92,1
3.23,3,496,2,0.89,0,0.66,4
4.38,2,494,1,0.98,3,0.85,0
4.3,1,774,2,0.79,0,0.65,0
3.22,0,804,2,0.78,1,0.82,3
4.83,1,408,0,0.96,3,0.96,1
2.63,1,244,2,0.92,4,0.66,2
4.28,1,335,1,0.83,0,0.9,0
4.84,0,469,0,0.63,3,0.84,1
4.49,0,929,2,0.88,3,0.91,4
3.65,2,731,1,0.68,2,0.92,0
4.99,0,503,0,0.94,3,0.93,1
4.83,1,510,0,0.85,0,0.78,1
3.3,3,772,2,0.6,4,0.61,4
3.09,1,203,2,0.94,4,0.97,2
4.1,1,812,2,0.71,1,0.8,3
4.11,1,777,2,0.81,4,0.73,2
2.74,1,420,2,0.95,1,0.81,4
2.96,0,750,2,0.94,3,0.87,4
4.98,2,45,0,0.93,3,0.9,0
2.64,0,976,2,0.88,4,0.69,2
3.71,2,794,2,0.92,0,0.86,4
4.9,0,444,0,0.91,3,0.81,1
4.01,3,168,2,0.63,4,0.96,4
3.23,2,598,2,0.81,4,0.82,4
3.66,2,262,2,0.71,0,0.62,4
3.16,0,768,2,0.65,4,0.7,2
4.46,0,794,2,0.77,4,0.78,2
4.56,1,318,2,0.62,3,0.92,0
4.13,1,454,2,0.92,3,0.8,4
4.67,2,361,2,0.6,3,0.65,4
3.15,0,227,2,0.61,1,0.61,3
4.84,1,191,2,0.96,1,0.62,3
4.92,1,263,2,0.86,1,0.92,3
4.3,1,227,2,0.97,4,0.92,2
3.94,1,704,2,0.83,3,0.9,0
2.82,1,689,2,0.66,1,0.69,4
2.61,0,315,2,0.81,2,0.78,3
4.78,1,985,2,0.83,1,0.95,3
4.09,2,242,2,0.92,3,0.76,4
3.29,0,655,2,0.91,1,0.95,3
3.88,1,421,2,0.86,4,0.74,2
4.67,2,991,1,0.97,0,0.66,0
4.77,1,436,1,0.79,2,0.85,0
3.86,1,995,2,0.83,4,0.67,2
4.57,1,424,2,0.75,1,0.77,3
3.31,0,184,2,0.67,2,0.97,3
4.43,1,987,2,0.75,2,0.84,3
4.89,0,688,0,0.84,0,0.63,1
4.7,1,385,2,0.8,2,0.93,3
4.19,0,885,2,0.8,1,0.72,3
4.28,0,99,2,0.63,2,0.75,3
3.86,1,686,2,0.98,2,0.84,4
4.04,1,866,2,0.68,1,0.77,3
4.45,3,553,2,0.64,0,0.88,4
4.21,2,635,2,0.88,4,0.97,4
3.05,1,900,1,0.8,4,0.91,0
4.91,0,391,0,0.81,1,0.62,1
4.82,0,51,0,0.95,1,0.67,1
4.19,1,583,2,0.76,4,0.76,2
2.89,0,360,1,0.61,1,0.79,0
3.59,0,391,2,0.64,1,0.63,3
2.98,1,210,2,0.75,4,0.82,2
4.01,0,594,2,0.93,4,0.89,2
3.72,0,167,2,0.85,0,0.73,0
4.01,1,440,2,0.89,2,0.64,3
4.56,0,19,2,0.67,3,0.84,0
4.97,0,37,0,0.8,2,0.78,0
4.92,0,257,0,0.86,1,0.76,1
3.8,0,511,1,0.72,1,0.62,0
3.0,1,291,2,0.96,3,0.67,4
3.47,0,714,2,0.62,3,0.92,0
3.07,2,428,1,0.74,1,0.77,0
2.88,1,444,2,0.78,2,0.89,4
3.17,2,403,0,0.85,0,0.93,0
4.58,0,461,2,0.74,0,0.93,0
4.95,0,606,0,0.87,0,0.63,1
4.81,0,321,0,0.89,2,0.68,1
3.21,0,970,2,0.64,2,0.76,3
4.36,1,609,2,0.89,3,0.85,4
3.72,0,971,2,0.75,2,0.91,3
4.98,0,620,0,0.77,4,0.86,1
4.91,0,309,0,0.65,0,0.61,1
3.82,0,686,2,0.78,1,0.96,3
4.03,0,717,2,0.98,1,0.9,3
3.94,3,228,0,0.93,1,0.81,0
4.45,1,497,2,0.91,2,0.85,3
2.66,0,580,2,0.88,1,0.99,3
4.44,3,837,2,0.97,3,0.83,4
4.55,1,183,2,0.8,2,0.89,3
4.25,3,356,2,0.78,1,0.61,4
2.8,0,631,2,0.81,4,0.81,2
3.38,1,38,2,0.8,4,0.88,2
3.41,2,634,1,0.79,1,0.71,0
4.04,1,378,0,0.86,1,0.63,0
4.82,0,540,0,0.67,2,0.94,1
4.98,0,465,0,0.92,0,0.7,1
4.29,0,243,2,0.9,1,0.7,3
2.78,2,651,2,0.64,4,0.71,4
4.64,1,911,2,0.82,1,0.97,3
4.83,2,648,2,0.97,3,0.65,4
4.46,1,99,2,0.7,4,0.68,2
3.98,1,596,2,0.91,4,0.88,2
4.87,0,143,0,0.88,1,0.64,1
2.89,3,38,2,0.73,3,0.74,4
4.92,0,321,0,0.77,0,0.62,1
4.98,1,127,0,0.9,4,0.68,1
2.89,3,109,2,0.63,0,0.98,4
3.04,0,152,2,0.92,3,0.69,4
4.84,0,481,0,0.64,1,0.68,1
2.73,0,425,2,0.87,4,0.82,2
2.97,3,620,1,0.62,3,0.83,0
4.13,2,627,2,0.67,4,0.89,4
4.19,1,783,2,0.98,0,0.96,0
4.96,1,230,0,0.95,0,0.67,1
3.26,0,746,2,0.68,4,0.84,2
4.4,3,572,1,0.8,4,0.64,0
3.29,1,73,2,0.91,2,0.8,4
2.98,0,808,2,0.89,2,0.62,3
4.14,0,865,1,0.82,3,0.66,0
4.08,1,469,2,0.65,2,0.72,3
4.95,1,793,0,0.9,1,0.79,1
4.26,1,370,2,0.96,2,0.82,3
4.9,0,513,0,0.82,0,0.91,1
2.79,0,689,2,0.85,0,0.73,0
4.95,0,206,0,0.77,2,0.98,1
2.89,0,354,2,0.63,4,0.76,2
4.07,1,487,2,0.78,0,0.81,0
2.88,1,59,2,0.61,4,0.88,2
4.0,1,70,2,0.89,2,0.61,3
3.41,1,587,2,0.61,4,0.77,2
3.11,2,623,0,0.64,1,0.61,0
3.06,2,513,2,0.97,3,0.69,4
4.16,2,338,1,0.62,4,0.62,0
3.74,0,810,2,0.83,2,0.71,3
4.97,0,357,0,0.93,2,0.89,1
4.92,1,817,0,0.95,3,0.84,1
3.85,1,975,2,0.69,2,0.82,4
4.82,1,11,0,0.61,1,0.83,0
2.82,0,843,2,0.78,1,0.95,3
3.3,2,684,1,0.66,3,0.91,0
4.75,1,292,2,0.61,2,0.91,3
4.25,0,829,2,0.81,2,0.71,3
4.89,0,930,0,0.9,0,0.7,1
3.07,1,641,2,0.76,4,0.76,2
2.82,3,571,1,0.62,3,0.8,0
4.89,1,572,2,0.7,2,0.89,3
4.98,0,528,0,0.98,4,0.73,1
4.16,0,64,2,0.81,1,0.76,3
3.23,1,319,0,0.98,4,0.69,0
3.14,1,744,2,0.88,4,0.96,2
4.93,0,178,0,0.62,2,0.78,1
2.72,0,76,0,0.61,0,0.73,0
4.54,2,643,2,0.93,3,0.74,4
4.9,0,460,0,0.61,2,0.91,1
4.84,0,63,0,0.83,3,0.85,1
4.9,1,16,0,0.75,3,0.72,0
4.99,3,28,0,0.77,4,0.9,0
2.95,0,389,2,0.87,2,0.63,3
4.11,0,690,2,0.98,4,0.79,2
4.28,1,819,2,0.75,1,0.62,3
2.59,0,909,2,0.74,4,0.96,2
3.58,0,956,2,0.8,2,0.86,3
3.34,0,402,2,0.8,0,0.72,0
2.64,1,902,0,0.93,4,0.85,0
3.57,0,961,2,0.81,0,0.88,0
4.89,1,461,1,0.7,1,0.68,0
2.69,2,174,0,0.78,4,0.66,0
4.18,0,405,2,0.77,0,0.76,0
4.9,0,208,0,0.93,1,0.72,1
3.54,2,350,2,0.88,0,0.79,4
4.91,0,228,0,0.68,3,0.64,1
4.83,0,337,0,0.72,2,0.69,1
3.46,0,907,2,0.81,4,0.63,2
4.63,3,633,1,0.96,1,0.71,0
4.87,0,91,0,0.96,0,0.86,1
2.78,0,698,2,0.65,1,0.81,3
4.94,0,588,0,0.95,2,0.85,1
4.33,3,164,0,0.72,1,0.94,0
3.88,1,999,2,0.75,0,0.79,0
4.7,0,121,2,0.96,2,0.86,3
3.35,0,594,2,0.86,3,0.7,4
2.85,1,642,2,0.87,3,0.89,4
3.98,0,445,2,0.64,0,0.69,0
4.86,0,615,0,0.69,4,0.89,1
3.97,0,720,2,0.8,3,0.75,0
3.37,3,39,0,0.93,1,0.79,0
2.68,0,915,2,0.7,1,0.72,3
4.86,0,744,0,0.65,2,0.92,1
3.71,0,623,2,0.89,0,0.83,0
4.87,0,323,2,0.9,2,0.87,3
4.71,1,775,2,0.86,1,0.85,3
3.93,3,902,0,0.85,2,0.91,0
4.4,1,221,2,0.85,2,0.79,3
3.0,0,527,0,0.82,4,0.76,0
4.09,2,158,2,0.97,3,0.61,4
4.87,1,840,2,0.81,2,0.85,3
4.84,1,403,0,0.65,2,0.71,1
4.52,3,997,2,0.62,0,0.82,4
4.93,0,732,0,0.7,2,0.94,1
3.36,1,754,2,0.91,3,0.78,4
4.81,0,416,0,0.7,3,0.85,1
2.64,3,866,0,0.83,0,0.85,0
3.97,2,732,1,0.93,0,0.71,0
4.85,1,461,0,0.65,4,0.97,1
2.73,3,911,2,0.81,4,0.94,4
4.94,1,440,0,0.62,3,0.9,1
2.96,1,906,2,0.93,4,0.83,2
3.86,0,36,2,0.78,2,0.86,3
3.4,1,707,2,0.67,2,0.95,4
4.03,0,831,2,0.93,3,0.95,4
2.9,3,945,2,0.66,3,0.72,4
3.86,0,566,2,0.78,4,0.65,2
4.94,0,466,0,0.68,1,0.83,1
4.68,1,990,2,0.97,0,0.82,0
2.81,3,538,2,0.78,2,0.69,4
2.93,2,212,2,0.98,4,0.7,4
4.89,0,41,0,0.61,4,0.91,0
4.12,1,220,2,0.84,2,0.98,3
4.31,3,258,2,0.92,1,0.64,4
4.73,3,834,2,0.9,3,0.6,4
3.52,1,973,2,0.71,2,0.79,4
3.67,1,959,2,0.84,0,0.82,0
2.71,3,276,0,0.68,2,0.98,0
4.82,0,425,0,0.79,1,0.98,1
3.78,0,936,1,0.7,1,0.78,0
4.03,1,752,2,0.66,1,0.86,3
4.83,0,646,0,0.82,2,0.92,1
3.65,1,141,2,0.65,4,0.81,2
4.16,1,64,2,0.98,4,0.86,2
4.29,1,290,2,0.67,2,0.94,3
3.66,3,591,1,0.8,3,0.7,0
2.64,0,717,2,0.72,1,0.78,3
4.8,0,907,0,0.72,3,0.94,1
2.86,0,513,0,0.91,3,0.72,0
4.89,0,459,0,0.6,2,0.92,1
4.96,0,836,0,0.65,0,0.85,1
2.94,1,211,2,0.68,4,0.64,2
3.12,1,526,2,0.77,1,0.89,4
4.45,0,719,2,0.91,2,0.65,3
3.99,0,985,2,0.69,4,0.61,2
4.43,0,13,2,0.71,3,0.79,0
4.98,0,127,0,0.86,0,0.73,1
4.27,0,44,2,0.96,3,0.6,4
4.85,1,575,2,0.96,2,0.7,3
3.75,1,264,2,0.9,3,0.67,4
4.73,3,783,0,0.82,0,0.92,0
4.84,0,390,0,0.69,2,0.77,1
4.66,1,331,2,0.84,0,0.81,0
4.95,0,489,0,0.78,1,0.74,1
4.6,1,370,2,0.64,3,0.8,0
4.54,1,509,2,0.73,2,0.8,3
3.4,0,807,2,0.97,4,0.87,2
4.68,0,984,2,0.98,0,0.89,0
3.36,1,469,2,0.92,4,0.89,2
3.43,0,359,2,0.89,2,0.63,3
3.26,0,705,2,0.78,4,0.9,2
3.53,0,290,2,0.94,0,0.92,0
4.9,0,340,0,0.82,3,0.91,1
4.91,0,532,0,0.83,1,0.84,1
3.12,1,345,2,0.83,4,0.87,2
4.97,0,197,0,0.63,4,0.78,1
4.91,0,441,0,0.68,3,0.6,1
3.72,1,562,0,0.87,4,0.67,0
3.81,1,533,2,0.85,1,0.76,4
4.22,0,404,0,0.71,2,0.78,0
4.83,0,749,0,0.73,1,0.68,1
4.86,0,750,0,0.95,1,0.93,1
2.73,1,560,0,0.8,1,0.96,0
4.18,1,624,2,0.91,2,0.94,3
4.47,2,905,2,0.98,2,0.62,4
4.98,0,510,0,0.92,1,0.61,1
4.83,1,477,2,0.7,2,0.99,3
3.16,1,286,2,0.98,3,0.67,4
3.53,3,557,2,0.94,3,0.9,4
4.88,0,679,0,0.62,3,0.79,1
4.19,1,708,2,0.79,4,0.91,2
4.18,1,11,2,0.64,4,0.69,2
3.97,0,152,2,0.97,4,0.93,2
3.88,3,739,2,0.87,3,0.83,4
2.96,0,334,2,0.98,0,0.91,0
4.14,0,966,2,0.94,4,0.89,2
4.54,0,329,2,0.6,2,0.75,3
4.99,0,362,0,0.95,0,0.91,1
3.34,0,913,2,0.74,1,0.87,3
3.89,0,268,2,0.71,4,0.61,2
3.26,3,925,2,0.82,0,0.86,4
4.99,1,395,0,0.94,4,0.95,1
3.93,3,460,2,0.62,3,0.64,4
3.67,3,442,1,0.61,1,0.95,0
4.41,0,200,2,0.81,1,0.92,3
2.77,0,94,0,0.79,4,0.69,0
3.15,2,343,2,0.67,2,0.93,4
4.66,1,198,2,0.6,2,0.61,3
4.47,1,676,2,0.65,3,0.98,0
3.53,0,989,2,0.89,4,0.76,2
4.88,1,115,0,0.99,0,0.93,1
3.15,1,991,1,0.62,2,0.75,0
3.69,0,270,0,0.68,0,0.81,0
2.71,1,632,2,0.82,4,0.83,2
3.23,0,228,2,0.63,4,0.91,2
4.65,0,604,1,0.67,1,0.8,0
4.48,1,788,2,0.69,4,0.69,2
3.18,1,999,2,0.96,2,0.84,4
4.8,1,191,0,0.72,1,0.94,1
4.83,1,68,1,0.69,4,0.93,0
4.35,0,663,2,0.82,4,0.85,2
3.61,0,744,2,0.83,0,0.64,0
4.88,0,1000,0,0.66,3,0.89,1
4.98,0,253,0,0.99,2,0.95,1
4.82,0,137,0,0.73,0,0.7,1
2.98,1,87,2,0.8,2,0.77,4
4.93,0,585,0,0.78,4,0.82,1
2.71,0,502,2,0.9,3,0.77,4
4.68,0,943,2,0.79,4,0.6,2
4.81,1,451,0,0.98,2,0.84,1
4.9,2,50,0,0.88,2,0.82,0
2.95,3,320,2,0.92,3,0.72,4
4.6,1,949,2,0.84,4,0.77,2
4.84,0,619,0,0.89,0,0.71,1
4.8,0,380,0,0.71,3,0.79,1
3.88,0,466,2,0.89,4,0.91,2
4.85,0,822,0,0.81,0,0.81,1
3.29,1,121,0,0.96,1,0.8,0
4.55,0,269,2,0.94,2,0.72,3
3.0,0,139,1,0.88,3,0.77,0
4.94,0,76,0,0.8,4,0.74,1
4.82,0,737,0,0.88,3,0.9,1
4.95,0,127,0,0.63,1,0.92,1
4.72,1,221,2,0.81,1,0.94,3
4.13,0,757,2,0.67,4,0.87,2
3.21,1,692,1,0.92,1,0.78,0
4.8,0,192,0,0.94,1,0.61,1
4.54,0,197,2,0.84,1,0.95,3
4.24,1,726,0,0.89,4,0.96,0
2.59,3,492,2,0.89,0,0.9,4
4.96,0,663,0,0.73,3,0.93,1
4.91,0,61,0,0.68,1,0.86,1
4.75,2,490,0,0.96,2,0.72,0
3.6,0,701,2,0.95,4,0.91,2
4.14,1,365,2,0.84,4,0.8,2
2.93,1,618,2,0.87,4,0.67,2
4.92,1,170,0,0.78,4,0.87,1
3.78,0,417,2,0.94,3,0.85,4
2.55,0,106,2,0.83,4,0.75,2
4.9,1,104,0,0.74,3,0.93,1
4.08,0,122,2,0.65,4,0.77,2
4.08,0,751,2,0.9,4,0.76,2
3.87,0,996,1,0.88,0,0.62,0
4.64,1,199,2,0.77,1,0.96,3
4.46,0,528,0,0.75,3,0.83,0
4.0,2,571,2,0.98,3,0.66,4
4.29,1,695,2,0.85,4,0.62,2
4.88,0,463,2,0.88,3,0.97,4
4.32,1,587,2,0.65,1,0.94,3
3.66,2,959,1,0.89,1,0.66,0
4.37,1,660,2,0.93,0,0.97,0
3.73,0,34,2,0.83,0,0.75,0
2.69,3,494,1,0.75,1,0.9,0
3.02,1,635,2,0.97,4,0.96,2
2.94,1,905,1,0.68,0,0.71,0
2.73,0,685,2,0.8,2,0.7,3
3.52,1,604,2,0.78,4,0.61,2
4.29,0,835,2,0.96,1,0.73,3
4.13,3,670,2,0.69,3,0.78,4
4.16,3,762,2,0.93,3,0.94,4
4.81,0,432,0,0.85,4,0.85,1
4.26,1,863,2,0.9,1,0.87,3
3.91,1,470,0,0.87,4,0.7,0
4.82,0,848,0,0.8,3,0.64,1
3.8,1,184,2,0.62,3,0.68,0
4.16,0,621,2,0.65,2,0.64,3
3.85,2,819,2,0.97,3,0.98,4
3.19,0,977,1,0.78,0,0.75,0
4.91,0,828,0,0.78,1,0.61,1
3.44,0,25,2,0.96,2,0.63,3
3.67,0,460,2,0.86,0,0.64,0
4.83,0,274,0,0.74,0,0.7,1
2.79,1,619,1,0.96,1,0.93,0
2.55,0,620,2,0.82,2,0.71,3
2.89,3,50,1,0.74,2,0.76,0
4.87,0,254,0,0.87,0,0.77,1
4.73,0,210,2,0.89,4,0.99,2
4.67,0,673,2,0.66,1,0.84,3
3.44,1,374,2,0.73,4,0.61,2
4.57,0,745,2,0.66,1,0.98,3
3.18,0,740,1,0.83,3,0.87,0
4.62,2,121,2,0.85,4,0.84,4
4.24,1,858,2,0.98,1,0.74,3
4.64,0,730,2,0.74,3,0.98,0
4.74,0,380,2,0.73,4,0.84,2
3.35,2,525,2,0.95,3,0.65,4
2.67,0,87,2,0.8,2,0.68,3
2.52,1,977,2,0.82,2,0.75,4
2.73,1,97,2,0.68,4,0.96,2
5.0,0,977,0,0.98,0,0.64,1
2.95,1,347,2,0.92,3,0.61,4
4.58,3,46,2,0.92,3,0.84,4
4.21,1,435,2,0.82,2,0.78,3
4.28,1,844,2,0.84,4,0.89,2
4.23,3,241,0,0.98,4,0.74,0
3.51,0,108,2,0.82,1,0.96,3
4.94,1,282,0,0.85,3,0.66,1
3.23,3,191,2,0.98,2,0.9,4
3.36,1,601,0,0.72,0,0.79,0
4.86,0,348,0,0.83,3,0.64,1
4.88,0,356,0,0.84,3,0.91,1
4.08,1,949,2,0.71,4,0.81,2
4.94,0,936,0,0.76,3,0.61,1
2.88,3,855,2,0.89,3,0.8,4
3.45,0,736,2,0.89,3,0.66,4
4.13,1,512,2,0.64,2,0.82,3
3.95,0,270,2,0.91,4,0.82,2
4.92,2,38,0,0.64,1,0.66,0
4.89,0,847,0,0.9,0,0.91,1
3.78,2,966,0,0.71,4,0.86,0
3.98,0,435,2,0.97,3,0.83,4
4.88,0,453,0,0.69,2,0.89,1
3.5,2,315,2,0.64,2,0.82,4
4.82,1,852,0,0.88,4,0.87,1
3.52,1,343,2,0.99,4,0.72,2
4.06,2,570,1,0.8,0,0.62,0
4.89,0,396,0,0.86,2,0.8,1
3.59,2,841,2,0.63,4,0.64,4
3.83,1,31,2,0.91,1,0.95,4
3.94,0,12,2,0.69,1,0.72,3
3.43,2,59,1,0.71,4,0.85,0
4.18,1,163,2,0.93,3,0.69,4
4.49,1,371,2,0.82,1,0.83,3
4.91,1,252,2,0.79,2,0.81,3
3.88,1,740,2,0.67,1,0.75,4
4.92,1,31,2,0.97,2,0.86,3
4.76,0,237,2,0.74,4,0.87,2
4.82,0,689,0,0.8,4,0.73,1
4.49,0,642,2,0.63,0,0.85,0
3.38,0,718,2,0.88,1,0.74,3
5.0,0,562,0,0.61,1,0.97,1
4.37,1,764,2,0.64,1,0.72,3
4.88,0,700,0,0.72,0,0.64,1
4.11,1,399,2,0.62,2,0.62,3
3.18,1,475,2,0.96,4,0.99,2
3.79,0,105,2,0.79,0,0.65,0
4.66,3,730,2,0.8,2,0.94,4
4.71,3,473,1,0.94,4,0.68,0
4.74,1,535,2,0.72,4,0.64,2
4.85,1,159,0,0.82,3,0.98,1
4.91,0,291,0,0.77,4,0.81,1
4.06,0,853,2,0.69,4,0.85,2
4.86,0,359,0,0.8,2,0.88,1
3.07,0,846,2,0.77,2,0.89,3
2.8,3,568,1,0.67,3,0.64,0
4.53,3,395,1,0.98,4,0.86,0
2.97,1,884,2,0.73,2,0.87,4
3.19,1,444,2,0.86,4,0.8,2
3.83,0,118,2,0.97,1,0.6,3
4.26,0,466,2,0.82,4,0.9,2
3.99,2,172,0,0.64,2,0.7,0
4.56,2,298,2,0.98,3,0.97,4
4.84,1,766,2,0.8,2,0.9,3
4.1,1,746,2,0.73,4,0.69,2
2.9,3,839,2,0.92,3,0.89,4
4.5,0,347,2,0.61,4,0.96,2
3.25,1,18,2,0.94,2,0.95,4
2.91,1,693,2,0.7,2,0.98,4
2.84,3,702,2,0.8,1,0.95,4
3.35,2,531,2,0.83,2,0.86,4
4.98,1,788,0,0.79,1,0.71,1
4.48,1,66,2,0.96,3,0.69,4
3.47,0,709,2,0.75,2,0.66,3
3.35,1,103,2,0.79,4,0.77,2
4.95,1,631,2,0.77,1,0.93,3
4.96,1,759,0,0.88,4,0.77,1
4.41,0,504,2,0.83,4,0.84,2
3.8,0,827,2,0.62,0,0.82,0
3.57,1,495,2,0.69,1,0.99,4
3.34,2,98,2,0.75,4,0.84,4
3.77,3,394,0,0.67,4,0.86,0
4.58,0,961,2,0.97,3,0.72,4
3.51,1,81,1,0.66,3,0.7,0
3.63,2,501,2,0.89,3,0.64,4
4.74,1,874,2,0.65,1,0.76,3
4.83,0,207,0,0.82,0,0.68,1
4.26,0,425,2,0.75,0,0.82,0
2.8,1,684,2,0.74,1,0.63,4
4.97,0,697,0,0.62,1,0.71,1
3.27,0,513,2,0.69,2,0.94,3
4.76,0,789,2,0.77,4,0.94,2
4.9,0,333,0,0.73,1,0.78,1
3.79,0,257,2,0.65,1,0.66,3
4.31,1,730,2,0.77,1,0.92,3
2.94,0,134,2,0.87,4,0.75,2
4.81,0,705,0,0.61,2,0.65,1
4.83,0,35,2,0.91,3,0.88,4
3.22,1,148,2,0.85,4,0.96,2
3.39,1,536,2,0.95,1,0.99,4
3.27,2,254,2,0.79,3,0.6,4
2.52,0,15,2,0.87,1,0.97,3
3.16,1,711,0,0.91,2,0.8,0
3.59,2,486,1,0.77,1,0.8,0
3.64,2,99,0,0.92,4,0.99,0
2.81,1,392,2,0.69,4,0.73,2
4.38,0,278,2,0.91,4,0.88,2
4.81,0,799,0,0.71,4,0.81,1
4.96,0,428,0,0.88,1,0.81,1
4.06,1,341,0,0.98,1,0.64,0
4.73,1,839,2,0.75,1,0.64,3
4.43,0,712,2,0.69,3,0.95,0
2.93,3,49,1,0.75,2,0.87,0
4.23,0,862,2,0.82,1,0.84,3
4.78,1,64,2,0.91,1,0.86,3
3.21,0,415,2,0.69,2,0.72,3
4.84,1,16,0,0.68,4,0.72,0
4.88,1,139,2,0.64,1,0.77,3
3.13,2,85,2,0.9,3,0.93,4
4.53,1,576,2,0.64,1,0.84,3
3.58,0,475,2,0.85,2,0.69,3
4.73,0,601,2,0.98,4,0.85,2
4.96,0,544,0,0.63,2,0.97,1
4.24,1,612,2,0.96,2,0.69,3
4.5,1,775,2,0.71,4,0.99,2
4.49,0,11,1,0.85,4,0.98,0
2.75,3,449,2,0.92,3,0.81,4
3.22,1,341,2,0.97,3,0.67,4
3.7,2,218,2,0.89,3,0.78,4
3.65,3,624,2,0.8,3,0.68,4
4.93,0,230,0,0.63,4,0.86,1
2.56,3,363,2,0.79,2,0.72,4
3.56,1,58,2,0.69,4,0.9,2
4.2,2,841,2,0.64,3,0.6,4
4.45,0,116,2,0.99,4,0.68,2
4.85,0,256,0,0.73,2,0.65,1
3.82,0,520,2,0.64,0,0.72,0
3.58,0,756,2,0.93,4,0.74,2
4.82,0,551,0,0.74,0,0.77,1
4.05,2,715,2,0.75,0,0.74,4
4.97,0,109,0,0.74,3,0.75,1
2.52,3,509,2,0.89,3,0.87,4
4.1,3,790,2,0.84,1,0.88,4
4.93,0,683,0,0.76,4,0.99,1
4.96,0,347,0,0.71,3,0.94,1
4.01,2,933,2,0.8,0,0.75,4
4.89,1,915,2,0.73,2,0.74,3
3.63,0,731,2,0.88,3,0.94,4
3.21,0,874,2,0.65,4,0.62,2
3.4,1,478,1,0.98,4,0.78,0
4.29,2,966,2,0.96,3,0.74,4
4.91,0,846,0,0.66,0,0.74,1
4.82,1,15,0,0.77,4,0.82,0
3.6,2,772,2,0.92,3,0.68,4
4.22,3,842,0,0.86,1,0.92,0
4.24,0,559,2,0.94,1,0.95,3
4.38,1,863,2,0.96,4,0.78,2
2.81,0,740,2,0.97,1,0.79,3
3.53,2,133,2,0.95,2,0.86,4
2.93,0,903,2,0.75,4,0.69,2
2.53,3,177,2,0.93,3,0.79,4
3.7,1,456,2,0.79,0,0.75,0
4.63,0,14,2,0.92,3,0.71,4
3.35,2,756,2,0.88,3,0.94,4
4.83,0,254,0,0.79,1,0.6,1
4.89,0,143,0,0.79,3,0.8,1
2.85,2,921,1,0.88,3,0.74,0
4.08,0,37,2,0.69,4,0.96,2
4.95,1,21,2,0.7,2,0.79,3
4.65,2,121,1,0.99,3,0.66,0
4.46,3,901,2,0.6,4,0.8,4
3.11,3,591,2,0.69,3,0.81,4
4.85,0,147,0,0.76,0,0.95,1
4.99,1,362,0,0.81,1,0.9,1
4.82,0,591,0,0.76,2,0.77,1
4.98,0,444,0,0.75,1,0.91,1
3.72,0,830,2,0.96,4,0.85,2
4.11,0,530,2,0.95,4,0.67,2
2.68,2,30,2,0.68,1,0.89,4
4.94,0,464,0,0.68,2,0.74,1
4.8,0,336,0,0.97,4,0.75,1
3.11,1,600,2,0.69,3,0.63,0
3.71,2,166,2,0.72,3,0.75,4
3.85,1,325,2,0.75,1,0.72,4
4.93,0,627,2,0.97,2,0.87,3
4.14,1,587,0,0.76,1,0.72,0
4.09,1,745,2,0.98,0,0.73,0
3.95,2,857,1,0.98,0,0.71,0
2.91,1,453,2,0.73,2,0.71,4
3.49,0,686,2,0.91,4,0.76,2
2.68,3,142,2,0.73,2,0.82,4
3.43,0,231,2,0.66,4,0.73,2
4.89,0,421,0,0.62,3,0.91,1
4.87,0,295,2,0.82,1,0.77,3
4.04,1,222,2,0.82,1,0.67,3
2.57,3,743,2,0.7,1,0.91,4
4.38,1,426,2,0.94,4,0.64,2
4.22,3,809,0,0.8,3,0.65,0
4.88,0,666,0,0.97,4,0.67,1
4.85,1,639,0,0.92,0,0.96,1
3.92,1,300,2,0.73,4,0.73,2
4.9,0,597,0,0.86,2,0.9,1
4.57,1,338,2,0.88,4,0.93,2
4.2,1,199,2,0.84,2,0.62,3
4.21,0,76,2,0.69,3,0.68,0
3.09,0,769,0,0.84,4,0.89,0
4.14,1,432,2,0.63,4,0.62,2
2.76,0,550,2,0.87,1,0.83,3
2.86,1,376,2,0.77,2,0.86,4
2.79,0,218,2,0.75,4,0.98,2
4.52,1,727,2,0.94,4,0.77,2
4.97,0,880,0,0.7,3,0.6,1
4.36,0,256,2,0.71,4,0.81,2
3.43,3,758,2,0.91,1,0.84,4
3.3,1,879,2,0.65,1,0.73,4
4.96,0,382,0,0.95,4,0.83,1
4.99,0,603,0,0.8,3,0.93,1
2.63,0,783,2,0.99,1,0.78,3
4.81,0,827,2,0.97,1,0.68,3
2.88,0,719,2,0.74,1,0.87,3
4.99,0,478,0,0.87,2,0.84,1
4.96,0,916,0,0.67,1,0.94,1
3.53,0,442,2,0.89,2,0.72,3
3.93,2,758,2,0.9,2,0.68,4
2.7,1,881,2,0.92,4,0.72,2
2.62,0,22,1,0.76,4,0.64,0
4.9,0,547,0,0.95,0,0.67,1
4.7,1,431,2,0.78,1,0.77,3
3.3,0,620,2,0.71,3,0.88,0
4.84,0,603,0,0.61,0,0.78,1
4.71,1,32,2,0.71,2,0.65,3
3.86,1,865,2,0.69,0,0.8,0
3.5,1,866,2,0.82,4,0.88,2
3.37,0,860,2,0.92,3,0.69,4
5.0,0,917,0,0.94,1,0.62,1
3.07,0,87,2,0.92,2,0.97,3
3.83,0,483,2,0.92,4,0.87,2
2.62,0,437,2,0.62,4,0.91,2
3.6,1,767,2,0.92,3,0.78,4
4.84,1,469,2,0.82,4,0.92,2
4.79,1,850,2,0.89,1,0.66,3
2.77,0,43,2,0.64,4,0.63,2
4.62,3,639,0,0.8,3,0.79,0
4.96,0,537,0,0.79,1,0.64,1
4.16,3,72,2,0.98,3,0.75,4
2.92,0,579,2,0.78,1,0.88,3
2.53,0,858,2,0.98,3,0.82,4
2.83,0,213,2,0.9,4,0.74,2
4.8,0,978,0,0.87,0,0.94,1
4.9,0,580,0,0.84,0,0.7,1
3.33,3,517,2,0.87,3,0.62,4
2.94,1,332,2,0.93,0,0.77,0
4.27,3,74,2,0.97,3,0.74,4
4.92,0,845,0,0.93,3,0.75,1
4.05,2,525,0,0.84,0,0.98,0
4.5,1,649,2,0.82,4,0.64,2
2.76,0,596,2,0.75,2,0.73,3
4.23,1,110,2,0.75,4,0.79,2
4.2,3,50,2,0.63,0,0.78,4
4.95,0,89,0,0.65,0,0.73,1
2.73,1,424,2,0.73,4,0.7,2
2.91,0,506,1,0.88,4,0.71,0
4.92,1,968,0,0.94,3,0.67,1
2.6,0,491,2,0.7,4,0.68,2
3.42,3,649,0,0.86,4,0.67,0
2.72,2,935,2,0.72,4,0.67,4
4.8,0,525,0,0.95,0,0.98,1
4.4,1,791,2,0.96,4,0.71,2
3.18,1,320,2,0.94,2,0.87,4
4.2,1,852,2,0.62,1,0.67,3
3.85,0,154,2,0.93,4,0.89,2
4.89,0,177,0,0.82,1,0.94,1
4.02,0,314,2,0.79,4,0.78,2
2.98,1,104,1,0.89,2,0.73,0
4.68,0,632,2,0.82,3,0.8,0
2.56,0,173,2,0.67,4,0.76,2
2.77,0,993,2,0.88,1,0.72,3
4.85,0,875,0,0.8,2,0.85,1
4.14,1,926,2,0.82,1,0.9,3
3.32,1,897,2,0.94,3,0.76,4
3.63,1,822,2,0.93,3,0.65,4
4.2,2,444,2,0.67,3,0.84,4
3.1,2,406,2,0.91,3,0.92,4
3.86,0,11,2,0.86,1,0.89,3
3.99,2,813,1,0.73,4,0.89,0
3.49,1,754,0,0.79,3,0.66,0
2.81,2,154,2,0.87,2,0.94,4
2.7,0,856,2,0.98,1,0.83,3
4.64,0,761,2,0.69,4,0.72,2
3.13,0,341,2,0.87,1,0.9,3
4.84,0,245,0,0.72,1,0.92,1
2.98,2,526,2,0.74,2,0.64,4
4.07,1,546,2,0.75,2,0.93,3
4.98,1,337,0,0.6,0,0.79,1
3.72,0,995,2,0.81,4,0.76,2
3.87,0,527,2,0.97,2,0.62,3
4.1,0,195,2,0.98,4,0.77,2
4.57,0,480,2,0.96,4,0.67,2
4.23,1,561,0,0.76,0,0.68,0
3.02,2,705,2,0.9,3,0.82,4
4.87,0,101,0,0.95,1,0.92,1
4.8,0,519,0,0.72,3,0.7,1
3.84,1,89,1,0.83,0,0.88,0
4.86,0,516,0,0.85,4,0.75,1
4.91,0,984,0,0.93,1,0.65,1
3.89,1,204,2,0.89,2,0.68,4
3.6,1,36,2,0.77,0,0.89,0
4.98,0,544,0,0.86,1,0.97,1
4.92,0,399,0,0.78,4,0.86,1
4.52,1,130,2,0.74,2,0.99,3
3.48,0,442,2,0.95,3,0.9,4
4.59,0,49,2,0.81,4,0.61,2
3.46,0,646,2,0.71,2,0.65,3
2.76,0,889,2,0.87,3,0.93,4
3.56,3,901,2,0.93,3,0.68,4
3.43,0,905,2,0.81,3,0.64,0
3.32,0,720,2,0.68,4,0.86,2
4.89,0,353,0,0.97,4,0.65,1
4.56,1,488,2,0.68,4,0.86,2
3.61,0,190,2,0.89,2,0.81,3
4.97,0,695,0,0.95,2,0.94,1
3.59,1,981,0,0.75,3,0.79,0
3.17,0,609,2,0.83,1,0.98,3
3.19,1,326,2,0.85,0,0.87,0
3.25,0,181,2,0.87,2,0.68,3
4.92,0,155,0,0.69,4,0.64,1
2.61,3,980,2,0.73,2,0.6,4
3.08,3,262,0,0.83,1,0.78,0
4.85,2,44,0,0.61,0,0.82,0
3.12,0,267,2,0.94,2,0.76,3
4.67,1,282,2,0.91,4,0.62,2
4.86,0,288,0,0.94,4,0.62,1
3.01,2,891,0,0.96,3,0.67,0
4.76,1,248,2,0.85,1,0.91,3
4.98,0,617,0,0.71,2,0.85,1
2.88,1,333,1,0.65,4,0.97,0
3.25,1,195,2,0.89,4,0.83,2
4.82,0,598,0,0.72,1,0.82,1
4.99,0,537,0,0.85,3,0.74,1
4.93,1,583,0,0.65,4,0.9,1
4.76,2,235,2,0.89,3,0.9,4
5.0,0,918,0,0.76,3,0.96,1
2.98,0,62,2,0.8,1,0.89,3
4.5,1,594,2,0.89,2,0.89,3
4.58,0,454,2,0.95,3,0.72,4
4.26,0,250,2,0.71,1,0.9,3
2.76,0,907,2,0.75,1,0.96,3
4.94,1,45,0,0.78,4,0.93,0
4.78,1,871,2,0.6,4,0.7,2
4.92,0,554,0,0.87,4,0.89,1
4.94,0,940,0,0.74,3,0.75,1
4.68,0,70,2,0.67,4,0.74,2
4.92,1,980,0,0.76,0,0.94,1
3.74,0,838,0,0.97,0,0.99,0
3.32,1,517,2,0.69,3,0.9,0
4.83,0,54,0,0.97,0,0.9,1
3.27,2,767,1,0.84,3,0.74,0
4.39,1,287,2,0.87,0,0.87,0
3.26,3,392,2,0.87,3,0.87,4
3.3,1,861,2,0.61,4,0.8,2
3.2,1,415,2,0.62,4,0.64,2
3.29,1,323,2,0.77,4,0.98,2
4.72,1,570,2,0.77,1,0.91,3
4.84,0,482,2,0.84,4,0.74,2
4.57,3,86,2,0.92,3,0.61,4
3.36,0,667,0,0.69,4,0.99,0
2.89,0,150,2,0.83,4,0.63,2
3.33,0,393,2,0.94,3,0.6,4
3.31,3,636,1,0.65,1,0.81,0
4.12,0,531,2,0.79,4,0.76,2
4.94,0,579,0,0.71,2,0.7,1
2.68,2,912,0,0.8,1,0.75,0
4.54,1,830,2,0.64,4,0.81,2
3.45,2,986,1,0.75,0,0.72,0
4.98,0,287,0,0.96,4,0.69,1
4.93,0,111,0,0.64,4,0.75,1
4.91,0,96,0,0.71,0,0.76,1
4.42,1,979,2,0.73,4,0.72,2
2.72,1,583,2,0.61,4,0.84,2
4.26,1,738,2,0.84,4,0.93,2
4.3,1,804,2,0.62,2,0.66,3
4.75,1,704,2,0.61,1,0.98,3
4.05,1,14,2,0.91,1,0.78,3
4.81,0,446,0,0.95,3,0.63,1
4.05,2,439,1,0.76,4,0.94,0
3.35,1,53,0,0.8,2,0.75,0
3.52,1,624,2,0.67,4,0.67,2
4.91,0,461,2,0.75,1,0.91,3
3.2,2,226,1,0.78,2,0.9,0
4.37,1,48,2,0.99,2,0.87,3
4.89,0,608,0,0.86,3,0.79,1
4.21,1,851,2,0.71,4,0.79,2
3.62,1,677,2,0.87,2,0.79,4
3.95,0,770,2,0.99,2,0.99,3
2.56,1,918,2,0.93,3,0.96,4
3.55,1,611,2,0.72,2,0.95,4
2.98,0,938,2,0.72,4,0.9,2
2.82,1,132,2,0.65,4,0.76,2
4.97,0,471,0,0.64,4,0.7,1
4.21,0,16,2,0.84,4,0.94,2
4.93,0,655,0,0.77,0,0.92,1
2.88,0,668,2,0.98,3,0.99,4
4.96,0,872,0,0.71,1,0.99,1
4.08,1,513,2,0.88,4,0.81,2
4.81,0,171,0,0.83,4,0.64,1
3.01,1,482,2,0.88,1,0.7,4
3.51,1,873,0,0.83,2,0.82,0
3.4,0,573,1,0.81,2,0.93,0
4.06,0,981,2,0.85,0,0.6,0
3.92,0,790,2,0.85,1,0.89,3
4.86,0,579,0,0.92,3,0.73,1
4.34,1,987,1,0.94,4,0.72,0
4.99,1,394,0,0.97,2,0.98,1
4.51,2,252,2,0.69,2,0.82,4
4.64,0,751,2,0.73,3,0.88,0
2.77,3,876,2,0.73,4,0.84,4
4.44,2,349,1,0.76,4,0.89,0
4.6,1,312,2,0.74,4,0.88,2
4.84,0,726,0,0.99,2,0.82,1
4.23,3,146,2,0.97,3,0.78,4
4.96,0,302,0,0.72,3,0.71,1
3.22,0,504,2,0.85,1,0.75,3
3.69,3,162,1,0.84,4,0.65,0
3.49,3,328,2,0.65,3,0.78,4
3.71,3,851,2,0.72,0,0.9,4
4.86,0,389,0,0.9,0,0.76,1
4.87,0,822,0,0.81,1,0.95,1
3.88,0,773,2,0.69,2,0.62,3
3.72,0,985,2,0.69,4,0.68,2
3.66,1,421,1,0.65,2,0.68,0
4.34,1,157,1,0.79,1,0.9,0
4.91,1,644,2,0.84,1,0.68,3
4.08,0,247,2,0.91,3,0.69,4
4.7,1,905,2,0.65,2,0.9,3
3.62,0,133,2,0.79,4,0.69,2
3.58,3,626,1,0.99,1,0.81,0
2.63,1,482,2,0.9,3,0.76,4
4.79,0,728,2,0.69,1,0.94,3
2.55,1,707,2,0.9,2,0.61,4
3.4,1,788,2,0.9,0,0.85,0
4.55,0,991,2,0.94,4,0.76,2
3.27,1,716,2,0.86,4,0.94,2
4.89,0,412,0,0.83,4,0.69,1
2.53,0,427,0,0.69,0,0.78,0
4.14,3,427,2,0.73,3,0.83,4
3.14,1,280,2,0.91,4,0.7,2
3.46,3,393,2,0.87,3,0.95,4
2.73,1,338,2,0.92,3,0.94,4
3.29,0,351,2,0.65,1,0.67,3
4.05,2,601,1,0.67,0,0.62,0
4.27,1,725,2,0.72,4,0.74,2
2.69,1,279,2,0.99,3,0.97,4
4.66,0,527,2,0.86,4,0.6,2
4.45,0,96,1,0.73,3,0.98,0
4.83,1,415,0,0.83,1,0.92,1
2.76,1,61,2,0.92,1,0.67,4
4.95,0,433,0,0.87,2,0.83,1
4.92,0,305,0,0.83,0,0.96,1
4.75,0,339,2,0.85,1,0.93,3
4.63,0,875,2,0.75,1,0.82,3
4.25,0,40,2,0.8,4,0.9,2
3.47,1,699,1,0.68,3,0.66,0
4.16,3,892,1,0.75,3,0.97,0
3.08,2,726,2,0.64,4,0.62,4
4.8,1,584,0,0.82,0,0.71,1
2.51,2,244,2,0.9,3,0.87,4
2.75,3,699,1,0.72,3,0.73,0
2.52,0,325,2,0.83,4,0.65,2
4.87,0,888,0,0.96,2,0.87,1
4.98,0,787,0,0.97,3,0.66,1
4.93,1,213,2,0.97,1,0.66,3
4.16,1,188,2,0.92,2,0.62,3
3.89,0,133,2,0.7,1,0.96,3
2.72,1,530,2,0.63,4,0.94,2
3.65,0,28,2,0.69,1,0.72,3
3.89,2,803,1,0.7,3,0.68,0
2.99,1,171,2,0.79,2,0.89,4
4.79,1,409,2,0.79,1,0.66,3
4.08,1,59,2,0.98,2,0.67,3
4.86,0,89,0,0.85,2,0.88,1
4.87,1,549,2,0.61,1,0.93,3
3.91,1,725,2,0.74,4,0.69,2
4.31,0,517,2,0.84,3,0.65,0
4.35,1,924,2,0.95,2,0.77,3
3.12,0,368,2,0.97,2,0.78,3
3.77,0,189,2,0.63,0,0.93,0
4.33,2,93,1,0.81,3,0.84,0
2.62,1,724,2,0.97,1,0.65,4
3.28,0,649,2,0.89,3,0.84,4
2.81,0,511,2,0.88,4,0.7,2
3.96,2,331,2,0.98,4,0.86,4
4.82,0,618,0,0.73,1,0.83,1
4.11,2,599,2,0.91,0,0.74,4
4.72,1,231,2,0.76,1,0.79,3
2.88,2,317,2,0.68,3,0.77,4
3.6,0,971,2,0.81,2,0.74,3
4.83,0,58,0,0.92,0,0.74,1
4.22,2,75,2,0.68,0,0.93,4
3.96,1,577,2,0.93,3,0.7,4
4.42,0,371,2,0.97,4,0.72,2
3.22,0,786,2,0.83,1,0.6,3
4.89,0,458,0,0.95,0,0.84,1
4.93,0,40,0,0.75,4,0.61,0
3.2,0,139,1,0.91,4,0.85,0
3.24,0,634,2,0.85,4,0.67,2
2.98,0,317,2,0.97,4,0.67,2
3.06,0,192,2,0.72,4,0.82,2
3.14,0,226,2,0.83,1,0.71,3
4.19,1,914,0,0.78,3,0.75,0
4.92,0,437,0,0.65,2,0.78,1
4.67,2,407,2,0.8,0,0.71,4
4.34,3,108,2,0.95,3,0.98,4
3.99,0,404,1,0.95,1,0.7,0
3.77,3,192,0,0.72,1,0.95,0
3.13,3,364,1,0.66,1,0.97,0
2.52,0,231,2,0.92,4,0.97,2
3.43,1,756,1,0.84,0,0.81,0
4.6,0,631,2,0.8,4,0.78,2
4.94,1,649,0,0.92,4,0.62,1
4.7,1,630,2,0.78,4,0.84,2
4.85,0,535,0,0.86,3,0.62,1
2.95,0,408,2,0.95,2,0.76,3
4.2,1,309,2,0.82,4,0.93,2
3.88,2,949,2,0.63,0,0.72,4
4.05,1,580,2,0.91,1,0.98,3
4.92,0,640,2,0.65,1,0.93,3
4.81,0,315,0,0.75,1,0.99,1
4.96,0,587,0,0.86,2,0.63,1
3.06,2,861,1,0.8,1,0.74,0
4.48,1,432,2,0.98,1,0.82,3
4.8,1,318,2,0.71,1,0.81,3
4.48,0,823,2,0.65,1,0.81,3
4.83,0,580,0,0.88,4,0.74,1
3.19,1,416,2,0.62,2,0.89,4
4.45,1,888,2,0.63,4,0.66,2
3.73,3,731,2,0.84,1,0.67,4
2.9,0,746,2,0.94,2,0.97,3
3.38,0,53,2,0.63,2,0.75,3
4.68,1,793,2,0.68,1,0.74,3
4.14,3,671,0,0.92,1,0.7,0
2.61,0,258,2,0.79,4,0.66,2
3.97,3,546,1,0.85,4,0.72,0
4.93,0,868,0,0.9,1,0.94,1
4.36,2,976,1,0.84,3,0.77,0
3.74,0,550,2,0.88,3,0.64,4
3.4,1,573,2,0.88,2,0.77,4
2.68,0,405,2,0.63,1,0.67,3
4.51,1,467,2,0.71,1,0.97,3
4.68,1,772,2,0.81,2,0.63,3
4.76,1,365,2,0.65,1,0.84,3
4.59,0,831,2,0.97,2,0.78,3
4.28,1,847,2,0.68,1,0.92,3
2.52,2,913,0,0.84,4,0.92,0
4.69,1,340,2,0.68,2,0.75,3
2.95,2,953,1,0.67,3,0.68,0
4.92,0,306,0,0.85,0,0.74,1
4.73,0,502,2,0.66,2,0.91,3
2.57,0,81,2,0.62,4,0.7,2
2.63,1,172,2,0.68,4,0.96,2
4.01,1,450,2,0.77,2,0.85,3
2.84,0,687,2,0.85,4,0.79,2
3.33,1,678,2,0.91,4,0.61,2
4.97,0,91,0,0.67,4,0.96,1
4.96,0,172,0,0.7,3,0.65,1
2.56,0,774,2,0.68,4,0.85,2
4.82,1,634,0,0.78,3,0.7,1
4.3,0,271,2,0.86,2,0.87,3
3.48,3,119,1,0.69,4,0.74,0
4.24,1,887,2,0.66,1,0.82,3
3.15,0,253,2,0.61,4,0.95,2
4.96,0,458,0,0.91,2,0.78,1
4.07,1,103,2,0.74,2,0.87,3
4.89,1,826,0,0.87,4,0.91,1
4.84,0,533,2,0.78,4,0.98,2
3.98,0,944,2,0.64,4,0.73,2
3.31,1,386,2,0.61,4,0.73,2
3.72,0,533,2,0.63,1,0.91,3
4.17,1,932,2,0.67,4,0.82,2
2.87,1,56,1,0.81,2,0.62,0
4.53,1,964,2,0.79,1,0.74,3
4.03,1,690,2,0.77,2,0.66,3
4.43,1,124,2,0.96,3,0.77,4
4.8,0,655,2,0.66,1,0.76,3
4.07,2,802,2,0.75,4,0.63,4
3.67,0,654,2,0.92,1,0.89,3
4.4,0,164,2,0.96,4,0.7,2
3.64,0,610,2,0.64,4,0.7,2
3.96,0,511,2,0.68,1,0.93,3
4.44,3,597,0,0.85,1,0.79,0
4.82,0,223,0,0.82,1,0.67,1
4.99,0,555,0,0.97,4,0.97,1
3.7,0,327,2,0.75,4,0.75,2
3.91,0,437,2,0.78,1,0.84,3
2.85,0,493,2,0.65,4,0.62,2
3.12,0,388,2,0.75,1,0.8,3
3.96,1,871,2,0.87,1,0.64,4
3.75,3,616,2,0.87,1,0.89,4
4.16,3,612,1,0.82,3,0.94,0
2.94,0,349,2,0.86,4,0.8,2
4.21,0,828,2,0.84,0,0.76,0
3.15,3,70,2,0.85,0,0.88,4
4.97,1,35,0,0.9,4,0.82,0
4.68,1,960,2,0.69,2,0.86,3
4.98,0,304,0,0.77,3,0.83,1
3.44,0,172,2,0.87,4,0.8,2
2.92,1,776,2,0.92,4,0.88,2
3.97,1,980,2,0.7,4,0.7,2
2.68,0,829,2,0.74,1,0.68,3
3.37,3,595,1,0.89,4,0.76,0
3.92,1,721,2,0.79,2,0.73,4
4.84,0,629,0,0.75,4,0.85,1
4.69,0,462,2,0.9,4,0.95,2
4.51,1,920,2,0.91,2,0.64,3
3.51,0,502,2,0.69,2,0.6,3
3.46,0,182,2,0.83,4,0.98,2
4.42,1,85,2,0.76,4,0.93,2
3.86,2,700,2,0.86,3,0.87,4
4.41,1,92,2,0.87,2,0.74,3
3.51,0,56,2,0.77,1,0.72,3
4.24,1,662,2,0.77,0,0.65,0
4.77,1,893,2,0.86,4,0.65,2
4.88,0,513,0,0.61,4,0.98,1
4.62,3,331,2,0.87,3,0.97,4
3.95,0,278,1,0.68,0,0.97,0
2.89,1,721,2,0.97,0,0.74,0
3.95,1,828,2,0.8,2,0.82,4
3.33,3,579,2,0.73,3,0.68,4
4.5,1,284,0,0.89,3,0.81,0
3.62,2,93,2,0.62,0,0.75,4
3.0,0,378,2,0.7,4,0.6,2
4.11,1,384,2,0.95,3,0.83,4
3.09,0,222,2,0.62,1,0.79,3
4.93,0,146,0,0.71,4,0.87,1
4.67,1,500,2,0.61,4,0.7,2
4.21,1,539,2,0.97,2,0.79,3
3.6,3,12,2,0.99,3,0.93,4
4.85,1,923,0,0.62,1,0.86,1
4.26,1,136,1,0.74,1,0.94,0
2.85,0,51,2,0.91,4,0.86,2
3.1,0,433,2,0.8,2,0.98,3
4.83,0,683,2,0.93,1,0.8,3
3.71,2,727,2,0.97,3,0.83,4
4.87,0,238,0,0.92,4,0.99,1
4.37,0,244,1,0.92,2,0.76,0
4.27,2,936,1,0.7,4,0.73,0
4.47,0,751,2,0.81,4,0.75,2
3.73,0,877,0,0.77,2,0.88,0
4.89,1,459,2,0.94,1,0.9,3
4.0,0,108,2,0.91,4,0.6,2
4.82,0,214,0,0.82,3,0.77,1
4.29,1,910,2,0.69,2,0.98,3
4.84,1,465,1,0.89,3,0.74,0
4.59,1,114,0,0.66,1,0.92,0
4.94,0,495,0,0.64,0,0.8,1
3.42,0,141,2,0.79,1,0.95,3
3.28,0,482,2,0.8,2,0.96,3
2.64,0,623,2,0.68,4,0.64,2
4.27,1,872,2,0.91,1,0.67,3
3.93,0,388,2,0.68,1,0.86,3
4.74,1,130,2,0.65,2,0.95,3
4.94,0,252,0,0.89,4,0.96,1
3.82,1,97,2,0.93,4,0.72,2
2.56,0,989,2,0.73,4,0.64,2
3.24,1,573,1,0.85,3,0.92,0
4.68,1,866,2,0.97,2,0.75,3
4.89,0,905,0,0.79,3,0.87,1
4.97,0,747,0,0.87,1,0.7,1
4.46,1,382,2,0.61,1,0.85,3
4.71,0,125,2,0.97,3,0.87,4
2.73,0,122,2,0.89,4,0.74,2
3.84,0,462,1,0.72,3,0.7,0
4.01,1,39,2,0.89,2,0.92,3
3.3,3,273,2,0.9,4,0.97,4
4.65,1,79,2,0.81,4,0.85,2
2.92,1,445,0,0.95,2,0.84,0
4.24,1,565,2,0.88,2,0.92,3
3.16,3,416,2,0.91,3,0.98,4
4.58,3,134,2,0.69,2,0.61,4
4.97,0,849,0,0.8,0,0.93,1
4.93,0,841,0,0.82,3,0.62,1
4.11,1,195,2,0.95,3,0.93,4
5.0,0,682,0,0.67,1,0.8,1
3.08,2,481,2,0.98,2,0.75,4
3.93,0,328,2,0.75,4,0.77,2
4.98,0,227,0,0.82,1,0.83,1
3.3,3,410,0,0.63,2,0.71,0
3.64,0,651,2,0.62,2,0.6,3
3.3,1,207,2,0.91,4,0.6,2
3.71,0,576,2,0.84,4,0.86,2
4.47,1,601,2,0.94,4,0.93,2
3.7,1,835,2,0.77,0,0.74,0
4.32,1,987,2,0.78,2,0.74,3
3.39,1,105,2,0.6,1,0.89,4
4.89,0,198,0,0.87,4,0.93,1
2.93,3,589,1,0.87,1,0.67,0
3.07,0,461,2,0.89,4,0.64,2
3.16,0,714,2,0.69,0,0.65,0
2.9,1,811,0,0.79,4,0.94,0
4.83,1,833,2,0.86,1,0.86,3
3.03,3,204,1,0.92,4,0.92,0
4.24,1,168,1,0.96,0,0.61,0
4.04,0,373,2,0.69,0,0.94,0
3.57,0,618,2,0.68,1,0.74,3
4.92,0,635,0,0.78,2,0.71,1
4.05,2,999,2,0.97,3,0.67,4
4.67,0,616,2,0.89,3,0.86,4
3.85,0,768,2,0.64,1,0.73,3
2.72,2,158,2,0.96,0,0.62,4
4.93,0,616,0,0.63,2,0.95,1
2.85,1,412,2,0.97,4,0.78,2
4.09,0,919,2,0.72,4,0.79,2
4.52,0,697,2,0.75,4,0.73,2
3.19,2,608,2,0.98,3,0.88,4
3.52,1,289,2,0.75,1,0.69,4
2.96,0,831,2,0.93,4,0.63,2
4.2,0,921,2,0.88,4,0.69,2
4.95,0,190,0,0.9,1,0.89,1
3.46,0,76,2,0.69,1,0.87,3
2.82,3,299,1,0.95,0,0.7,0
4.92,0,180,0,0.76,0,0.6,1
4.25,1,798,2,0.71,2,0.65,3
4.95,0,900,0,0.7,1,0.88,1
3.84,1,286,2,0.74,2,0.81,4
2.89,3,573,1,0.88,4,0.98,0
3.67,1,885,2,0.61,4,0.71,2
4.02,1,765,2,0.77,2,0.78,3
3.36,1,610,2,0.88,2,0.7,4
4.49,0,666,2,0.89,3,0.62,4
4.42,1,727,2,0.88,3,0.96,4
3.42,1,616,2,0.94,4,0.79,2
4.59,1,341,2,0.76,1,0.69,3
2.68,3,574,0,0.97,2,0.88,0
3.41,1,462,2,0.89,1,0.93,4
4.98,0,326,0,0.64,0,0.95,1
4.52,3,570,2,0.9,4,0.65,4
4.87,1,563,2,0.62,1,0.87,3
4.38,1,961,1,0.7,1,0.68,0
4.39,0,236,2,0.84,4,0.84,2
4.69,0,963,2,0.62,0,0.9,0
4.13,1,408,2,0.99,1,0.79,3
4.81,0,172,0,0.91,4,0.65,1
3.49,0,592,1,0.86,4,0.87,0
4.13,1,376,2,0.85,2,0.77,3
4.79,0,501,2,0.72,2,0.92,3
4.01,0,270,2,0.88,4,0.71,2
4.02,1,905,2,0.95,1,0.96,3
3.83,3,430,2,0.87,3,0.85,4
2.68,0,577,2,0.98,4,0.73,2
2.9,3,940,2,0.89,3,0.76,4
3.05,1,551,2,0.76,4,0.73,2
4.08,1,70,2,0.73,2,0.8,3
2.56,3,641,2,0.71,4,0.62,4
3.4,1,472,2,0.93,4,0.98,2
4.67,1,40,2,0.64,2,0.84,3
3.47,1,639,2,0.73,4,0.83,2
4.25,0,333,2,0.9,4,0.87,2
4.88,1,965,2,0.74,1,0.62,3
4.85,1,999,0,0.64,4,0.8,1
3.55,2,882,0,0.97,3,0.66,0
2.57,1,152,0,0.98,2,0.82,0
4.81,0,761,0,0.73,0,0.81,1
4.02,1,725,2,0.94,1,0.86,3
3.69,0,901,2,0.74,4,0.85,2
4.08,0,558,2,0.99,1,0.82,3
3.22,1,472,2,0.98,4,0.85,2
4.47,0,111,2,0.76,2,0.88,3
3.46,1,848,2,0.87,4,0.61,2
2.6,0,739,2,0.96,3,0.79,4
4.55,1,282,2,0.98,3,0.84,4
3.14,1,828,2,0.75,4,0.9,2
4.9,0,819,0,0.99,2,0.96,1
3.75,1,790,1,0.65,4,0.68,0
4.94,0,790,0,0.87,2,0.86,1
2.61,1,944,2,0.93,4,0.82,2
3.55,1,862,2,0.82,4,0.95,2
4.65,2,856,2,0.94,1,0.64,4
4.16,3,665,2,0.89,3,0.72,4
3.22,2,912,0,0.65,1,0.85,0
3.03,0,800,2,0.66,2,0.87,3
3.65,2,472,2,0.63,0,0.81,4
3.14,1,726,2,0.68,4,0.75,2
4.18,3,722,0,0.74,0,0.86,0
3.14,2,855,2,0.9,3,0.77,4
3.38,2,402,2,0.97,3,0.82,4
4.79,0,790,2,0.96,4,0.89,2
2.96,0,783,2,0.87,4,0.69,2
4.84,0,563,0,0.76,4,0.88,1
2.72,1,464,2,0.92,4,0.72,2
4.87,0,324,0,0.79,3,0.97,1
4.96,0,479,0,0.78,3,0.83,1
4.66,0,859,2,0.84,2,0.64,3
3.69,0,546,2,0.88,1,0.74,3
5.0,0,895,0,0.75,3,0.89,1
3.65,0,661,2,0.82,4,0.73,2
3.24,1,409,2,0.83,4,0.88,2
3.77,0,533,1,0.63,1,0.73,0
2.57,0,420,2,0.74,4,0.95,2
3.05,0,911,1,0.82,0,0.99,0
4.93,1,192,0,0.67,3,0.66,1
4.88,0,379,0,0.87,2,0.83,1
4.98,0,884,0,0.9,1,0.61,1
4.69,1,933,2,0.61,4,0.68,2
4.1,1,127,2,0.98,3,0.75,4
4.87,1,846,2,0.93,1,0.85,3
3.48,0,29,2,0.67,3,0.94,0
2.84,0,770,2,0.75,1,0.94,3
4.05,0,843,2,0.8,1,0.94,3
4.84,0,518,1,0.78,2,0.62,0
3.33,0,219,2,0.74,4,0.69,2
4.16,0,589,2,0.73,1,0.88,3
3.55,1,253,2,0.86,0,0.88,0
4.99,0,895,0,0.65,4,0.61,1
4.96,1,174,0,0.86,4,0.85,1
4.94,2,176,2,0.89,3,0.81,4
2.87,2,76,2,0.84,0,0.85,4
4.84,0,43,0,0.97,0,0.94,0
4.43,1,260,2,0.64,2,0.97,3
3.22,2,417,2,0.61,3,0.8,4
4.87,0,336,0,0.7,3,0.86,1
2.69,3,665,2,0.9,3,0.93,4
4.96,0,997,0,0.68,2,0.89,1
4.38,1,960,2,0.99,4,0.74,2
3.73,0,672,2,0.72,4,0.77,2
4.29,1,887,2,0.99,4,0.83,2
4.44,1,957,2,0.75,2,0.88,3
3.29,2,856,0,0.95,4,0.96,0
4.95,0,471,0,0.7,3,0.8,1
3.01,0,935,2,0.79,4,0.92,2
4.42,2,772,2,0.95,3,0.95,4
4.1,1,858,2,0.95,4,0.8,2
2.56,0,964,2,0.92,4,0.86,2
4.81,0,223,0,0.85,3,0.88,1
4.76,1,196,2,0.87,4,0.73,2
2.71,0,68,2,0.88,4,0.83,2
4.91,1,242,0,0.61,4,0.78,1
2.97,0,205,2,0.71,2,0.74,3
4.59,3,694,0,0.92,1,0.9,0
2.87,3,972,1,0.86,4,0.66,0
4.16,0,632,2,0.94,2,0.88,3
2.98,3,541,2,0.98,1,0.92,4
2.72,0,259,2,0.87,4,0.72,2
2.86,2,899,2,0.94,3,0.75,4
4.99,0,211,0,0.68,2,0.89,1
4.2,1,139,2,0.69,4,0.87,2
2.84,2,910,2,0.82,4,0.74,4
3.02,1,70,2,0.86,2,0.74,4
4.86,0,198,0,0.69,1,0.73,1
4.32,1,164,2,0.65,2,0.94,3
3.4,0,365,2,0.8,1,0.82,3
4.84,0,918,0,0.97,0,0.77,1
3.4,0,525,2,0.91,2,0.77,3
3.78,1,56,2,0.65,4,0.7,2
2.86,0,559,2,0.74,4,0.75,2
4.2,1,582,2,0.9,1,0.9,3
4.3,1,60,2,0.8,2,0.91,3
4.95,0,774,0,0.63,3,0.67,1
3.31,0,680,2,0.95,1,0.81,3
4.87,0,650,0,0.65,3,0.9,1
3.39,0,84,2,0.76,4,0.75,2
3.49,3,195,2,0.89,1,0.86,4
4.93,0,316,0,0.77,4,0.73,1
3.33,0,700,2,0.81,2,0.87,3
4.95,0,790,0,0.63,1,0.8,1
3.41,1,864,0,0.7,2,0.83,0
3.58,0,903,2,0.94,4,0.93,2
4.81,0,757,0,0.83,2,0.64,1
3.67,1,473,2,0.92,3,0.89,4
3.32,0,922,2,0.69,2,0.84,3
4.07,0,631,0,0.71,3,0.75,0
3.99,1,692,2,0.85,4,0.87,2
4.92,0,878,0,0.82,1,0.84,1
4.03,0,959,2,0.75,1,0.66,3
4.8,0,68,0,0.87,3,0.63,1
2.64,2,813,0,0.68,4,0.61,0
3.07,1,381,2,0.91,4,0.67,2
4.11,1,719,2,0.62,2,0.95,3
3.53,0,556,2,0.65,3,0.75,0
3.94,1,122,2,0.63,3,0.82,0
3.73,1,95,2,0.67,0,0.62,0
3.48,1,827,2,0.83,2,0.97,4
4.69,3,172,1,0.82,3,0.87,0
4.43,2,465,2,0.81,0,0.66,4
3.13,0,813,2,0.78,0,0.86,0
4.83,0,428,0,0.88,3,0.64,1
3.12,1,812,2,0.96,4,0.86,2
3.07,1,274,2,0.79,2,0.61,4
3.82,1,808,2,0.9,1,0.84,4
2.74,2,267,2,0.97,3,0.86,4
4.53,0,448,2,0.79,4,0.82,2
4.97,2,31,0,0.7,0,0.7,0
3.15,1,312,2,0.88,2,0.62,4
4.67,0,170,2,0.72,4,0.65,2
3.68,3,789,2,0.97,2,0.66,4
3.38,3,707,1,0.78,4,0.94,0
2.59,0,458,2,0.89,4,0.97,2
4.04,1,52,2,0.94,2,0.73,3
4.89,0,795,2,0.79,2,0.73,3
2.79,0,720,2,0.67,2,0.76,3
4.62,0,598,2,0.74,2,0.79,3
4.27,1,827,2,0.85,4,0.74,2
4.07,1,453,2,0.87,2,0.97,3
4.08,2,521,2,0.94,3,0.69,4
4.6,0,437,2,0.85,3,0.62,0
4.1,1,212,2,0.99,4,0.73,2
2.58,0,319,2,0.81,4,0.77,2
2.74,1,661,2,0.86,4,0.77,2
4.95,0,44,0,0.98,3,0.63,0
4.85,0,309,0,0.65,4,0.97,1
4.29,1,474,2,0.73,4,0.73,2
4.92,0,382,0,0.85,1,0.73,1
4.91,0,478,0,0.65,3,0.89,1
4.94,0,990,0,0.95,3,0.83,1
2.59,0,123,2,0.96,4,0.63,2
2.89,0,284,2,0.67,1,0.77,3
4.48,1,448,2,0.62,2,0.89,3
3.69,0,890,2,0.7,2,0.88,3
4.85,1,12,0,0.93,2,0.91,0
3.78,0,181,1,0.98,4,0.81,0
4.88,0,430,0,0.66,3,0.9,1
4.41,1,778,2,0.66,4,0.77,2
3.99,1,24,0,0.85,2,0.92,0
2.55,1,516,2,0.9,4,0.63,2
3.06,2,271,2,0.96,4,0.64,4
4.23,1,796,2,0.91,2,0.82,3
4.11,1,22,2,0.65,1,0.79,3
3.29,1,551,2,0.61,2,0.75,4
2.94,0,713,2,0.73,4,0.62,2
4.23,3,472,2,0.67,3,0.88,4
4.8,1,187,2,0.75,1,0.85,3
4.89,0,171,0,0.78,3,0.98,1
2.7,1,352,2,0.93,4,0.76,2
4.82,0,70,2,0.68,2,0.71,3
4.87,0,950,0,0.88,2,0.86,1
3.97,1,607,2,0.69,4,0.75,2
3.41,0,793,2,0.86,1,0.94,3
3.15,1,529,2,0.77,1,0.77,4
4.88,0,48,0,0.83,0,0.82,0
2.76,1,707,2,0.88,4,0.86,2
4.53,0,21,2,0.85,0,0.66,0
4.94,1,137,0,0.82,3,0.74,1
2.89,0,509,2,0.73,4,0.63,2
4.66,0,464,2,0.96,4,0.76,2
2.99,0,914,2,0.93,2,0.61,3
4.59,1,857,2,0.63,1,0.66,3
4.04,1,143,2,0.7,2,0.6,3
2.81,2,101,2,0.84,1,0.7,4
4.65,0,543,1,0.9,2,0.61,0
3.08,1,705,1,0.82,0,0.74,0
3.13,3,135,0,0.64,1,0.85,0
4.66,1,809,2,0.77,2,0.92,3
4.84,1,675,0,0.95,1,0.68,1
3.47,1,173,2,0.73,0,0.78,0
3.95,1,152,2,0.64,4,0.83,2
4.37,1,770,2,0.71,1,0.62,3
4.87,0,575,0,0.71,3,0.88,1
4.83,0,797,0,0.92,4,0.61,1
4.87,3,21,0,0.92,2,0.96,0
4.36,1,235,2,0.6,4,0.92,2
3.85,3,104,1,0.74,1,0.86,0
3.59,0,483,2,0.94,1,0.94,3
3.94,1,212,2,0.91,4,0.78,2
3.14,2,796,0,0.73,1,0.7,0
3.63,3,730,2,0.91,4,0.66,4
4.89,0,448,0,0.8,3,0.97,1
4.92,1,383,0,0.64,4,0.69,1
4.76,0,158,2,0.88,3,0.98,4
4.4,1,197,2,0.66,1,0.75,3
4.98,0,475,0,0.69,1,0.78,1
2.85,1,291,1,0.77,2,0.94,0
3.66,0,68,1,0.74,2,0.63,0
3.47,3,62,2,0.62,0,0.83,4
3.67,0,67,2,0.7,4,0.68,2
3.1,0,113,1,0.88,4,0.75,0
4.12,2,146,2,0.99,3,0.99,4
4.06,1,840,2,0.73,0,0.64,0
2.51,2,33,0,0.78,4,0.77,0
4.85,0,545,0,0.85,1,0.61,1
4.58,2,837,2,0.93,3,0.96,4
3.4,0,97,2,0.7,0,0.88,0
4.94,0,128,0,0.78,4,0.64,1
4.88,2,228,1,0.64,4,0.72,0
4.96,1,234,0,0.64,3,0.73,1
3.19,1,37,2,0.69,1,0.7,4
4.57,1,235,2,0.77,2,0.62,3
4.49,3,52,2,0.78,3,0.73,4
4.6,1,271,2,0.92,2,0.61,3
4.37,0,347,2,0.84,4,0.98,2
4.88,1,924,2,0.77,2,0.76,3
2.97,2,265,2,0.98,3,0.85,4
2.92,0,479,2,0.81,1,0.68,3
2.86,1,804,2,0.73,4,0.77,2
3.02,0,836,2,0.86,3,0.82,4
2.7,0,207,2,0.81,2,0.83,3
3.34,0,733,2,0.9,4,0.78,2
2.78,2,323,1,0.77,3,0.66,0
4.83,0,331,0,0.78,1,0.86,1
3.57,1,497,2,0.89,4,0.96,2
3.53,1,520,2,0.67,2,0.64,4
4.89,1,57,0,0.81,2,0.84,1
3.49,3,45,1,0.7,3,0.67,0
4.8,1,242,2,0.69,2,0.64,3
2.65,3,924,0,0.95,0,0.79,0
4.85,0,167,0,0.73,4,0.83,1
3.05,3,500,2,0.91,3,0.67,4
3.72,1,871,2,0.97,3,0.7,4
3.41,3,51,2,0.95,4,0.85,4
2.58,1,828,2,0.68,4,0.63,2
3.8,0,716,2,0.83,4,0.77,2
2.73,3,958,1,0.77,1,0.69,0
3.96,0,668,2,0.87,2,0.9,3
2.68,3,863,2,0.88,3,0.78,4
4.86,0,262,0,0.74,0,0.83,1
2.8,0,658,2,0.95,4,0.73,2
2.91,1,720,2,0.88,3,0.7,4
4.42,1,303,2,0.96,4,0.64,2
4.73,0,128,2,0.8,2,0.82,3
3.85,0,788,2,0.87,4,0.69,2
3.79,3,482,2,0.99,3,0.86,4
3.42,0,793,2,0.95,0,0.73,0
5.0,0,737,0,0.93,4,0.66,1
3.38,0,166,2,0.82,4,0.87,2
3.59,1,196,2,0.78,4,0.62,2
4.98,1,126,0,0.78,0,0.94,1
4.93,0,490,0,0.63,1,0.97,1
4.71,3,268,0,0.64,0,0.76,0
2.64,1,921,2,0.9,2,0.65,4
4.86,0,775,0,0.63,1,0.62,1
3.86,3,304,2,0.76,0,0.64,4
4.2,1,335,2,0.69,4,0.72,2
2.7,0,753,2,0.97,3,0.77,4
2.71,0,653,2,0.79,4,0.62,2
4.29,0,231,0,0.96,4,0.66,0
4.67,0,100,2,0.69,1,0.77,3
4.4,1,822,2,0.83,1,0.63,3
3.4,0,179,2,0.61,4,0.63,2
3.1,3,920,1,0.75,1,0.96,0
4.86,0,826,0,0.97,4,0.93,1
4.83,0,731,0,0.88,4,0.71,1
3.82,0,607,2,0.81,1,0.91,3
4.67,1,165,2,0.98,2,0.94,3
4.92,0,929,0,0.81,4,0.98,1
4.38,0,564,2,0.64,4,0.73,2
4.71,0,524,2,0.64,4,0.61,2
4.81,0,765,0,0.8,1,0.95,1
4.6,3,772,2,0.71,0,0.88,4
4.01,3,474,2,0.81,4,0.85,4
3.33,1,129,2,0.61,2,0.85,4
4.51,3,735,1,0.82,3,0.92,0
3.18,0,801,2,0.94,4,0.76,2
3.43,1,673,2,0.77,4,0.87,2
2.52,0,24,2,0.8,1,0.73,3
3.18,2,340,2,0.91,3,0.99,4
2.87,3,513,2,0.88,3,0.61,4
3.69,1,165,0,0.74,0,0.91,0
2.83,1,636,2,0.73,4,0.82,2
4.81,0,133,0,0.71,4,0.63,1
4.95,1,412,2,0.95,2,0.84,3
3.8,0,50,2,0.73,4,0.75,2
3.85,2,948,0,0.87,4,0.86,0
4.9,0,225,0,0.66,2,0.82,1
3.55,2,951,2,0.94,1,0.87,4
4.31,2,672,1,0.91,3,0.82,0
3.8,0,459,2,0.79,0,0.88,0
4.88,1,654,0,0.7,4,0.69,1
2.64,1,461,2,0.7,2,0.67,4
2.9,0,136,1,0.62,2,0.82,0
4.51,3,568,2,0.75,0,0.78,4
4.22,1,404,2,0.64,1,0.86,3
3.15,0,731,2,0.95,2,0.91,3
4.98,0,353,0,0.98,2,0.68,1
4.87,3,47,0,0.76,1,0.93,0
4.94,0,674,0,0.98,1,0.76,1
3.08,1,465,2,0.81,4,0.87,2
3.35,3,130,2,0.79,1,0.75,4
4.04,2,607,2,0.64,4,0.72,4
4.12,1,179,2,0.86,2,0.72,3
2.73,1,585,0,0.95,1,0.66,0
4.44,0,317,2,0.82,1,0.75,3
3.94,1,948,1,0.74,3,0.65,0
4.91,0,565,2,0.62,2,0.82,3
4.82,0,730,0,0.78,4,0.76,1
4.44,2,451,2,0.64,2,0.7,4
4.94,0,528,0,0.88,0,0.81,1
3.47,1,399,2,0.87,4,0.66,2
4.78,0,201,2,0.98,3,0.76,4
4.7,0,694,2,0.89,4,0.77,2
4.28,0,748,2,0.77,0,0.76,0
4.83,0,118,0,0.96,0,0.87,1
4.13,0,463,2,0.85,4,0.64,2
4.84,1,894,2,0.77,4,0.61,2
3.26,1,176,2,0.6,4,0.67,2
2.95,1,442,2,0.7,3,0.67,0
3.6,0,870,2,0.83,4,0.67,2
3.74,0,796,2,0.88,4,0.92,2
3.46,0,757,2,0.62,2,0.93,3
3.5,1,846,2,0.79,2,0.8,4
3.69,1,138,2,0.9,4,0.69,2
4.35,2,260,2,0.64,2,0.97,4
4.01,0,847,1,0.92,0,0.79,0
4.41,1,320,2,0.72,4,0.61,2
4.96,2,13,0,0.81,0,0.93,0
5.0,0,484,0,0.88,3,0.97,1
3.5,0,126,0,0.95,3,0.67,0
4.85,1,368,2,0.97,1,0.99,3
4.28,1,724,2,0.76,2,0.85,3
4.97,0,315,0,0.66,3,0.96,1
2.71,0,91,0,0.88,0,0.66,0
4.05,1,299,2,0.75,2,0.99,3
2.99,0,124,1,0.67,2,0.95,0
2.81,0,865,2,0.8,4,0.99,2
4.89,1,891,0,0.69,4,0.81,1
4.96,0,316,0,0.6,0,0.87,1
3.73,0,986,2,0.63,0,0.71,0
4.39,0,342,2,0.97,2,0.7,3
2.62,2,282,1,0.82,4,0.75,0
3.17,2,463,1,0.84,1,0.81,0
4.99,0,394,0,0.98,2,0.95,1
4.3,1,680,2,0.87,4,0.97,2
3.33,1,233,2,0.67,4,0.99,2
4.39,1,223,2,0.96,4,0.61,2
3.01,3,531,2,0.84,0,0.83,4
3.94,0,216,2,0.8,1,0.72,3
3.15,2,917,2,0.97,4,0.84,4
3.92,1,761,2,0.61,4,0.63,2
4.64,1,528,2,0.86,2,0.6,3
2.91,3,771,1,0.73,0,0.66,0
4.83,1,984,2,0.78,1,0.75,3
3.57,0,701,2,0.91,4,0.61,2
4.36,1,673,2,0.97,3,0.67,4
4.9,3,35,0,0.93,0,0.63,0
3.03,1,624,2,0.83,4,0.74,2
4.28,3,898,2,0.75,0,0.89,4
4.87,1,227,0,0.7,3,0.71,1
4.99,0,623,0,0.92,1,0.75,1
3.09,1,627,2,0.79,1,0.8,4
4.28,1,476,2,0.78,4,0.98,2
4.81,0,862,0,0.69,3,0.88,1
4.29,1,93,2,0.93,2,0.83,3
4.55,3,435,1,0.9,0,0.7,0
3.9,0,745,2,0.97,4,0.96,2
4.97,0,792,0,0.63,4,0.71,1
2.97,1,780,1,0.61,4,0.78,0
2.69,0,407,2,0.89,1,0.9,3
2.78,0,537,2,0.87,1,0.61,3
4.2,1,744,2,0.84,2,0.65,3
4.45,3,10,1,0.7,3,0.83,0
4.67,0,299,2,0.97,2,0.73,3
4.61,0,714,2,0.85,4,0.65,2
4.22,2,638,2,0.81,3,0.89,4
4.54,1,826,2,0.85,2,0.73,3
4.97,0,118,0,0.76,2,0.83,1
3.82,0,643,1,0.74,4,0.8,0
4.51,1,183,2,0.75,1,0.92,3
4.23,3,125,1,0.71,4,0.88,0
3.17,0,773,2,0.87,2,0.9,3
4.84,1,368,2,0.94,2,0.77,3
3.35,0,733,2,0.79,4,0.68,2
4.38,0,935,2,0.66,4,0.72,2
3.18,3,905,1,0.74,0,0.88,0
2.68,0,340,2,0.94,4,0.91,2
4.1,1,699,2,0.73,2,0.85,3
3.29,1,281,2,0.9,3,0.92,4
4.94,1,918,2,0.72,2,0.77,3
4.65,2,377,0,0.93,4,0.67,0
3.89,0,826,2,0.89,2,0.73,3
4.07,3,168,0,0.81,4,0.63,0
4.85,0,820,0,0.82,3,0.84,1
3.7,3,334,2,0.98,3,0.82,4
4.35,1,426,2,0.65,4,0.95,2
4.28,1,566,2,0.89,3,0.75,4
3.87,1,286,2,0.66,1,0.77,4
4.87,0,886,0,0.77,2,0.87,1
3.23,2,977,2,0.95,3,0.69,4
4.97,0,709,0,0.91,2,0.97,1
4.94,1,463,2,0.6,1,0.62,3
4.91,0,484,0,0.83,1,0.92,1
4.23,3,715,2,0.75,0,0.87,4
4.67,1,633,2,0.8,1,0.61,3
4.95,0,265,0,0.81,2,0.89,1
2.74,0,801,2,0.78,2,0.76,3
4.96,0,481,0,0.93,2,0.81,1
3.9,1,443,2,0.89,4,0.99,2
4.68,1,63,1,0.75,2,0.88,0
4.75,1,312,2,0.75,2,0.69,3
4.76,1,955,2,0.77,4,0.67,2
3.62,1,699,2,0.94,4,0.92,2
3.34,1,481,2,0.97,3,0.72,4
4.83,0,523,0,0.74,4,0.72,1
4.87,1,691,0,0.66,2,0.81,1
4.19,0,885,2,0.99,4,0.93,2
4.81,0,732,0,0.86,2,0.64,1
4.09,3,374,2,0.95,3,0.83,4
3.88,1,516,2,0.76,0,0.66,0
4.81,0,358,0,0.65,3,0.6,1
3.59,0,519,2,0.86,4,0.67,2
4.13,1,13,2,0.82,2,0.93,3
4.67,3,884,2,0.8,3,0.84,4
2.88,1,761,2,0.81,2,0.65,4
3.61,0,796,2,0.64,2,0.81,3
3.56,0,573,2,0.72,4,0.81,2
3.67,1,188,2,0.97,4,0.89,2
4.31,2,281,2,0.63,2,0.66,4
3.88,0,719,1,0.89,1,0.65,0
2.56,1,745,2,0.7,1,0.69,4
4.45,0,773,2,0.86,2,0.74,3
4.63,0,925,2,0.77,1,0.97,3
4.4,1,869,2,0.88,2,0.63,3
4.11,1,238,2,0.92,1,0.63,3
4.72,0,13,2,0.78,1,0.76,3
2.99,2,586,1,0.95,4,0.68,0
2.72,1,756,2,0.92,2,0.94,4
4.6,1,418,2,0.8,2,0.83,3
3.11,1,386,2,0.67,0,0.94,0
3.3,0,945,2,0.68,4,0.86,2
4.48,1,479,2,0.85,0,0.61,0
4.33,0,222,2,0.68,4,0.64,2
4.17,1,825,2,0.62,1,0.85,3
3.98,2,767,2,0.9,3,0.95,4
4.32,1,901,2,0.68,1,0.73,3
4.99,1,1000,0,0.66,4,0.83,1
3.42,0,226,2,0.82,3,0.91,0
4.98,0,392,0,0.69,4,0.81,1
4.38,1,735,2,0.7,1,0.79,3
4.93,0,113,0,0.71,0,0.74,1
3.89,0,931,2,0.64,3,0.78,0
4.84,0,558,0,0.93,1,0.67,1
4.18,1,977,2,0.89,3,0.69,4
4.3,0,433,0,0.93,2,0.82,0
2.52,3,383,2,0.9,3,0.88,4
2.83,0,804,2,0.91,1,0.91,3
3.64,0,608,2,0.73,4,0.9,2
4.03,1,845,2,0.84,2,0.86,3
4.64,2,799,2,0.84,3,0.87,4
4.71,1,499,2,0.75,2,0.76,3
4.94,0,754,0,0.9,2,0.7,1
3.51,0,76,2,0.64,2,0.78,3
3.57,2,871,2,0.8,0,0.67,4
4.57,3,269,2,0.8,2,0.81,4
3.54,1,193,2,0.72,4,0.67,2
2.58,1,137,2,0.8,1,0.89,4
4.86,0,502,0,0.89,1,0.77,1
4.99,0,143,0,0.65,0,0.85,1
2.95,3,512,0,0.86,1,0.68,0
3.35,1,425,1,0.92,0,0.75,0
2.57,0,962,2,0.82,1,0.74,3
4.09,1,469,0,0.86,1,0.63,0
4.33,0,820,2,0.99,4,0.74,2
4.98,1,614,0,0.88,2,0.82,1
4.99,1,383,0,0.64,3,0.85,1
3.62,2,825,1,0.71,0,0.74,0
3.29,3,537,2,0.93,3,0.88,4
4.92,0,79,0,0.96,0,0.62,1
4.92,0,79,0,0.96,3,0.63,1
4.19,1,517,2,0.87,1,0.68,3
4.92,0,878,0,0.83,4,0.92,1
4.11,0,896,2,0.88,3,0.9,4
2.82,1,581,2,0.86,1,0.9,4
3.88,0,585,2,0.93,2,0.67,3
4.84,1,762,0,0.62,0,0.96,1
2.99,1,284,2,0.97,4,0.87,2
4.2,3,400,1,0.73,3,0.93,0
2.6,0,82,2,0.96,1,0.98,3
4.81,1,921,2,0.96,4,0.87,2
3.32,1,682,2,0.91,4,0.68,2
4.94,1,730,0,0.95,2,0.89,1
4.32,0,630,2,0.84,1,0.71,3
4.0,2,208,1,0.6,0,0.78,0
4.57,3,102,1,0.88,1,0.87,0
4.39,3,621,2,0.9,2,0.98,4
4.73,0,726,2,0.62,4,0.99,2
4.03,0,580,2,0.7,4,0.61,2
4.12,3,214,1,0.64,1,0.67,0
3.77,0,512,2,0.83,1,0.75,3
4.53,0,37,2,0.99,4,0.95,2
4.26,1,359,2,0.73,4,0.85,2
4.46,0,508,2,0.7,4,0.84,2
4.28,0,221,2,0.66,0,0.71,0
4.66,1,759,2,0.71,1,0.72,3
