tree
version=v4
num_class=1
num_tree_per_iteration=1
label_index=0
max_feature_idx=7
objective=lambdarank
feature_names=rating recent_rating trip_completion successful_stops punctuality confirmed_complaints breakdown driver_absence
feature_infos=[0.042103274524809109:1] [0:1] [0.016314664192975004:1] [0.056618264742845981:1] [0:1] [0:1] [0.0082068535277342036:1] [0:1]
tree_sizes=1755 1755 1749 1752 1758 1758 1750 1758 1755 1756 1758 1755 1754 1761 1754 1756 1756 1765 1761 1762 1732 1754 1749 1754 1752 1760 1758 1763 1771 1754 1760 1753 1760 1756 1735 1762 1743 1734 1764 1763 1760 1766 1758 1736 1739 1764 1758 1755 1755 1721 1765 1716 1763 1764 1720 1731 1761 1768 1746 1740 1752 1767 1769 1766 1738 1722 1744 1754 1716 1760 1763 1721 1749 1747 1756

Tree=0
num_leaves=15
num_cat=0
split_feature=6 2 2 3 0 3 3 3 0 0 0 7 7 7
split_gain=2711.11 656.717 563.546 212.579 193.19 177.9 176.712 93.2198 73.5353 71.7287 71.0024 59.592 51.9903 48.3922
threshold=0.72759282884066301 0.74943549747990257 0.72354734373998109 0.72079856156150279 0.748554935869291 0.75318608196555992 0.72230092577200111 0.75774219871484061 0.73315412929215584 0.73315412929215584 0.78820710356991575 0.72799754646868509 0.70586559732817133 0.75377153989764301
decision_type=2 2 2 2 2 2 2 2 2 2 2 2 2 2
left_child=1 6 3 13 7 8 -1 -4 -3 -5 -8 -6 -7 -2
right_child=2 5 4 9 11 12 10 -9 -10 -11 -12 -13 -14 -15
leaf_value=-0.049400977648938867 -0.036072656696166348 -0.032865034185327623 -0.0016080524327424374 -0.0055963575224211729 0.024235468959651209 -0.0057652312669704501 -0.032390141794174647 0.025939317761343048 -0.0018365819793764908 0.022899367813434591 -0.0023580463086497337 0.042355403098848506 0.023734646871685822 -0.0085175274348320736
leaf_weight=791.00772438815329 135.88754832372069 146.86532374145463 175.26327128225239 122.50543831294635 217.96054062142503 71.243043192662299 232.85270416195272 289.13219587405911 132.72908001835458 216.45382609695662 105.08457677351544 870.73752073361538 197.4744856779871 105.91638550109928
leaf_count=14170 2628 3002 3720 2646 4072 1522 4703 5317 2689 4189 2202 13369 3768 2225
internal_value=0 -0.0285306 0.0224285 -0.00273339 0.0318525 -0.00153097 -0.0416044 0.0154973 -0.0183012 0.0125261 -0.0231744 0.0387808 0.01581 -0.0242111
internal_weight=3811.11 1677.26 2133.86 580.763 1553.09 548.312 1128.95 464.395 279.594 338.959 337.937 1088.7 268.718 241.804
internal_count=70222 32056 38166 11688 26478 10981 21075 9037 5691 6835 6905 17441 5290 4853
is_linear=0
shrinkage=0.03


Tree=1
num_leaves=15
num_cat=0
split_feature=2 1 4 4 4 3 1 7 1 0 2 0 7 0
split_gain=7596.37 2472.18 1287.58 956.213 728.654 429.476 398.724 391.18 371.186 281.79 264.334 157.774 146.168 125.177
threshold=0.72354734373998109 0.71829846539788689 0.77796443480222044 0.73152892161421679 0.7424912203709908 0.80560785740762653 0.78462035942153252 0.75198741155898141 0.76771376186690532 0.73949471470213368 0.89850315168827166 0.74391975903688945 0.80846319202486727 0.7594363604771579
decision_type=2 2 2 2 2 2 2 2 2 2 2 2 2 2
left_child=2 4 8 7 9 -5 11 -3 13 -2 -6 -4 -10 -1
right_child=1 3 6 5 10 -7 -8 -9 12 -11 -12 -13 -14 -15
leaf_value=-0.051153096601483948 -0.038360550777859145 -0.016347368098877515 -0.035798310622772236 0.016541448608864036 -0.0045723624568116128 0.032539306591432005 0.010806118553324919 0.0117480589286078 -0.034476284651072803 -0.012606633507311631 0.018332909568544123 -0.0090501700401292035 -0.0076233781847182495 -0.03592375859003006
leaf_weight=1965.9257767912932 687.76471301726997 614.41480945423245 373.49930088361725 2383.4957207720727 1307.4958524163812 4186.5357349775732 596.14372586226091 1615.5777565930039 441.64953111950308 874.03301397711039 692.06531142257154 432.46218439377844 317.20548680238426 683.13035337626934
leaf_count=12805 3705 3011 2755 7743 4972 10108 3328 4792 3023 3056 2067 2530 1994 4333
internal_value=0 0.012447 -0.0319837 0.0209821 -0.00863462 0.0267435 -0.00775177 0.00398981 -0.0419394 -0.0239843 0.00334555 -0.021512 -0.0233159 -0.0472522
internal_weight=17171.4 12361.4 4810.02 8800.02 3561.36 6570.03 1402.11 2229.99 3407.91 1561.8 1999.56 805.961 758.855 2649.06
internal_count=70222 39454 30768 25654 13800 17851 8613 7803 22155 6761 7039 5285 5017 17138
is_linear=0
shrinkage=0.03


Tree=2
num_leaves=15
num_cat=0
split_feature=5 6 6 7 7 3 3 4 3 4 4 1 7 4
split_gain=6879.93 1901.75 1462.65 662.763 524.279 380.281 350.969 277.033 225.54 225.348 210.825 150.571 115.957 99.4662
threshold=0.7489812424087664 0.75783085350705859 0.7972906270063308 0.7930467408835199 0.73435530050671749 0.83947862907040349 0.82073451972840161 0.73315905674314874 0.76867452619251908 0.77630280756048509 0.83170914983796218 0.69569234915705913 0.74979843431596283 0.80343623126158181
decision_type=2 2 2 2 2 2 2 2 2 2 2 2 2 2
left_child=1 6 3 8 13 10 11 -6 -2 -5 -4 -1 -7 -3
right_child=2 4 5 9 7 12 -8 -9 -10 -11 -12 -13 -14 -15
leaf_value=-0.049470316387229457 -0.029112778148731422 -0.034181531286361498 0.0078382144063019171 -0.0019020210560973451 -0.01504800190638925 0.01968545688595106 -0.018826087893376704 0.011168735985911792 -0.0039461918104228885 0.018758826001882604 0.025275803282776042 -0.034776671406504103 0.034960773504362191 -0.011898265039030511
leaf_weight=1789.3421120401472 627.44638028694317 488.26632458949462 1226.9951916798018 744.25729621993378 507.82327263383195 553.85681146942079 604.25847709085792 1259.0809481977485 661.21421900670975 1300.0269985739142 1285.3393428511918 1016.951412900351 2692.0996803762391 295.82238199096173
leaf_count=13310 4543 3235 5425 4059 2793 1993 3462 4142 3537 4652 4027 7137 6516 1391
internal_value=0 -0.0250435 0.0164232 0.00059665 -0.0054345 0.0255768 -0.0396958 0.0036126 -0.0162361 0.011225 0.0167779 -0.0441706 0.0323705 -0.0258385
internal_weight=15052.8 5961.54 9091.24 3332.94 2550.99 5758.29 3410.55 1766.9 1288.66 2044.28 2512.33 2806.29 3245.96 784.089
internal_count=70222 35470 34752 16791 11561 17961 23909 6935 8080 8711 9452 20447 8509 4626
is_linear=0
shrinkage=0.03


Tree=3
num_leaves=15
num_cat=0
split_feature=5 6 0 6 2 2 2 6 1 1 0 0 1 0
split_gain=5693.64 1505.37 1248.42 591.342 394.902 383.558 335.118 262.789 201.961 199.868 185.978 134.429 102.237 84.524
threshold=0.75083317845447006 0.79076587517134767 0.78508132551287935 0.76254701555505522 0.75715033858472258 0.84711774862305256 0.84711774862305256 0.76713313822471962 0.75683062951626268 0.80251261344963931 0.83743615444236164 0.72851355774772786 0.79084500821748005 0.69362115427915649
decision_type=2 2 2 2 2 2 2 2 2 2 2 2 2 2
left_child=1 4 3 8 13 7 10 -4 -2 -5 -3 -6 -7 -1
right_child=2 6 5 9 11 12 -8 -9 -10 -11 -12 -13 -14 -15
leaf_value=-0.048892034495519598 -0.030686791038135486 -0.022270541155030483 -0.0009073409903982148 -0.00065793188793036232 -0.033645072544437056 0.023285479766019034 0.013682478300660437 0.020895873077888118 -0.0049636054696349996 0.017857266015755224 0.0040964516576173383 -0.011855187267256413 0.035306446392367456 -0.036697071171352937
leaf_weight=1382.8897174531594 547.8090228093788 699.56342919566669 675.96455918718129 967.96270175208338 470.24739446304739 1009.7428110940382 682.74938159249723 1855.7870189566165 557.41368735767901 1136.9598908601329 363.76144812069833 571.84711666451767 1871.0332811167464 891.05949533637613
leaf_count=11595 4278 4682 3970 4803 3544 3205 2738 6239 3249 3998 1791 3678 4748 7704
internal_value=0 -0.0252524 0.0148261 0 -0.0371215 0.0236159 -0.00268581 0.0150646 -0.0177568 0.00933241 -0.0132269 -0.0217395 0.0311129 -0.0441448
internal_weight=13684.8 5062.12 8622.67 3210.15 3316.04 5412.53 1746.07 2531.75 1105.22 2104.92 1063.32 1042.09 2880.78 2273.95
internal_count=70222 35732 34490 16328 26521 18162 9211 10209 7527 8801 6473 7222 7953 19299
is_linear=0
shrinkage=0.03


Tree=4
num_leaves=15
num_cat=0
split_feature=5 3 6 0 1 3 6 3 2 0 0 1 2 0
split_gain=4738.27 1318.66 970.207 542.452 435.755 273.344 255.961 233.964 183.668 176.495 139.242 132.232 103.193 54.6115
threshold=0.72685541390168551 0.74993329383835505 0.8039205653969127 0.75011797351557508 0.75981466032417588 0.69629921979874221 0.87906791567856712 0.74993329383835505 0.84711774862305256 0.68854695548346967 0.71131114709478915 0.68575392548429071 0.87549934288440412 0.84420791891245639
decision_type=2 2 2 2 2 2 2 2 2 2 2 2 2 2
left_child=2 4 5 8 10 -1 -5 13 -3 -6 -2 -7 -9 -4
right_child=1 3 7 6 9 11 -8 12 -10 -11 -12 -13 -14 -15
leaf_value=-0.044932922301622574 -0.035972605089259847 -0.0054635297266140562 -0.028657696848699579 0.017687083208759408 -0.018585235393469755 -0.03735843790806645 0.031479069634682853 -0.0026356421654986739 0.015131046763278401 0.010135813045010633 -0.013122514504674819 -0.016856924039058929 0.020535240037829462 -0.0048310639058447274
leaf_weight=1614.088373798877 378.49403025768697 860.09836417483166 304.66121852956712 2624.0709099266678 235.57945608359296 507.23325718846172 2284.2873418927193 458.0362990393769 709.28848218359053 1024.8831601794809 677.24180871155113 665.73700327798724 275.03132639452815 125.96551542170346
leaf_count=14755 3423 5274 2373 9967 1699 4712 6044 2753 2884 4745 4384 5438 1040 731
internal_value=0 0.0122606 -0.0272869 0.0192076 -0.00715534 -0.0368918 0.0241169 -0.00424524 0.00382885 0.00473361 -0.0213692 -0.0257723 0.00603284 -0.0217849
internal_weight=12744.7 8793.94 3950.75 6477.75 2316.2 2787.06 4908.36 1163.69 1569.39 1260.46 1055.74 1172.97 733.068 430.627
internal_count=70222 38420 31802 24169 14251 24905 16011 6897 8158 6444 7807 10150 3793 3104
is_linear=0
shrinkage=0.03


Tree=5
num_leaves=15
num_cat=0
split_feature=5 7 2 0 4 2 7 2 0 1 4 2 7 7
split_gain=3958.39 1206.7 711.91 472.112 437.969 283.966 211.997 205.989 203.757 190.572 104.368 103.491 92.1062 47.3384
threshold=0.71545209742637772 0.76735884991361936 0.78319544333913627 0.80946298234673197 0.80343623126158181 0.8098933445088109 0.77147821999816812 0.79102939274668216 0.73171601091353655 0.90198987942561915 0.77957830560460006 0.84530999922385452 0.73976063793487568 0.8798646719770028
decision_type=2 2 2 2 2 2 2 2 2 2 2 2 2 2
left_child=2 4 6 5 7 -3 -1 -2 13 -5 -8 -6 -10 -4
right_child=1 3 8 9 11 -7 10 -9 12 -11 -12 -13 -14 -15
leaf_value=-0.043175372420073549 -0.029459359178563373 -0.0044572180933415782 -0.031410597132478534 0.019911572217017361 -0.0021711348703484265 0.016282899480749589 -0.031589776098702123 -0.0053283095429187133 -0.014805438466212137 0.034574884059831605 -0.0071802509211161061 0.015701728231678341 0.0093518636907340431 -0.0079760046705041332
leaf_weight=1580.0464048944414 731.48299776855856 1023.8043414950371 277.46544833946973 2561.5736817605793 603.81800108216703 1407.5957581429975 467.52821547351778 570.20341451419517 198.29211496189237 1177.6940948609263 244.04692653287202 558.00172166340053 490.71015524771065 113.97217935044318
leaf_count=15499 6222 6801 2478 8999 3565 5870 4690 3415 1583 3254 2057 2128 2766 895
internal_value=0 0.0107651 -0.0275591 0.017852 -0.00697417 0.00753916 -0.0370242 -0.018924 -0.00744007 0.0245459 -0.023282 0.00639321 0.00234463 -0.0247015
internal_weight=12006.2 8634.17 3372.06 6170.67 2463.51 2431.4 2291.62 1301.69 1080.44 3739.27 711.575 1161.82 689.002 391.438
internal_count=70222 40254 29968 24924 15330 12671 22246 9637 7722 12253 6747 5693 4349 3373
is_linear=0
shrinkage=0.03


Tree=6
num_leaves=15
num_cat=0
split_feature=6 3 3 1 1 2 2 1 0 1 0 7 0 0
split_gain=3694.23 1096.28 655.119 403.799 344.316 324.075 229.407 144.001 132.977 120.475 103.865 77.5145 64.4641 60.9654
threshold=0.72106399479481686 0.74993329383835505 0.74678941747484828 0.8848795548132069 0.75981466032417588 0.81152766717389302 0.8543647465833053 0.75835109089251251 0.75633264596010574 0.76920451565416048 0.74103214841616027 0.78169605111121443 0.68194590652288267 0.83743615444236164
decision_type=2 2 2 2 2 2 2 2 2 2 2 2 2 2
left_child=2 4 7 5 10 -3 9 -1 -6 -4 -2 -5 -9 -8
right_child=1 3 6 11 8 -7 13 12 -10 -11 -12 -13 -14 -15
leaf_value=-0.041949552925775103 -0.032460328255472445 0.0010879820284320362 -0.028122996407619439 0.01716117284337797 -0.011655259219759552 0.018850663374708025 -0.003031759195824366 -0.037217977123350024 0.010275539691138107 -0.0061099312323308706 -0.012150625044487063 0.031544415590187863 -0.014545318494046673 0.01861068267513467
leaf_weight=1497.3861193323974 411.04434625990689 1514.4523511981824 547.56163498666137 445.63093538815156 361.56999940285459 2387.3229919830337 259.32679566554725 184.49335569771938 788.2372787091881 385.85325909545645 523.57724227476865 1603.3244848325849 312.81255836831406 209.49785082787275
leaf_count=15616 4247 8919 5230 2000 2855 8763 1587 1927 3742 2989 3905 4783 2745 914
internal_value=0 0.0110883 -0.026224 0.0176474 -0.00762195 0.0119659 -0.0104705 -0.0372727 0.00334895 -0.0190717 -0.02114 0.0284407 -0.0230746 0.0065945
internal_weight=11432.1 8035.16 3396.93 5950.73 2084.43 3901.78 1402.24 1994.69 1149.81 933.415 934.622 2048.96 497.306 468.825
internal_count=70222 39214 31008 24465 14749 17682 10720 20288 6597 8219 8152 6783 4672 2501
is_linear=0
shrinkage=0.03


Tree=7
num_leaves=15
num_cat=0
split_feature=6 5 5 3 7 7 3 1 1 1 3 7 4 7
split_gain=3161.87 997.28 728.451 515.562 261.579 239.263 182.152 155.769 119.647 102.915 95.7392 80.6146 78.8837 53.4303
threshold=0.72759282884066301 0.81173964797030984 0.78534499142560388 0.82905734129464814 0.79503938698929455 0.88186421921932368 0.82748581773602614 0.75981466032417588 0.8848795548132069 0.8692742382501587 0.82748581773602614 0.76322719446050125 0.87777900283936716 0.81818020098721889
decision_type=2 2 2 2 2 2 2 2 2 2 2 2 2 2
left_child=2 3 6 5 10 -2 11 13 -6 -5 -3 -1 -9 -4
right_child=1 4 7 9 8 -7 -8 12 -10 -11 -12 -13 -14 -15
leaf_value=-0.042290704380295217 -0.021883795353687382 -0.0012814426010976728 -0.026492498859117676 0.0050193499365769481 0.019528473029886643 0.0012789058818629547 -0.014524441719060215 -0.0017520421482842873 0.031437575430927726 0.021970791092787437 0.015502084471071985 -0.028289025285220197 0.021198357236626702 -0.0059736384170412408
leaf_weight=1305.1936534075066 1089.9585135064553 558.35698056127876 261.67531145503744 921.62671465147287 2003.6564177065156 631.06672165589407 355.81738467747346 429.17180962744169 1258.6540707806125 500.86907460726798 667.01348913321272 553.32946049119346 194.10955764260143 211.29753592517227
leaf_count=14488 9302 3452 2592 4980 7883 4058 3316 2904 3737 1918 2836 6114 931 1711
internal_value=0 0.0106219 -0.0244802 -0.00232739 0.0196978 -0.0133772 -0.0343802 -0.00444272 0.0241406 0.0110204 0.00783517 -0.0381556 0.00536989 -0.0174211
internal_weight=10941.8 7631.2 3310.59 3143.52 4487.68 1721.03 2214.34 1096.25 3262.31 1422.5 1225.37 1858.52 623.281 472.973
internal_count=70222 38166 32056 20258 17908 13360 23918 8138 11620 6898 6288 20602 3835 4303
is_linear=0
shrinkage=0.03


Tree=8
num_leaves=15
num_cat=0
split_feature=5 2 2 4 4 0 0 4 3 7 0 5 7 0
split_gain=2816.6 807.295 631.248 351.157 329.623 191.118 185.635 179.845 171.834 102.125 80.175 71.1627 67.8098 61.7711
threshold=0.72685541390168551 0.76607967055628368 0.78319544333913627 0.69624099825110985 0.83170914983796218 0.75633264596010574 0.79723263075359052 0.73639739754816058 0.78787677285227342 0.8798646719770028 0.74570404915588018 0.90941672842863952 0.76946023218660209 0.77927720829956992
decision_type=2 2 2 2 2 2 2 2 2 2 2 2 2 2
left_child=2 3 8 11 5 -3 -5 -4 13 -6 -9 -2 -10 -1
right_child=1 4 7 6 9 -7 -8 10 12 -11 -12 -13 -14 -15
leaf_value=-0.041492470109527335 -0.029532389649594155 -0.004622675354994811 -0.020796964084184681 -0.0096951498149394685 0.016976409054907847 0.013794194818609473 0.011133337142703037 -0.010861853863692206 -0.029142486778740519 0.028750073898825036 0.011694704840353374 -0.0027527217718637757 -0.0060577303320348387 -0.026400353067119606
leaf_weight=1255.2441288847476 494.11909961258061 708.92438756255433 405.68805598467588 671.13136760494672 1202.3950198255479 1758.5035051822197 899.21480229031295 204.94294346030802 228.9700545296073 1548.2603312544525 449.35177513211966 112.3090937291272 237.40437873802148 327.89911575336009
leaf_count=14745 4657 4786 3921 5733 4977 7587 4695 1852 2533 5121 2707 864 2199 3845
internal_value=0 0.0100735 -0.0239517 -0.00526132 0.016476 0.0084909 0.0022121 -0.00511608 -0.0336714 0.0236224 0.0045778 -0.0246349 -0.0174937 -0.0384042
internal_weight=10504.4 7394.86 3109.5 2176.77 5218.08 2467.43 1570.35 1059.98 2049.52 2750.66 654.295 606.428 466.374 1583.14
internal_count=70222 38420 31802 15949 22471 12373 10428 8480 23322 10098 4559 5521 4732 18590
is_linear=0
shrinkage=0.03


Tree=9
num_leaves=15
num_cat=0
split_feature=6 5 2 5 7 3 3 7 2 1 6 7 2 2
split_gain=2602.4 917.405 463.827 396.125 231.055 199.538 141.222 128.883 116.174 115.521 65.7293 61.2954 46.9189 32.7275
threshold=0.69768717240429212 0.8152164851301954 0.75574726743092413 0.78391104820879964 0.74607260954623211 0.82905734129464814 0.74993329383835505 0.80446866221430635 0.87166612718051362 0.73388774015920177 0.93077019745450695 0.7930467408835199 0.8543647465833053 0.64921723496558925
decision_type=2 2 2 2 2 2 2 2 2 2 2 2 2 2
left_child=3 2 7 9 10 -4 -6 -2 11 13 -3 -5 -11 -1
right_child=1 4 5 8 6 -7 -8 -9 -10 12 -12 -13 -14 -15
leaf_value=-0.043968717318056863 -0.028005802794732356 -0.001349182662056651 -0.0046753073393122598 -0.026809338285531257 0.0084684323513930706 0.014039600773099398 0.023892185948189013 -0.0077010683331062623 0.0083240583344326314 -0.02695987607433074 0.017338268572477923 -0.0064481190212139607 -0.0044626524535135012 -0.033432864325721699
leaf_weight=688.93013149523176 621.1166046585422 629.28378162067384 980.9362645028159 263.57673288974911 665.41270901123062 1068.5601024925709 2885.8452812870964 524.67902245046571 246.35059023927897 410.18465417763218 229.55752858519554 279.2004200075753 109.42389387078583 531.80651465826668
leaf_count=8450 6994 4043 7326 2805 3622 4918 10269 4604 1396 4901 1106 2264 973 6551
internal_value=0 0.00876734 -0.00346521 -0.0263539 0.0176359 0.00506967 0.0210138 -0.0187489 -0.00865801 -0.0343509 0.0036252 -0.016422 -0.0222975 -0.0394345
internal_weight=10134.9 7605.39 3195.29 2529.47 4410.1 2049.5 3551.26 1145.8 789.128 1740.35 858.841 542.777 519.609 1220.74
internal_count=70222 42882 23842 27340 19040 12244 13891 11598 6465 20875 5149 5069 5874 15001
is_linear=0
shrinkage=0.03


Tree=10
num_leaves=15
num_cat=0
split_feature=6 3 3 4 4 1 4 7 2 2 7 7 1 7
split_gain=2334.91 733.319 549.189 303.579 234.69 184.357 170.433 143.179 138.848 105.423 82.3951 71.8716 68.6101 33.8605
threshold=0.76415252105018494 0.74517427397604685 0.7967023995004815 0.82652190804835579 0.77957830560460006 0.8848795548132069 0.72125695515889354 0.73805339994850228 0.74051124686902303 0.85260813493511123 0.77379472689936413 0.78922572511601319 0.85861981631257922 0.71811024062793127
decision_type=2 2 2 2 2 2 2 2 2 2 2 2 2 2
left_child=1 6 3 7 9 8 -1 -2 -4 -3 -8 -5 -6 -7
right_child=2 4 5 11 12 13 10 -9 -10 -11 -12 -13 -14 -15
leaf_value=-0.03845380182390648 -0.025415391752121954 -0.02301416432716363 -0.0016782400319853112 -0.00053388012042393626 -0.00055740978908455012 0.014282165386863097 -0.029610591349924161 -0.0034072831280941539 0.016529979591600033 0.00023517673664402982 -0.0092204324028580045 0.017336157247622781 0.016333651699591882 0.028550497863135543
leaf_weight=1210.0482666182797 397.07644834090024 596.34433286823332 458.77329729893245 285.81789781432599 580.41191212600097 184.02954082842916 379.78134718025103 815.40618319809437 2034.5300987665541 244.9511518268846 348.31080153444782 668.07921908935532 341.03102653380483 1243.0046312334016
leaf_count=15258 4139 6618 3316 2040 4442 950 4785 5838 8518 1703 3515 3258 1761 4081
internal_value=0 -0.0187884 0.011425 -0.000684172 -0.00476091 0.0181227 -0.0315219 -0.0106545 0.0131683 -0.016217 -0.0199233 0.0119554 0.00567247 0.0267428
internal_weight=9787.6 3700.88 6086.72 2166.38 1762.74 3920.34 1938.14 1212.48 2493.3 841.295 728.092 953.897 921.443 1427.03
internal_count=70222 38082 32140 15275 14524 16865 23558 9977 11834 8321 8300 5298 6203 5031
is_linear=0
shrinkage=0.03


Tree=11
num_leaves=15
num_cat=0
split_feature=6 1 2 2 3 4 7 4 7 3 7 3 4 2
split_gain=2094.15 761.403 366.872 346.328 240.073 213.829 118.71 113.485 106.285 84.5188 57.7283 52.6705 49.2735 38.0888
threshold=0.69768717240429212 0.70225563385235523 0.84711774862305256 0.75574726743092413 0.8308258570811774 0.6946734119525102 0.73805339994850228 0.81005344883189279 0.88626181087317779 0.69104399328263566 0.84021364971871215 0.94331829913351484 0.81826427636291721 0.98231329354661956
decision_type=2 2 2 2 2 2 2 2 2 2 2 2 2 2
left_child=3 5 4 9 -3 11 -7 10 -4 -1 -5 -2 -11 -9
right_child=1 2 8 7 -6 6 -8 13 -10 12 -12 -13 -14 -15
leaf_value=-0.039867495284083829 -0.029696514887691133 -0.0036436445036176954 0.014353443378452969 -0.02653868861419276 0.014229631546657863 -0.018131634351928598 0.003084339223133694 -0.0014042312081557794 0.02616280665149805 -0.029586356250625744 -0.0055418559332802908 0.0052873089572051573 -0.0083925258448219499 0.023666105872966844
leaf_weight=864.89752564299852 441.11348916590214 1329.6276950079482 1260.1038152906112 322.33375113736838 1370.7262124561239 329.57333448482677 836.12265109550208 286.04427923308685 1562.3245055777952 442.92511903820559 192.84663662593812 40.580563143827021 133.77048432873562 65.88211540132761
leaf_count=11726 4814 10607 6015 3792 6922 3226 5345 2381 5662 5763 1849 291 1496 333
internal_value=0 0.00800172 0.0133428 -0.0248438 0.00541981 -0.00988313 -0.00289867 -0.0097976 0.020908 -0.0338601 -0.0187631 -0.0266823 -0.0247452 0.0032578
internal_weight=9478.87 7170.17 5522.78 2308.7 2700.35 1647.39 1165.7 867.107 2822.43 1441.59 515.18 481.694 576.696 351.926
internal_count=70222 42882 29206 27340 17529 13676 8571 8355 11677 18985 5641 5105 7259 2714
is_linear=0
shrinkage=0.03


Tree=12
num_leaves=15
num_cat=0
split_feature=5 6 0 6 0 4 1 0 4 6 4 1 4 1
split_gain=2038.51 617.789 523.267 238.378 230.117 181.876 152.906 117.189 102.705 100.175 62.617 62.5905 60.3788 53.1504
threshold=0.75710896996087096 0.82545322829707435 0.748554935869291 0.87906791567856712 0.75782230755948687 0.80819560629573106 0.80567260222970793 0.74570404915588018 0.76382426300064032 0.87096973548084078 0.80182790368658974 0.68575392548429071 0.81498200000608134 0.70549552115140224
decision_type=2 2 2 2 2 2 2 2 2 2 2 2 2 2
left_child=1 4 5 6 11 9 -4 -3 -6 -2 -9 -1 -5 -7
right_child=2 7 3 12 8 13 -8 10 -10 -11 -12 -13 -14 -15
leaf_value=-0.039479853422766498 -0.020534742027879676 -0.014028833018819098 0.0013807921743422549 0.016858436445084734 -0.024135229070561277 -0.0094570063167226711 0.016544815864632575 -0.0020135247266698706 -0.00251432483239527 0.0028930844238641285 0.016581168884953253 -0.026652764562158166 0.028091518921746581 0.0099360358652535782
leaf_weight=899.52707254327834 590.84726100531407 308.48968949960545 1103.0656928257085 715.42784425942227 440.19087933388073 156.37526831589639 1319.8667592192069 287.9119532960467 364.91212181840092 224.11527183454018 366.43142322450876 604.51132575888187 1184.2446011044085 639.07982017798349
leaf_count=12456 6050 3009 7521 3157 5655 1370 6100 2328 3625 1561 1995 7712 4168 3515
internal_value=0 -0.0190073 0.0104837 0.0159222 -0.0274223 -0.00409614 0.00965703 0.00115054 -0.0143881 -0.0140597 0.00836311 -0.0343654 0.023888 0.00607888
internal_weight=9205 3271.97 5933.02 4322.6 2309.14 1610.42 2422.93 962.833 805.103 814.963 654.343 1504.04 1899.67 795.455
internal_count=70222 36780 33442 20946 29448 12496 13621 7332 9280 7611 4323 20168 7325 4885
is_linear=0
shrinkage=0.03


Tree=13
num_leaves=15
num_cat=0
split_feature=5 6 3 7 7 1 7 1 4 7 4 1 1 1
split_gain=1836.16 647.322 331.888 316.346 175.479 141.628 121.187 102.937 98.7243 87.2521 65.984 46.1334 43.0308 34.5861
threshold=0.70070222909858459 0.81040110923112041 0.7967023995004815 0.77987054446691673 0.76735884991361936 0.74747128233400895 0.85924247206103088 0.90198987942561915 0.76807163672592893 0.72799754646868509 0.83692065957555395 0.63989326612078956 0.73388774015920177 0.67242850133711152
decision_type=2 2 2 2 2 2 2 2 2 2 2 2 2 2
left_child=2 3 6 8 10 -5 13 -6 -2 -4 -3 -8 -11 -1
right_child=1 4 9 5 7 -7 11 -9 -10 12 -12 -13 -14 -15
leaf_value=-0.039763950390393717 -0.025694475027434764 -0.003779126078499802 -0.021582735777070705 -0.0077706789945098638 0.015114813228499358 0.010346319541226067 -0.032684653953783352 0.026960745424470002 -0.0067437410083305239 -0.010815699380664092 0.012157601310686703 -0.0072084700999358025 0.0088392437880739413 -0.029048086161988288
leaf_weight=737.15193823026493 531.51837967918254 471.89709432149539 206.92374285822734 579.83217618253548 2067.7594257388264 1164.2061045807786 90.519882574211806 991.83462153933942 473.78051960794255 152.08233249862678 458.01744768954813 231.04999460442923 286.97411911934614 505.87690725410357
leaf_count=10621 6724 3626 2458 5346 9788 6822 1284 3611 4391 1643 2304 2633 2052 6919
internal_value=0 0.00778318 -0.0237195 -0.00340774 0.0155018 0.00430485 -0.0311891 0.0189723 -0.0168087 -0.00556088 0.00404271 -0.014552 0.0019538 -0.0354539
internal_weight=8949.42 6738.85 2210.58 2749.34 3989.51 1744.04 1564.6 3059.59 1005.3 645.98 929.915 321.57 439.056 1243.03
internal_count=70222 42612 27610 23283 19329 12168 21457 13399 11115 6153 5930 3917 3695 17540
is_linear=0
shrinkage=0.03


Tree=14
num_leaves=15
num_cat=0
split_feature=5 0 0 4 7 4 6 1 1 4 1 7 1 7
split_gain=1680.86 684.586 366.695 246.089 151.427 149.938 132.509 111.655 84.856 79.6596 62.135 56.3431 47.6531 41.8575
threshold=0.79003037504484663 0.74103214841616027 0.78647623620608509 0.71967862164505514 0.73200340622436044 0.73950810883678464 0.88561144400121605 0.72451868395521657 0.80567260222970793 0.84237981474788881 0.65454851872423769 0.8736332243963969 0.89190637888899327 0.74979843431596283
decision_type=2 2 2 2 2 2 2 2 2 2 2 2 2 2
left_child=1 5 4 10 12 -1 8 -5 -4 -6 -3 -7 -2 -8
right_child=2 3 6 7 9 11 13 -9 -10 -11 -12 -13 -14 -15
leaf_value=-0.034879907347140471 -0.020048822091849359 -0.031647816543937668 0.0046906536345445405 -0.0089527706266823142 -0.0013009035057711966 -0.022959711826436913 0.012648420346570374 0.010155749994158846 0.017926274234814348 0.013470713650902934 -0.011415790179045341 -0.0042754413628856829 0.0047244870975622329 0.026961356659719705
leaf_weight=1148.2079551316565 340.87111473141704 206.31050785072148 779.9827679391019 385.63345335703343 704.45550612756051 453.19458681694232 232.12422729469836 945.61765940533951 1011.8523181397468 609.18168377829716 430.65832301822957 220.67421554843895 85.102492330595851 1156.3416737746447
leaf_count=16387 3684 2887 5171 4031 5334 5788 1161 6317 4622 3116 4736 2136 656 4196
internal_value=0 -0.0150125 0.0115663 -0.00272518 0.000473702 -0.02826 0.0176224 0.00459536 0.0121874 0.00553145 -0.0180552 -0.016901 -0.0150298 0.0246009
internal_weight=8710.21 3790.3 4919.91 1968.22 1739.61 1822.08 3180.3 1331.25 1791.84 1313.64 636.969 673.869 425.974 1388.47
internal_count=70222 42282 27940 17971 12790 24311 15150 10348 9793 8450 7623 7924 4340 5357
is_linear=0
shrinkage=0.03


Tree=15
num_leaves=15
num_cat=0
split_feature=3 2 0 2 5 0 0 6 2 6 5 5 1 5
split_gain=1645.63 494.739 466.816 207.26 183.862 145.29 128.858 116.427 95.5744 84.4369 66.7991 54.9429 49.8974 37.2746
threshold=0.74993329383835505 0.77516148323517575 0.75011797351557508 0.8364037384248485 0.85461819016468488 0.81919270699448754 0.85128045950194464 0.82382389979855397 0.71122750609614882 0.90109549583478998 0.9501470220930498 0.84012169759648658 0.75981466032417588 0.87833719005678701
decision_type=2 2 2 2 2 2 2 2 2 2 2 2 2 2
left_child=1 5 4 7 8 11 9 -4 -2 -3 -5 -1 -7 -8
right_child=2 6 3 10 -6 12 13 -9 -10 -11 -12 -13 -14 -15
leaf_value=-0.035155307358784485 -0.026444151304996895 -0.015945441772540654 -0.0013718709335052326 0.018122511414155964 0.0089363708812696761 -0.022400863082783135 0.0026793847945288905 0.014120703955322368 -0.0059382173182838749 0.0077284043836167186 0.030240456614528868 -0.016370219570517947 -0.00059376653537200922 0.020870020128256821
leaf_weight=1194.6974787747022 299.68520539900055 603.14665871032048 762.54657827690244 1638.7559842057526 582.96110118483193 194.4292266939301 270.60305488831364 1009.6024703383446 660.19977685878985 172.27500623138621 565.72143021039665 168.90946371480823 188.46678678621538 165.99766419548541
leaf_count=18178 4012 6720 6664 7517 3768 2587 2111 5021 5833 1203 2165 1934 1671 838
internal_value=0 -0.0180496 0.00967637 0.0151114 -0.0043134 -0.0282671 -0.00329035 0.0074404 -0.0123924 -0.010644 0.0212582 -0.0328641 -0.0117748 0.00969599
internal_weight=8478 2958.53 5519.47 3976.63 1542.85 1746.5 1212.02 1772.15 959.885 775.422 2204.48 1363.61 382.896 436.601
internal_count=70222 35242 34980 21367 13613 24370 10872 11685 9845 7923 9682 20112 4258 2949
is_linear=0
shrinkage=0.03


Tree=16
num_leaves=15
num_cat=0
split_feature=2 6 6 7 0 6 1 4 1 4 0 0 2 1
split_gain=1500.35 483.207 360.963 229.812 157.53 138.514 119.199 106.734 90.5381 64.5038 47.2562 43.1476 32.9323 26.0598
threshold=0.7188646306270462 0.79076587517134767 0.80557046267467813 0.88867189392654511 0.93582915839741865 0.94888282379202271 0.66555221101651896 0.72125695515889354 0.84293125392874846 0.88398802686349376 0.71759039679382253 0.78820710356991575 0.90092991772657938 0.78003940952747042
decision_type=2 2 2 2 2 2 2 2 2 2 2 2 2 2
left_child=2 3 7 6 5 -3 -2 13 11 -5 -9 -4 -6 -1
right_child=1 4 8 9 12 -7 -8 10 -10 -11 -12 -13 -14 -15
leaf_value=-0.036933567350031039 -0.027006259083574222 0.0061474260613760441 -0.020130987735738425 0.0024526612421366212 0.019434720345989084 0.020200771484972267 -0.0060872604679007535 -0.027965980927237597 0.010964312558391557 0.020025055294591518 -0.010986965425317654 -0.001681614181595368 0.030910318981745438 -0.022978834570679188
leaf_weight=812.43909728119615 340.43342287233099 1941.1842144802213 230.22332044638461 572.45990874129348 520.80837232549675 942.60759143112227 893.40683377417736 270.80110859731212 266.0621839473024 282.77964732190594 346.73669217724819 233.21694073779508 446.86076566018164 164.11745768366382
leaf_count=12916 4647 11892 2784 4684 2341 4522 8886 4181 1718 1525 4182 1880 1743 2321
internal_value=0 0.0079945 -0.0204335 -0.00361045 0.0142963 0.0107568 -0.0119006 -0.0284304 -0.00290275 0.0083145 -0.0185142 -0.0109349 0.0247915 -0.034645
internal_weight=8264.14 5940.54 2323.6 2089.08 3851.46 2883.79 1233.84 1594.09 729.502 855.24 617.538 463.44 967.669 976.557
internal_count=70222 40240 29982 19742 20498 16414 13533 23600 6382 6209 8363 4664 4084 15237
is_linear=0
shrinkage=0.03


Tree=17
num_leaves=15
num_cat=0
split_feature=3 1 5 1 5 4 7 7 7 4 4 5 6 5
split_gain=1404.59 428.922 397.772 201.622 142.046 117.841 114.433 85.0793 84.3722 66.364 64.9184 49.4259 46.8308 28.4973
threshold=0.74993329383835505 0.75981466032417588 0.81681250580611764 0.72773970933351262 0.87410479182596601 0.74400198087777858 0.79503938698929455 0.81818020098721889 0.73200340622436044 0.96054849381447549 0.68318206192545594 0.95684338736625207 0.76870367659347427 0.65420912237410944
decision_type=2 2 2 2 2 2 2 2 2 2 2 2 2 2
left_child=1 5 3 10 7 13 11 -3 -5 -8 -2 -4 -7 -1
right_child=2 4 6 8 -6 12 9 -9 -10 -11 -12 -13 -14 -15
leaf_value=-0.037892970989184753 -0.027676342604982408 -0.020126385019197598 0.0014240677745582173 -0.0077708058377863277 0.012308363478535639 -0.024367156563546322 0.016706583497890629 -0.00061995415367485564 0.0095114343472457244 0.029411165742753344 -0.0078141534892519592 0.017103516361953494 -0.0070418075896577573 -0.027351326417190503
leaf_weight=578.017354579526 214.78908147464972 400.73391564679332 579.25688692461699 325.82429900160059 359.16073569830041 301.81719906697981 1810.3760632604826 409.92524118116125 1123.3133783040103 479.2029595579952 498.50370811321773 265.58344408730045 275.41645798040554 466.49455915042199
leaf_count=9585 3041 5208 4069 3346 2331 4604 8651 3752 7222 1899 5192 1560 2725 7037
internal_value=0 -0.0172171 0.00907534 -0.000809504 -0.00333716 -0.0272024 0.0159025 -0.0103125 0.00560233 0.0193904 -0.0138675 0.00640291 -0.016179 -0.0332443
internal_weight=8088.42 2791.57 5296.85 2162.43 1169.82 1621.75 3134.42 810.659 1449.14 2289.58 713.293 844.84 577.234 1044.51
internal_count=70222 35242 34980 18801 11291 23951 16179 8960 10568 10550 8233 5629 7329 16622
is_linear=0
shrinkage=0.03


Tree=18
num_leaves=15
num_cat=0
split_feature=6 0 2 5 5 1 0 2 5 1 3 1 5 1
split_gain=1314.41 462.018 261.969 223.3 164.372 160.64 97.4938 78.7348 66.393 43.4976 42.2533 40.2181 39.5645 38.2411
threshold=0.70940478059273282 0.73171601091353655 0.76322740468519645 0.89532143858387137 0.84525575498913164 0.76611416253375053 0.80946298234673197 0.79403772893423685 0.67439891151895093 0.88244816982674046 0.94331829913351484 0.75981466032417588 0.81681250580611764 0.74271282799450444
decision_type=2 2 2 2 2 2 2 2 2 2 2 2 2 2
left_child=2 4 8 5 7 -3 11 -2 -1 -6 -5 -4 -8 -10
right_child=1 3 6 10 9 -7 12 -9 13 -11 -12 -13 -14 -15
leaf_value=-0.035530641799147812 -0.023739960580180696 -0.0028656098900883757 -0.024978462467614565 0.017712966108521418 -0.00078393381929626864 0.012192564773532618 -0.0055771489297432031 -0.005514625064381367 -0.027991050709330133 0.016757511772771187 0.02868661381964583 -0.0068645375278912407 0.014931151205729899 -0.011668350099598573
leaf_weight=694.65900385694113 485.00940582214389 989.78831034339964 231.04292051377706 1203.0157180195674 375.51050675846636 1775.1964351253118 159.42122231144458 390.69515072414652 327.63139960262924 189.09750819462352 453.01300329295918 223.31677055964246 175.30159109295346 230.07859239762183
leaf_count=12065 6837 8684 3452 5852 2957 10185 1770 3662 5333 1030 1841 2316 1181 3057
internal_value=0 0.00722076 -0.0207253 0.0120303 -0.00751918 0.00679222 -0.00712358 -0.0156585 -0.0292589 0.00505722 0.0207485 -0.016176 0.00508661 -0.0213439
internal_weight=7902.78 5861.33 2041.45 4421.01 1440.31 2764.98 789.083 875.705 1252.37 564.608 1656.03 454.36 334.723 557.71
internal_count=70222 41048 29174 26562 14486 18869 8719 10499 20455 3987 7693 5768 2951 8390
is_linear=0
shrinkage=0.03


Tree=19
num_leaves=15
num_cat=0
split_feature=2 6 6 4 7 0 0 0 2 7 0 4 1 0
split_gain=1218.73 412.137 290.144 272.783 122.248 119.043 103.004 87.2838 72.7741 66.6003 62.0032 32.9674 25.7801 17.7857
threshold=0.7188646306270462 0.8597632248423982 0.82382389979855397 0.77133576453596786 0.75945852473546915 0.86031948060804819 0.67493018904290858 0.66810850014520662 0.89850315168827166 0.78729896299093283 0.81596137903171906 0.77470840680646547 0.83539196299802587 0.5360116248622947
decision_type=2 2 2 2 2 2 2 2 2 2 2 2 2 2
left_child=2 3 6 4 -2 -5 -1 13 -9 -8 11 -4 -12 -3
right_child=1 7 10 5 -6 -7 9 8 -10 -11 12 -13 -14 -15
leaf_value=-0.034702370164145339 -0.022642434889119 -0.01969328764142967 -0.021687928470729374 0.0010767613070703378 -0.0033352096196419914 0.016806110845798191 -0.026355326404738023 0.013232158579237195 0.024084628146084357 -0.0088989868812846679 -0.00036230640555348875 -0.0017195065377523888 0.016861051503738924 0.0026155021925528283
leaf_weight=706.95340382657014 482.79682470439002 36.99853958375752 144.56751085404539 1086.5133940975647 769.57322114822455 724.12254655989818 467.12767138076015 1272.6852199421264 1024.5075667444617 353.04877293435857 161.09998430870473 159.90469231782481 145.11975216958672 204.44727243902162
leaf_count=12255 6787 331 1933 8854 7194 4157 7749 6806 4578 4466 1307 1517 755 1533
internal_value=0 0.00735451 -0.0192652 -4.46732e-05 -0.0108143 0.00738972 -0.0262517 0.0162904 0.0180936 -0.0188977 -0.00173082 -0.011339 0.00773063 -0.000746428
internal_weight=7739.47 5601.64 2137.82 3063.01 1252.37 1810.64 1527.13 2538.64 2297.19 820.176 610.692 304.472 306.22 241.446
internal_count=70222 40240 29982 26992 13981 13011 24470 13248 11384 12215 5512 3450 2062 1864
is_linear=0
shrinkage=0.03


Tree=20
num_leaves=15
num_cat=0
split_feature=5 6 1 7 4 5 7 0 0 1 6 1 4 5
split_gain=1165.65 448.693 212.376 161.437 153.839 96.3961 89.0278 81.7983 72.7506 71.8084 39.0152 27.475 16.4252 15.7684
threshold=0.67439891151895093 0.79076587517134767 0.74895489701072437 0.74607260954623211 0.81162608051966589 0.95343188408239887 0.73805339994850228 0.74247236201659061 0.81107557840061573 0.93230868933565603 0.8652312792069593 0.67242850133711152 0.91726070314140207 0.61007661375313116
decision_type=2 2 2 2 2 2 2 2 2 2 2 2 2 2
left_child=3 2 8 11 6 -4 -3 12 -2 -6 -9 -1 -5 -13
right_child=1 4 5 7 9 -7 -8 10 -10 -11 -12 13 -14 -15
leaf_value=-0.03662142501424262 -0.022613592650222839 -0.008573178186773377 -0.0011676791809645674 -0.025803833776212082 0.0140281932123 0.019541877431159756 0.0086117891739407194 -0.0099065307913031916 -0.0047745291984843969 0.026621104826007783 0.010309328888718695 -0.030518193707938457 0 -0.016748201538138503
leaf_weight=505.5777178206481 570.12627378327306 342.58040415501455 1021.1821846384555 280.06032000342384 1715.7590619307011 250.58808387606405 1268.3332569736522 242.86101491446607 330.10754257650115 547.76868243748322 130.73401920404285 212.79071082710288 22.809242982068099 143.10451081534848
leaf_count=9134 8923 3434 9578 4583 9107 1575 7864 3036 3678 2392 901 3498 299 2220
internal_value=0 0.00593215 -0.00497154 -0.0233111 0.0120522 0.00290148 0.00493553 -0.0122438 -0.016118 0.0170993 -0.00274357 -0.0319426 -0.0238162 -0.0251278
internal_weight=7584.38 6046.45 2172 1537.94 3874.44 1271.77 1610.91 676.465 900.234 2263.53 373.595 861.473 302.87 355.895
internal_count=70222 46551 23754 23671 22797 11153 11298 8819 12601 11499 3937 14852 4882 5718
is_linear=0
shrinkage=0.03


Tree=21
num_leaves=15
num_cat=0
split_feature=3 1 2 1 2 2 5 5 5 1 4 1 4 4
split_gain=1131.8 337.089 315.237 185.546 108.458 93.585 90.9381 81.7592 65.9108 52.467 45.3041 27.0348 26.8973 21.9212
threshold=0.74993329383835505 0.75981466032417588 0.838285075540665 0.81765540607365239 0.8601035016766313 0.77516148323517575 0.91194822179383694 0.89532143858387137 0.84525575498913164 0.88717614244609022 0.85524967502195326 0.59497351276954025 0.7058007062821251 0.95296799315271719
decision_type=2 2 2 2 2 2 2 2 2 2 2 2 2 2
left_child=1 5 3 6 8 12 -2 9 -3 -4 -5 -7 -1 -9
right_child=2 4 7 10 -6 11 -8 13 -10 -11 -12 -13 -14 -15
leaf_value=-0.034754686825291037 -0.011390311732891201 -0.016929430372490062 0.0072764849916696463 0.0041711859848374859 0.0091422325539442725 -0.026548898508248334 0.0078477469541698743 0.01975327590449262 0.0023418800928491296 0.019177841808954956 0.016665536962305615 -0.0094364203396684575 -0.02397891117324177 0.030534231185829021
leaf_weight=635.25725715490989 1003.1773373436299 482.29870746214874 1006.8899126071483 599.71501043136232 383.02761188824661 117.09067991282791 280.91180791170336 776.17580236680806 234.43983239633963 509.94915671180934 474.86352726025507 324.30542283016257 365.65031917230226 242.79728915635496
leaf_count=12002 11877 6586 6601 4685 2785 1664 2022 3656 1920 2508 2604 4052 6233 1027
internal_value=0 -0.0162361 0.00843419 0.000525792 -0.0036881 -0.025774 -0.00715555 0.0157752 -0.0105897 0.0113074 0.00973078 -0.0140935 -0.0308759 0.022379
internal_weight=7436.55 2542.07 4894.48 2358.67 1099.77 1442.3 1284.09 2535.81 716.739 1516.84 1074.58 441.396 1000.91 1018.97
internal_count=70222 35242 34980 21188 11291 23951 13899 13792 8506 9109 7289 5716 18235 4683
is_linear=0
shrinkage=0.03


Tree=22
num_leaves=15
num_cat=0
split_feature=3 0 6 7 4 2 2 6 7 2 4 7 7 0
split_gain=1040.71 426.151 185.871 173.33 153.689 91.7992 83.7829 76.4225 61.0737 49.161 45.7787 31.223 23.3021 18.4284
threshold=0.68790527185014605 0.748554935869291 0.7225964600823519 0.79684499720299795 0.73950810883678464 0.88169707135694997 0.8601035016766313 0.84683013905017834 0.89831748921869348 0.8601035016766313 0.94930524331318888 0.6774397630936565 0.82032153018439791 0.71289503911369612
decision_type=2 2 2 2 2 2 2 2 2 2 2 2 2 2
left_child=2 4 11 7 9 -5 10 -3 -6 -2 -4 -1 -8 -13
right_child=1 3 6 5 8 -7 12 -9 -10 -11 -12 13 -14 -15
leaf_value=-0.035976764063302261 -0.02326991200726242 -0.0053310610406415906 -0.019660696245153129 0.010692765815348348 -0.0059608694004389517 0.021728836290496194 -0.0072231533697064733 0.0097751520750919228 0.0087946494496674889 -0.0027585741682476985 0.010832784136250597 -0.030288547991958244 0.011972084755815968 -0.01621383637418216
leaf_weight=482.05952669295948 473.07271127402782 633.39124273415655 488.11416377755813 1601.6691042750608 592.65346520196181 1204.227044345811 90.639498811680824 571.54455822799355 438.00716668157838 139.94257094734348 46.776062661316246 200.85108766914345 144.58866551192477 174.23751162097324
leaf_count=9264 7559 6996 6718 10292 6433 5696 896 3552 3294 1415 397 3855 976 2879
internal_value=0 0.00608463 -0.0211339 0.0113589 -0.0067662 0.0154459 -0.0103586 0.00181165 0.000283255 -0.0186484 -0.0169228 -0.0307569 0.0044494 -0.0238908
internal_weight=7281.77 5654.51 1627.27 4010.83 1643.68 2805.9 770.118 1204.94 1030.66 613.015 534.89 857.148 235.228 375.089
internal_count=70222 45237 24985 26536 18701 15988 8987 10548 9727 8974 7115 15998 1872 6734
is_linear=0
shrinkage=0.03


Tree=23
num_leaves=15
num_cat=0
split_feature=6 3 2 2 0 0 1 3 7 0 7 2 0 2
split_gain=981.631 375.367 213.946 168.533 113.377 110.237 84.9497 66.5776 52.8569 42.7775 32.0093 30.6689 20.708 17.8675
threshold=0.69116712858066842 0.81581089151967767 0.85260813493511123 0.74195643522164734 0.8695522602525021 0.69185498869787521 0.93230868933565603 0.85613577546412467 0.8259102051913757 0.81596137903171906 0.65488240498923245 0.9128163435678075 0.92733249074000323 0.87166612718051362
decision_type=2 2 2 2 2 2 2 2 2 2 2 2 2 2
left_child=3 2 5 10 6 -2 -3 9 -4 -5 -1 -6 -12 -9
right_child=1 4 8 7 11 -7 -8 13 -10 -11 12 -13 -14 -15
leaf_value=-0.034897812742097155 -0.023245075178439822 0.0044015982539657959 -0.0010392666195718928 -0.021789706957695418 0.016040541942355494 -0.0048996971547581305 0.020043386159038938 -0.004002239878490535 0.013543722297270432 -0.0026759120788355782 -0.024785791280537504 0.025884249086163005 0.0014949931511411771 0.013761648052076084
leaf_weight=465.75505588110536 409.48291655117646 1400.0753872317728 348.246404184727 320.1497480138205 846.28703129803762 1071.5971670058789 404.84006003965624 95.516096864826977 606.01054610125721 162.98241194454022 417.09635383135173 465.63194608408958 26.438292721286416 103.02432149043307
leaf_count=9251 6540 10333 3081 5027 4624 11508 2096 1078 3654 1843 7866 2094 430 797
internal_value=0 0.00595369 -0.00286039 -0.020768 0.0128489 -0.0100043 0.0079358 -0.00940611 0.00819489 -0.0154226 -0.0292331 0.0195742 -0.0231519 0.00508802
internal_weight=7143.13 5552.17 2435.34 1590.96 3116.83 1481.08 1804.92 681.673 954.257 483.132 909.29 1311.92 443.535 198.54
internal_count=70222 43930 24783 26292 19147 18048 12429 8745 6735 6870 17547 6718 8296 1875
is_linear=0
shrinkage=0.03


Tree=24
num_leaves=15
num_cat=0
split_feature=5 1 0 1 6 3 3 2 2 2 2 0 2 0
split_gain=943.231 339.71 185.863 178.066 119.316 98.5719 88.6303 63.1133 58.2128 35.084 27.7936 27.309 21.3912 15.5718
threshold=0.69911067717564712 0.69044797360166743 0.83743615444236164 0.68107781826602265 0.95505687325466382 0.85613577546412467 0.7967023995004815 0.90588014673751138 0.94519733339327994 0.94519733339327994 0.88367877043035414 0.66810850014520662 0.60527650143089884 0.67847161122178068
decision_type=2 2 2 2 2 2 2 2 2 2 2 2 2 2
left_child=3 5 4 12 -3 8 9 -4 -2 -5 -8 -7 -1 -14
right_child=1 2 7 6 -6 11 10 -9 -10 -11 -12 -13 13 -15
leaf_value=-0.037067892183426154 -0.018718343429016977 0.00024847788990732837 0.012188790498570225 -0.021034755653408042 0.0182662644114043 -0.01688818251383516 -0.0053037522569057442 0.023026344155100357 0.0073474083860847403 0.0075638127947261517 0.012041845210703447 0.0069727735589062102 -0.032465410970639284 -0.020327499573681039
leaf_weight=307.13760300306603 622.47659962775651 1759.0425087811891 1355.573606639402 482.05261758202687 407.4175646067597 48.545795395504683 257.681133941398 776.12460308126174 85.673968328163028 39.844172123353928 121.41776012349874 313.57327529136091 203.89084234880283 237.90476874751039
leaf_count=6410 8857 15831 8452 8284 2338 613 3028 3745 711 417 871 2327 4157 4181
internal_value=0 0.00609749 0.00986633 -0.0198313 0.00365755 -0.00900512 -0.0107759 0.0161576 -0.0155166 -0.0187837 0.000189832 0.00365365 -0.0306563 -0.0260576
internal_weight=7018.36 5368.43 4298.16 1649.93 2166.46 1070.27 900.996 2131.7 708.151 521.897 379.099 362.119 748.933 441.796
internal_count=70222 42874 30366 27348 18169 12508 12600 12197 9568 8701 3899 2940 14748 8338
is_linear=0
shrinkage=0.03


Tree=25
num_leaves=15
num_cat=0
split_feature=5 2 7 6 0 7 2 0 5 2 2 1 7 5
split_gain=878.71 361.494 188.178 139.193 107.285 88.6515 85.9249 74.0672 60.9537 44.1767 28.4641 27.949 24.1827 22.387
threshold=0.79003037504484663 0.70631605700817379 0.74979843431596283 0.8506107997391944 0.65578480208803402 0.87151219326874296 0.93645144602363362 0.83906118398755425 0.95684338736625207 0.82984268001018868 0.87757494111988577 0.88717614244609022 0.80446866221430635 0.56683304562696379
decision_type=2 2 2 2 2 2 2 2 2 2 2 2 2 2
left_child=1 7 8 5 11 -3 -6 13 9 -2 -5 -4 -9 -1
right_child=2 3 4 10 6 -7 -8 12 -10 -11 -12 -13 -14 -15
leaf_value=-0.035962053764359445 -0.014395597089507654 -0.01736238745853759 -0.011160073336125967 0.00052672084036934437 0.011218617372904572 -9.238550542412862e-05 0.023029314181927607 -0.019090885313010248 0.010829862410154991 0.00098793771004624851 0.012712872026726 0.0096707307088082454 0.0019926335008455423 -0.025626669725725183
leaf_weight=334.16979026130866 366.5567011340172 695.89909779769368 195.52921362209599 375.1292999649886 2008.9949399151374 439.88774948462378 779.40808748453856 96.220450518652797 217.13360106409527 302.9076332829427 327.26884775562212 79.943407691083848 93.671403268817812 585.20755002973601
leaf_count=7036 4791 10836 2067 3341 12702 4738 3754 1658 1715 2362 2007 549 1096 11570
internal_value=0 -0.0123938 0.00924782 -0.00420796 0.0127709 -0.0107061 0.0145377 -0.0259156 -0.00289388 -0.00739928 0.00625727 -0.00499326 -0.00857752 -0.0294509
internal_weight=6897.93 2947.45 3950.47 1838.18 3063.88 1135.79 2788.4 1109.27 886.598 669.464 702.398 275.473 189.892 919.377
internal_count=70222 42282 27940 20922 19072 15574 16456 21360 8868 7153 5348 2616 2754 18606
is_linear=0
shrinkage=0.03


Tree=26
num_leaves=15
num_cat=0
split_feature=3 0 1 5 1 5 5 0 7 2 1 3 7 3
split_gain=830.41 249.767 248.942 121.275 105.275 101.758 78.5549 77.9304 56.7461 44.3217 27.9409 27.812 25.5732 24.2163
threshold=0.73754921232051507 0.748554935869291 0.76611416253375053 0.89532143858387137 0.66735378656761812 0.85836717526431983 0.87197966802998472 0.80052949645723837 0.90812146613309352 0.75997942908621507 0.6940697527922931 0.94331829913351484 0.69733252753137198 0.60622500743968677
decision_type=2 2 2 2 2 2 2 2 2 2 2 2 2 2
left_child=2 5 7 4 -3 8 9 12 -2 -4 -7 -5 -1 -9
right_child=1 3 6 11 -6 10 -8 13 -10 -11 -12 -13 -14 -15
leaf_value=-0.033641117595752022 -0.016254477361848565 -0.009082780844376968 -0.018975740701295103 0.01543222757842117 0.0096512836852237615 -0.009547528569236274 0.0095343302349111207 -0.023899879668193437 0.00065896673990853362 -0.0023044363403704371 0.0098759034187887416 0.025169349663452141 -0.022877051547218127 -0.0060079129324662204
leaf_weight=505.29922077059746 544.19006777415052 315.44630662980489 257.7278872692259 883.30582371493801 1789.9146329530049 77.488140692701563 282.5793058964191 101.54693559068255 260.38576866802759 333.71393278939649 402.5952830563765 407.34598277555779 390.86640839232132 226.4947849950986
leaf_count=10970 8057 3441 4287 4842 12345 908 2077 1667 2623 3553 2881 1987 7444 3140
internal_value=0 0.00702996 -0.0156781 0.0112938 0.00682714 -0.0042181 -0.00340237 -0.024408 -0.0107495 -0.00963956 0.00666516 0.0185457 -0.0290105 -0.0116934
internal_weight=6778.9 4680.67 2098.23 3396.01 2105.36 1284.66 874.021 1224.21 804.576 591.442 480.083 1290.65 896.166 328.042
internal_count=70222 37084 33138 22615 15786 14469 9917 23221 10680 7840 3789 6829 18414 4807
is_linear=0
shrinkage=0.03


Tree=27
num_leaves=15
num_cat=0
split_feature=5 2 3 3 1 0 0 0 7 2 3 2 7 0
split_gain=782.002 334.422 157.329 116.803 115.644 105.216 57.7185 40.269 39.6253 39.3848 28.5668 18.6324 18.4234 13.9493
threshold=0.67084159877431881 0.74051124686902303 0.85999126457383601 0.7967023995004815 0.8692742382501587 0.78647623620608509 0.71603403933784959 0.93582915839741865 0.9315490142792936 0.88367877043035414 0.85999126457383601 0.62505708839364404 0.62173619941606284 0.83240843605083714
decision_type=2 2 2 2 2 2 2 2 2 2 2 2 2 2
left_child=3 4 5 8 6 -3 -2 -4 11 12 -6 -1 -5 -10
right_child=1 2 7 9 10 -7 -8 -9 13 -11 -12 -13 -14 -15
leaf_value=-0.034905477454320419 -0.023165797356952973 -0.0045538566451522825 0.012957799225903151 -0.027917892502770561 -0.00064398479070124071 0.0089789387950279451 -0.007845594907039205 0.023104901366665979 -0.016721851085921981 0.0090412417951000884 0.016411606447318785 -0.024937698771897741 -0.0084958508820370381 0.0060194863248249466
leaf_weight=347.52145976107568 346.74032803648151 836.84186526073609 1387.3655509906821 58.209985352121294 200.5642050257884 1341.7020896638278 640.16902758204378 491.36463607149199 72.230050769168884 99.027773486450315 152.55124386982061 442.63591623480897 213.89446876512375 33.297334858914837
leaf_count=7996 6634 9105 8503 1025 2110 9273 8036 2402 1337 817 1014 8706 2852 412
internal_value=0 0.00497953 0.0092741 -0.0212026 -0.00799822 0.00376713 -0.0132766 0.0156385 -0.0270738 -0.00691785 0.00666511 -0.0293982 -0.0128476 -0.00927545
internal_weight=6664.12 5397.3 4057.27 1266.82 1340.02 2178.54 986.909 1878.73 895.685 371.132 353.115 790.157 272.104 105.527
internal_count=70222 47077 29283 23145 17794 18378 14670 10905 18451 4694 3124 16702 3877 1749
is_linear=0
shrinkage=0.03


Tree=28
num_leaves=15
num_cat=0
split_feature=4 7 2 1 2 0 5 7 0 2 7 1 0 0
split_gain=784.151 255.489 202.583 123.164 87.3619 79.3554 78.0046 54.2053 49.4884 42.2102 40.3803 20.0862 15.8718 14.5434
threshold=0.71509569180059496 0.74979843431596283 0.7388449518539274 0.71188219958892074 0.70152698865109298 0.92733249074000323 0.86605586937728851 0.89645877278453412 0.96848307597844407 0.89850315168827166 0.80846319202486727 0.80251261344963931 0.93582915839741865 0.71131114709478915
decision_type=2 2 2 2 2 2 2 2 2 2 2 2 2 2
left_child=2 4 10 9 13 7 -5 -4 -6 -3 12 -12 -1 -2
right_child=1 3 5 6 8 -7 -8 -9 -10 -11 11 -13 -14 -15
leaf_value=-0.031436115919962183 -0.027224746155033019 -0.0054710804149997226 -0.016712592304358356 0.0086757830172272243 -0.0034803004890991075 0.010993655713400934 0.018816556172180639 -0.00060934982510352437 0.017197255553614774 0.010426197545419092 -0.02224015649018728 -0.0045404292667143012 -0.0053613389736466644 -0.013130137726545324
leaf_weight=620.98364569048863 129.51302171195857 480.14765631663613 512.68553248629905 1430.7590797168668 756.36159498011693 182.71297467127442 1339.8554026914062 303.21225262305234 119.66822776105255 217.37751695443876 176.27290401048958 93.488952576648444 25.109669236466289 167.88265940104611
leaf_count=13815 2781 5889 7257 10874 8244 1332 7225 2813 821 1546 3358 1161 401 2705
internal_value=0 0.00666335 -0.0161501 0.0107595 -0.00541654 -0.00675334 0.0135957 -0.0107729 -0.000605092 -0.000466054 -0.0263448 -0.0162563 -0.030479 -0.0194394
internal_weight=6556.03 4641.57 1914.47 3468.14 1173.43 998.611 2770.61 815.898 876.03 697.525 915.855 269.762 646.093 297.396
internal_count=70222 40085 30137 25534 14551 11402 18099 10070 9065 7435 18735 4519 14216 5486
is_linear=0
shrinkage=0.03


Tree=29
num_leaves=15
num_cat=0
split_feature=6 4 4 7 5 2 0 2 0 0 7 2 7 0
split_gain=751.257 263.461 160.65 115.115 103.313 65.9966 59.9018 55.2233 52.4502 45.6482 34.4055 29.4516 21.2205 15.7366
threshold=0.70940478059273282 0.73950810883678464 0.76382426300064032 0.79116665941601805 0.87197966802998472 0.89850315168827166 0.82243569474633405 0.92813401568300191 0.96848307597844407 0.66640880246061596 0.59267092673515542 0.85260813493511123 0.98106568938007521 0.90159565020786847
decision_type=2 2 2 2 2 2 2 2 2 2 2 2 2 2
left_child=2 4 9 8 6 -5 -2 10 -3 -1 -4 -11 -6 -9
right_child=1 3 7 5 12 -7 -8 13 -10 11 -12 -13 -14 -15
leaf_value=-0.032487629901247018 -0.01770588689489604 -0.0012346983503372262 -0.027003738554404667 0.009802277020010141 0.0022205473335240146 0.019909146666523003 -0.001807778105199043 0.0045361445589568684 0.01832107292100546 -0.022833793047232317 -0.0064564637463319476 -0.0050068569869071364 0.017112539287703 0.028700592600866784
leaf_weight=450.86303965782281 531.33712931210175 855.08371813734993 90.075446603121236 1567.7972080578329 305.49312026170082 947.96048346464522 363.83851970580872 81.339905602857471 142.90502647263929 416.53839282330591 424.67453127575573 110.76481772371335 122.60186803899705 36.518922651885077
leaf_count=10432 8555 8617 1719 10888 2593 5039 3632 728 957 8611 6055 1398 767 231
internal_value=0 0.00590964 -0.0177388 0.0102085 -0.00548175 0.013629 -0.0112869 -0.00588282 0.00155106 -0.0253619 -0.0101556 -0.0191624 0.00658531 0.0124544
internal_weight=6447.79 4837.02 1610.78 3513.75 1323.27 2515.76 895.176 632.609 997.989 978.166 514.75 527.303 428.095 117.859
internal_count=70222 41048 29174 25501 15547 15927 12187 8733 9574 20441 7774 10009 3360 959
is_linear=0
shrinkage=0.03


Tree=30
num_leaves=15
num_cat=0
split_feature=6 5 0 3 2 3 0 5 6 2 7 2 2 2
split_gain=689.849 268.379 187.209 123.256 74.7208 63.2905 58.8296 57.7925 54.6163 35.2428 15.2143 12.3282 12.2242 10.8335
threshold=0.68939051476453594 0.85461819016468488 0.79903180199840651 0.68626919779052165 0.77070387251628747 0.83252888463552444 0.93026001191142449 0.73658964433741447 0.90565387998915781 0.98623536310254345 0.6774397630936565 0.99999949171338665 0.86428151421274613 0.66605671369739639
decision_type=2 2 2 2 2 2 2 2 2 2 2 2 2 2
left_child=3 2 4 10 -2 -4 8 13 -3 -9 -1 -12 -8 -5
right_child=1 6 5 7 -6 -7 12 9 -10 -11 11 -13 -14 -15
leaf_value=-0.033652917850711839 -0.018146467767813923 0.0053968064352406487 -0.00060329074340879625 -0.028060414891088351 -0.0032209390141414683 0.01184783986291889 0.015950666464297995 -0.0068957470197823076 0.016573090514179496 0.019186679698290628 -0.024226013471805329 0.013420995855025972 0.025041042746355487 -0.015759917730153745
leaf_weight=339.15763877378777 545.8952494339901 1026.2667463392718 686.78904537402559 121.34641269780695 688.35297882393934 778.22929612523876 296.67791890352964 389.25241815380286 651.30856208014302 51.549416479188949 250.94204992282903 6.4402046040631822 315.15935417450964 195.42222852446139
leaf_count=8372 9935 7766 7078 2841 7330 5029 1743 5095 3770 371 5567 79 1541 3705
internal_value=0 0.00515514 -0.00124333 -0.0189819 -0.00985598 0.00599395 0.0127094 -0.0108645 0.00976109 -0.00374112 -0.0292047 -0.0231196 0.0207153 -0.0206398
internal_weight=6342.79 4988.68 2699.27 1354.11 1234.25 1465.02 2289.41 757.57 1677.58 440.802 596.54 257.382 611.837 316.769
internal_count=70222 44192 29372 26030 17265 12107 14820 12012 11536 5466 14018 5646 3284 6546
is_linear=0
shrinkage=0.03


Tree=31
num_leaves=15
num_cat=0
split_feature=6 4 7 4 6 0 0 5 2 2 4 2 5 4
split_gain=640.593 275.905 167.919 118.344 91.0948 72.4393 55.0455 41.6973 40.4374 34.8369 27.2913 27.0639 15.9547 5.46197
threshold=0.68939051476453594 0.81826427636291721 0.73805339994850228 0.81826427636291721 0.91484183054233748 0.74570404915588018 0.66640880246061596 0.89532143858387137 0.93926309031488586 0.87166612718051362 0.94594702576071155 0.92813401568300191 0.82664496565358137 0.9721451432662559
decision_type=2 2 2 2 2 2 2 2 2 2 2 2 2 2
left_child=3 2 8 6 -4 10 -1 -7 -2 -8 -3 12 -5 -13
right_child=1 5 4 11 -6 7 9 -9 -10 -11 -12 13 -14 -15
leaf_value=-0.031849398748445987 -0.018181578620526082 -0.0019254693821796145 -0.0021188588404989872 -0.013221478611887908 0.012720790994789033 0.010922949177216621 -0.02090845095858531 0.01995755724222071 0.0041655418444221546 -0.0010526346797244338 0.011789795371715898 0.0072821675462765518 0.0016620652755933978 0.027933167707059454
leaf_weight=437.53013443178497 569.60829358990304 395.8139085007133 1187.0961907501332 168.13655234314501 539.80547773186117 1172.17937466281 442.34887408744544 791.75300156837329 80.74554854631424 100.97047846711939 191.8963681163732 53.751174636185169 99.43781773513183 17.273012476041913
leaf_count=10715 9493 4118 12301 3057 3661 8040 9353 4176 803 1235 1600 443 1104 123
internal_value=0 0.00497052 -0.00237232 -0.0185575 0.00250712 0.0118215 -0.0238366 0.0145888 -0.0153588 -0.0172823 0.00251423 -0.00315128 -0.00759306 0.0130391
internal_weight=6248.35 4928.9 2377.26 1319.45 1726.9 2551.64 980.849 1963.93 650.354 543.319 587.71 338.599 267.574 71.0242
internal_count=70222 44192 26258 26030 15962 17934 21303 12216 10296 10588 5718 4727 4161 566
is_linear=0
shrinkage=0.03


Tree=32
num_leaves=15
num_cat=0
split_feature=3 1 1 2 1 7 7 4 5 4 2 1 4 5
split_gain=627.732 209.644 183.792 103.574 71.3318 67.4819 67.3013 59.4307 45.0251 29.4592 28.0386 24.8164 24.1805 19.7447
threshold=0.74993329383835505 0.75981466032417588 0.69044797360166743 0.8364037384248485 0.91245750205989007 0.88867189392654511 0.79116665941601805 0.69930255051525225 0.99542678703089604 0.71967862164505514 0.93645144602363362 0.97322445394253509 0.62957071042169266 0.94100745120891605
decision_type=2 2 2 2 2 2 2 2 2 2 2 2 2 2
left_child=1 7 5 4 -4 12 11 -1 -5 -8 -9 -3 -2 -7
right_child=2 6 3 8 -6 13 9 10 -10 -11 -12 -13 -14 -15
leaf_value=-0.029196298556052838 -0.028077679030784296 -0.016059030436656657 -0.00018202999668612689 0.012534520459700417 0.01417625421868348 0.00013065954699818339 -0.0082073674908442074 -0.017585103247611023 0.025706582462818473 0.0073806417960195448 0.0032578345517398403 0.0094294131393219457 -0.010182522423947555 0.0182835314693638
leaf_weight=569.80510060943197 86.461586797318887 313.96312622516416 1073.6429752162658 1548.3130147489719 435.32375428127125 238.88860261428636 144.33671288378537 483.94569325970951 282.74828598927706 424.36835913709365 62.981263680849224 36.388930094661191 378.44463195698336 69.977946461411193
leaf_count=14010 1663 5209 10998 9677 3141 2489 1952 9282 1478 3682 659 448 5086 448
internal_value=0 -0.0136212 0.00674238 0.00979756 0.00394699 -0.00640233 -0.00296589 -0.0223531 0.0145978 0.0033643 -0.0151286 -0.013307 -0.0136281 0.00438599
internal_weight=6149.59 2035.79 4113.8 3340.03 1508.97 773.773 919.057 1116.73 1831.06 568.705 546.927 350.352 464.906 308.867
internal_count=70222 35242 34980 25294 14139 9686 11291 23951 11155 5634 9941 5657 6749 2937
is_linear=0
shrinkage=0.03


Tree=33
num_leaves=15
num_cat=0
split_feature=6 1 3 4 4 3 6 1 2 7 2 4 7 4
split_gain=590.768 210.038 172.545 105.89 76.0383 71.8344 61.2681 56.7329 41.5107 40.5552 34.5975 32.1765 12.7163 9.8179
threshold=0.75616556748952168 0.77078585399030075 0.82905734129464814 0.82652190804835579 0.87777900283936716 0.68117705253159888 0.95198058322041956 0.93230868933565603 0.9032951669952487 0.88626181087317779 0.94841911679394497 0.64728853343387904 0.89645877278453412 0.95693812184623817
decision_type=2 2 2 2 2 2 2 2 2 2 2 2 2 2
left_child=1 5 3 6 8 -1 -2 9 -3 -4 -5 -7 -6 -9
right_child=2 4 7 10 12 11 -8 13 -10 -11 -12 -13 -14 -15
leaf_value=-0.029345876781659966 -0.010704619355817416 -0.011815588058012843 0.0045834155766323248 0.0043471216999320288 0.0050366695873318252 -0.025431194786487081 0.0078841166537444041 0.01845351765455109 0.0062924712883198567 0.014058012560271041 0.019102834377384945 -0.010239771055079486 0.019083159156594733 0.028983028551312233
leaf_weight=539.05383107013768 772.04526177665684 465.26976605772506 779.61093574063852 649.13426380616147 123.62005910649896 177.0742381925229 198.41391428094357 402.96005393797532 147.70245373272337 880.79682068573311 186.27528401324525 482.07789506646805 124.19264869473409 123.24502487154678
leaf_count=13981 10450 7404 6254 5611 1301 3929 1760 2267 1273 5349 1137 8004 880 622
internal_value=0 -0.0130488 0.00673107 -0.000115809 -0.00170205 -0.021167 -0.006869 0.0123969 -0.00740025 0.0096329 0.00769205 -0.0143986 0.0122451 0.0210269
internal_weight=6051.47 2058.99 3992.48 1805.87 860.785 1198.21 970.459 2186.61 612.972 1660.41 835.41 659.152 247.813 526.205
internal_count=70222 36772 33450 18958 10858 25914 12210 14492 8677 11603 6748 11933 2181 2889
is_linear=0
shrinkage=0.03


Tree=34
num_leaves=15
num_cat=0
split_feature=5 6 0 2 0 1 2 6 7 2 6 0 6 1
split_gain=583.158 205.883 156.522 80.7973 79.2689 64.8407 60.781 49.1912 44.726 43.2502 24.2291 23.3438 18.9016 13.9248
threshold=0.75710896996087096 0.81387057431450638 0.79556364539337976 0.76607967055628368 0.69185498869787521 0.87534475404838175 0.94519733339327994 0.97683970629605343 0.72995212996562908 0.67321552145391883 0.63342315779526059 0.92169384661306542 0.92542900729708233 0.84293125392874846
decision_type=2 2 2 2 2 2 2 2 2 2 2 2 2 2
left_child=1 4 3 10 -1 6 -4 -5 13 -6 -2 -10 -7 -3
right_child=2 8 5 7 9 12 -8 -9 11 -11 -12 -13 -14 -15
leaf_value=-0.028295361011562298 -0.02539774962424337 -0.018252804971288252 0.0042624811182240419 0.0010207462821562065 -0.024213439085923293 0.014641688851475008 0.018390739152706909 0.018613087674927739 0.00046691468283412493 -0.0080679487476862238 -0.007578490032580776 0.01494169578048243 0.024249154971392337 0
leaf_weight=598.2587702939054 84.919770711858291 128.62628587696236 1153.7304771755589 865.09096944495104 223.73770483810222 589.31858176412061 362.8095542434603 171.52459843386896 393.67962953972165 478.77006218826864 409.80941083020298 135.76558414543979 300.15704100299627 54.800212516915053
leaf_count=15181 1818 2203 9402 7959 5480 3719 2101 1079 4269 8049 5853 928 1511 670
internal_value=0 -0.0131282 0.00671564 -0.000763672 -0.0202253 0.0114868 0.00767212 0.00397573 -0.000125965 -0.0132798 -0.0107427 0.00425641 0.017941 -0.0128925
internal_weight=5951 2013.64 3937.36 1531.34 1300.77 2406.02 1516.54 1036.62 712.872 702.508 494.729 529.445 889.476 183.426
internal_count=70222 36780 33442 16709 28710 16733 11503 9038 8070 13529 7671 5197 5230 2873
is_linear=0
shrinkage=0.03


Tree=35
num_leaves=15
num_cat=0
split_feature=5 4 0 0 7 4 1 2 7 1 7 1 0 0
split_gain=539.595 176.642 152.458 131.95 98.7486 65.1815 49.891 40.2976 37.5193 27.9093 27.4173 26.813 21.0041 9.85872
threshold=0.72685541390168551 0.85706181194604725 0.74247236201659061 0.65578480208803402 0.73976063793487568 0.7858188327856489 0.89920057139422738 0.76746803029342925 0.62428614014901085 0.88717614244609022 0.89452388909143477 0.72451868395521657 0.5797721846544811 0.68030427130276705
decision_type=2 2 2 2 2 2 2 2 2 2 2 2 2 2
left_child=2 3 8 9 -5 10 7 -3 -1 -2 -4 -7 -10 -8
right_child=1 6 5 4 -6 11 13 -9 12 -11 -12 -13 -14 -15
leaf_value=-0.03192681267276358 -0.021521370495161982 -0.00028302456392480572 -0.018649361780640909 -0.0085556058611777879 0.0066803428009968987 -0.0092723991217704572 0.0077129758833780282 0.012311186048983605 -0.028082194902883034 0.00047116909585106695 -0.0013893619229530725 0.0084249595749985775 -0.014058414150920731 0.02138278347376699
leaf_weight=327.48052728304174 266.47802850935841 297.59942229418084 290.76398986647837 498.45583697920665 1625.1254123245017 104.39366536971647 61.774996986612678 923.49232527380809 147.70700747543015 61.105197572149336 121.32741133449599 276.90757046290673 338.85347982682288 519.71113031264395
leaf_count=8833 4786 3049 5921 6901 13538 1678 444 6031 3576 709 1758 2721 7315 2962
internal_value=0 0.00559569 -0.0148021 0.000339576 0.00308763 -0.00538406 0.0127222 0.00921951 -0.0239266 -0.0173388 -0.013656 0.00348968 -0.0184261 0.0199978
internal_weight=5861.18 4253.74 1607.43 2451.16 2123.58 793.393 1802.58 1221.09 814.041 327.583 412.091 381.301 486.56 581.486
internal_count=70222 38420 31802 25934 20439 12078 12486 9080 19724 5495 7679 4399 10891 3406
is_linear=0
shrinkage=0.03


Tree=36
num_leaves=15
num_cat=0
split_feature=2 5 7 4 0 1 7 0 0 1 4 7 0 2
split_gain=512.529 191.65 141.678 141.092 80.4512 65.5461 42.7954 29.6109 27.6192 27.391 20.7775 20.1931 17.5113 11.8736
threshold=0.7188646306270462 0.86807281655050483 0.66845553391291468 0.68477437518598439 0.87730291620561329 0.79405370783868923 0.88414493552023088 0.90879875978348901 0.78820710356991575 0.79724450381246914 0.90674075136158849 0.77987054446691673 0.93891753364585495 0.60954892294640617
decision_type=2 2 2 2 2 2 2 2 2 2 2 2 2 2
left_child=3 2 9 12 -4 7 8 -5 -3 -2 -8 -7 13 -1
right_child=1 6 4 5 -6 11 10 -9 -10 -11 -12 -13 -14 -15
leaf_value=-0.032026774898114077 -0.021715833943016898 0 -0.001182720126834952 -0.017596024207669623 0.011344293475680089 -0.0081534859594841764 0.013603639225955585 0.0018592444656858008 0.011544656045252979 -0.0059054130638071323 0.023025117920831228 0.0063389470334125429 -0.0017585123486571562 -0.022346865809679668
leaf_weight=302.89874450385105 266.09601745684631 285.48619442735799 1318.9441287117661 443.98325378890149 705.65546583314426 126.16150855959859 656.41236266680062 80.184398215962574 533.5797612745082 167.59619875927456 341.68048280756921 265.43749367143027 27.226488157641143 258.16621357592521
leaf_count=8300 5112 2816 15223 9374 5238 2046 4173 1011 3633 2164 1881 2562 456 6233
internal_value=0 0.00529901 -0.000150637 -0.0150565 0.00317209 -0.00763212 0.0126839 -0.0145649 0.0075213 -0.0157027 0.0168788 0.00158463 -0.0265303 -0.0276738
internal_weight=5779.51 4275.45 2458.29 1504.06 2024.6 915.767 1817.16 524.168 819.066 433.692 998.093 391.599 588.291 561.065
internal_count=70222 40240 27737 29982 20461 14993 12503 10385 6449 7276 6054 4608 14989 14533
is_linear=0
shrinkage=0.03


Tree=37
num_leaves=15
num_cat=0
split_feature=3 6 4 0 6 2 7 0 0 6 7 2 7 7
split_gain=508.268 245.141 116.094 85.274 80.8143 46.8503 44.5055 43.7161 36.389 35.3718 23.4178 15.9807 6.37219 3.5141
threshold=0.65451247955381564 0.79076587517134767 0.77630280756048509 0.78820710356991575 0.89425238284394248 0.91038321905335251 0.92692770236145916 0.66313012723148035 0.68679175981556939 0.99054001505267097 0.81417492508378875 0.81654355098921128 0.82032153018439791 0.7930467408835199
decision_type=2 2 2 2 2 2 2 2 2 2 2 2 2 2
left_child=4 2 7 9 8 -5 -4 -2 -1 -3 -10 13 -13 -6
right_child=1 3 6 5 11 -7 -8 -9 10 -11 -12 12 -14 -15
leaf_value=-0.030852124264112438 -0.024333011885588805 -0.00051129351613761259 -0.0028132784377820001 0.0093691729843892475 -0.019082124627166901 0.019168853806282325 0.010532563773669663 -0.0087453859309416376 -0.023733509623153074 0.014018491374593501 -0.0089461311868360045 0 0.018921545538672126 -0.0017369942976722705
leaf_weight=375.55823111627251 227.31547118641902 837.21448354050517 584.29402301303344 1294.8080220514676 21.51846664887853 685.47834734199569 362.26540583168389 605.15433869173285 242.73814789415337 182.02348021202488 176.22850957413903 25.195809022057801 42.825787587091327 28.370209982153028
leaf_count=10365 5535 8985 7606 9375 405 4017 3150 10119 5643 1447 2642 251 319 363
internal_value=0 0.0039187 -0.00489157 0.009154 -0.0205046 0.0127844 0.00226848 -0.0130618 -0.0239438 0.00206534 -0.0176211 0.00242398 0.01201 -0.0100359
internal_weight=5690.99 4778.55 1779.03 2999.52 912.435 1980.29 946.559 832.47 794.525 1019.24 418.967 117.91 68.0216 49.8887
internal_count=70222 50234 26410 23824 19988 13392 10756 15654 18650 10432 8285 1338 570 768
is_linear=0
shrinkage=0.03


Tree=38
num_leaves=15
num_cat=0
split_feature=3 5 5 2 4 5 3 4 7 6 6 7 7 4
split_gain=478.133 165.439 145.708 81.607 73.8407 56.2215 43.4966 38.2322 34.9195 33.1508 27.8401 19.7714 12.8348 6.60267
threshold=0.74993329383835505 0.67084159877431881 0.81681250580611764 0.81152766717389302 0.73950810883678464 0.99542678703089604 0.92321432987607943 0.85706181194604725 0.79116665941601805 0.93961071461146883 0.89898692506659328 0.85728407357262337 0.96152460600733913 0.7858188327856489
decision_type=2 2 2 2 2 2 2 2 2 2 2 2 2 2
left_child=1 11 3 7 10 6 -4 -2 -6 -5 -3 -1 -7 -13
right_child=2 4 5 9 8 12 -8 -9 -10 -11 -12 13 -14 -15
leaf_value=-0.028343251515587833 -0.012610629007342312 -0.018724198024843316 0.0048406124970110974 0.0020624624389378207 -0.0090998606534076244 0.01592607555692057 0.014801528208227848 0.0021346712731197992 0.0043195925564809669 0.016231645275450665 0.00059715933935279369 -0.019246999229962206 0.026593116648419582 -0.0036228347130284212
leaf_weight=476.33931723271962 519.44520042376826 396.78760954242898 1118.9175734628225 602.71046291920356 269.21094460168388 311.32304188609123 622.09000223514158 222.40897278353805 490.68679658306064 199.37928661797196 77.077771009411663 80.495277697453275 182.30434668483213 42.985492040403187
leaf_count=13724 9091 8555 8861 5901 4441 2061 4197 2519 5001 1290 921 1893 1060 707
internal_value=0 -0.0125663 0.00609959 -0.000970016 -0.00624138 0.0109958 0.00842348 -0.00815266 -0.000400836 0.00563775 -0.0155236 -0.0254939 0.019972 -0.0141218
internal_weight=5612.16 1833.58 3778.58 1543.94 1233.76 2234.63 1741.01 741.854 759.898 802.09 473.865 599.82 493.627 123.481
internal_count=70222 35242 34980 18801 18918 16179 13058 11610 9442 7191 9476 16324 3121 2600
is_linear=0
shrinkage=0.03


Tree=39
num_leaves=15
num_cat=0
split_feature=6 1 3 4 1 3 3 4 3 6 7 1 4 6
split_gain=462.988 200.359 115.046 85.8569 83.9273 57.964 32.1106 30.0801 20.6924 15.0839 14.6073 14.5012 10.66 9.96226
threshold=0.68780454334279506 0.68575392548429071 0.92068211372438535 0.81657512910906727 0.7308707512892334 0.87894490340886955 0.82577548691981362 0.68637811766392531 0.68117705253159888 0.92542900729708233 0.89645877278453412 0.93230868933565603 0.82476865991844639 0.57216593017434791
decision_type=2 2 2 2 2 2 2 2 2 2 2 2 2 2
left_child=4 5 3 -3 8 7 10 -2 -1 -7 -6 -4 -8 -10
right_child=1 2 11 -5 6 9 12 -9 13 -11 -12 -13 -14 -15
leaf_value=-0.029952532490037112 -0.023910644070660403 -0.0017304356423243745 0.013715609319858926 0.0092450383972354742 -0.017897682872119239 -0.0013003692437365075 -0.005068715450350556 -0.0091219733739652635 -0.026250489873931821 0.014731790767540796 -0.003307656736256557 0.022084100474414281 0.0091000497805103133 -0.013760272720426615
leaf_weight=328.45637501910096 184.74302017627633 1196.3825507835718 712.53538610925898 1371.7817020977382 227.47780866269022 168.20920857437886 95.744231605902314 415.0098559174221 102.40038730856031 74.136053594993427 92.821463175059762 284.46704920136835 91.447260286775418 186.5005971082719
leaf_count=10366 4202 14151 5088 10735 5008 1860 1448 6191 2548 519 1415 1708 874 4109
internal_value=0 0.00438519 0.00749833 0.00412174 -0.0171702 -0.00875249 -0.00802108 -0.0137595 -0.0246175 0.00352115 -0.0137864 0.0161531 0.00170521 -0.0183662
internal_weight=5532.11 4407.26 3565.17 2568.16 1124.85 842.098 507.491 599.753 617.357 242.345 320.299 997.002 187.191 288.901
internal_count=70222 44454 31682 24886 25768 12772 8745 10393 17023 2379 6423 6796 2322 6657
is_linear=0
shrinkage=0.03


Tree=40
num_leaves=15
num_cat=0
split_feature=5 3 7 0 2 7 0 5 0 2 2 5 2 3
split_gain=429.762 208.483 132.561 68.1793 63.5291 56.6621 43.4535 42.6522 30.0065 17.2862 10.8069 10.5476 7.44256 6.28625
threshold=0.6520908495576837 0.82748581773602614 0.79116665941601805 0.92733249074000323 0.95165660134763452 0.74791198631970535 0.78820710356991575 0.99542678703089604 0.74247236201659061 0.9032951669952487 0.83321235769023982 0.56683304562696379 0.99038033496958067 0.85613577546412467
decision_type=2 2 2 2 2 2 2 2 2 2 2 2 2 2
left_child=5 2 6 7 -4 11 -2 -3 13 -10 -5 -1 -13 -7
right_child=1 3 4 10 -6 8 -8 -9 9 -11 -12 12 -14 -15
leaf_value=-0.031112174685882069 -0.018588317517318396 0.0047146125495166396 -0.00038808450990710815 0.012867427059030195 0.015867868128417027 -0.022909346364397103 -0.0048249319124127671 0.018051390938906745 -0.0079454493509147125 0.01216523343073149 0.021460741456165403 -0.021968850818466782 0.0092344248569360219 -0.0056233167340315358
leaf_weight=258.21419346705079 458.86042527394602 1497.8600542709464 1121.4717606794438 245.20109955081716 266.12586769578047 141.41144773620181 389.38671863370109 254.5338006047532 160.34895863628481 48.749715615762398 389.17394264508039 201.58881014562212 5.2236267630942157 28.33316683745943
leaf_count=7703 10209 13491 13056 1778 1862 3607 5368 1646 2635 449 2297 5522 75 524
internal_value=0 0.00359506 -0.00297675 0.00976254 0.0027172 -0.0196742 -0.0123187 0.00667807 -0.0108842 -0.00307843 0.0182119 -0.0267321 -0.0209957 -0.0202496
internal_weight=5466.48 4622.61 2235.84 2386.77 1387.6 843.87 848.247 1752.39 378.843 209.099 634.375 465.027 206.812 169.745
internal_count=70222 49707 30495 19212 14918 20515 15577 15137 7215 3084 4075 13300 5597 4131
is_linear=0
shrinkage=0.03


Tree=41
num_leaves=15
num_cat=0
split_feature=1 6 0 2 5 0 2 1 7 0 0 2 2 5
split_gain=419.066 178.537 117.203 96.0133 61.9302 51.4734 48.2457 35.2171 24.8229 24.0169 19.3669 19.1534 8.12604 4.3117
threshold=0.69044797360166743 0.82545322829707435 0.67145775959292775 0.72993861620657663 0.81861388929338652 0.91396518299378571 0.88367877043035414 0.93539839951849146 0.73805339994850228 0.67493018904290858 0.65770994678831907 0.92272159953105126 0.89850315168827166 0.61464693000128279
decision_type=2 2 2 2 2 2 2 2 2 2 2 2 2 2
left_child=2 3 12 9 8 -5 7 -3 -4 -2 -8 -6 13 -1
right_child=1 6 4 5 11 -7 10 -9 -10 -11 -12 -13 -14 -15
leaf_value=-0.032929092016507018 -0.022641755962630586 0.0039684625950543728 -0.022377310795588509 -0.0010263566024685201 -0.003297396610308197 0.012746717195979508 0.00018235378581417004 0.015669715371048405 -0.0089663655030685439 -0.0084424754405288058 0.017184509692689854 0.011615866789852099 -0.01119743387244959 -0.024892910328439384
leaf_weight=177.70468713558512 160.53167109622154 971.47097696911078 233.99489496526076 1017.4779341797112 280.27122274180874 319.04813744511921 68.822287843562663 308.55714584700763 292.26403547357768 362.67494779697154 840.70628737285733 105.60220530861989 33.736425852985121 222.06348714896012
leaf_count=5986 4188 8850 6108 11970 3433 2592 579 2244 5164 6578 5328 756 583 5863
internal_value=0 0.00482027 -0.014498 -0.00200106 -0.00833094 0.00224612 0.010626 0.00682256 -0.0150174 -0.0128912 0.0159326 0.000725856 -0.0273558 -0.0286133
internal_weight=5394.93 4049.29 1345.64 1859.73 912.132 1336.53 2189.56 1280.03 526.259 523.207 909.529 385.873 433.505 399.768
internal_count=70222 42329 27893 25328 15461 14562 17001 11094 11272 10766 5907 4189 12432 11849
is_linear=0
shrinkage=0.03


Tree=42
num_leaves=15
num_cat=0
split_feature=4 0 5 1 5 7 1 7 0 5 3 7 7 3
split_gain=404.339 172.357 99.1371 78.5749 68.2096 44.8562 41.0535 29.2754 27.6079 25.7645 22.2085 19.7226 19.3835 12.5408
threshold=0.68971518963708234 0.748554935869291 0.80684353204795423 0.71829846539788689 0.75710896996087096 0.79503938698929455 0.85861981631257922 0.93358663031638833 0.99998768637014679 0.81861388929338652 0.66152146948901114 0.9315490142792936 0.78169605111121443 0.82257310232615444
decision_type=2 2 2 2 2 2 2 2 2 2 2 2 2 2
left_child=2 4 6 9 10 -5 11 -6 12 -3 -2 -1 -4 -8
right_child=1 3 8 5 7 -7 13 -9 -10 -11 -12 -13 -14 -15
leaf_value=-0.026425955481427271 -0.025414095244243848 -0.006994548315193313 -0.014841080444081872 0.0041734993071405645 -0.0042855357766257976 0.013652146107098209 -0.013200704265020496 0.0080090737400060168 0.021152556142215732 0.0048985854617561424 -0.010078711470127543 -0.011059896776840331 -0.00077933417898392102 0.006238461758168494
leaf_weight=578.42982930282596 126.17526689101942 311.46592248976231 138.06455547630321 633.74645309499465 465.05722307250835 1644.4524026680738 67.179314670152962 277.1559456094401 36.079592208261602 342.49409372080117 302.7548652147525 97.004076213459484 255.26028230751399 49.983262902824208
leaf_count=16745 3662 4988 2452 6371 6208 11458 1290 2544 280 3052 6026 1876 2698 572
internal_value=0 0.00451163 -0.0151407 0.00840055 -0.0051982 0.0110315 -0.0214314 0.00026973 -0.00343689 -0.000722064 -0.0147082 -0.0242831 -0.00581648 -0.00467117
internal_weight=5325.3 4103.3 1222 2932.16 1171.14 2278.2 792.596 742.213 429.404 653.96 428.93 675.434 393.325 117.163
internal_count=70222 44309 25913 25869 18440 17829 20483 8752 5430 8040 9688 18621 5150 1862
is_linear=0
shrinkage=0.03


Tree=43
num_leaves=15
num_cat=0
split_feature=6 5 3 3 4 0 4 0 5 4 3 3 3 4
split_gain=393.905 149.608 94.8517 94.083 53.9162 50.4367 41.7058 37.6483 36.6604 27.7895 19.8482 7.48755 5.85859 4.3765
threshold=0.70940478059273282 0.84737776940477705 0.7344760575926863 0.64103682976252274 0.88398802686349376 0.92169384661306542 0.91983814024363786 0.90159565020786847 0.96355657403215345 0.81657512910906727 0.9655162009328393 0.9655162009328393 0.55832165168118453 0.93963359833937343
decision_type=2 2 2 2 2 2 2 2 2 2 2 2 2 2
left_child=3 2 9 12 7 -4 8 -5 -3 -2 -8 -6 -1 -14
right_child=1 6 5 4 11 -7 10 -9 -10 -11 -12 -13 13 -15
leaf_value=-0.031293204335426594 -0.01663463796766072 0.0038420549708366547 -0.00026311764221658698 -0.016065514007349933 0.0024471294649439949 0.012435491873003171 0.014182465125196117 0.0026474129327420173 0.014023264576304137 -0.0026710533802738828 0.028041918153131406 0.019592086562393893 -0.023209734141940313 0
leaf_weight=205.4258254833403 355.36272632190958 867.56417946954025 1119.5489742828649 587.02562256989768 148.71362194686662 373.10828978253994 443.55675418535247 112.32537979562767 513.9729303761851 209.87365465296898 127.98848726577125 27.729407238424756 160.01742216141429 6.9616250232793382
leaf_count=6819 7674 7489 12803 13454 2020 2772 2919 1530 3752 2877 762 255 4960 136
internal_value=0 0.00458049 -0.00105097 -0.0147109 -0.00926977 0.00289717 0.010527 -0.0130176 0.00765887 -0.0115168 0.017382 0.00540589 -0.0273675 -0.0222018
internal_weight=5259.17 4010.98 2057.89 1248.2 875.794 1492.66 1953.08 699.351 1381.54 565.236 571.545 176.443 372.405 166.979
internal_count=70222 41048 26126 29174 17259 15575 14922 14984 11241 10551 3681 2275 11915 5096
is_linear=0
shrinkage=0.03


Tree=44
num_leaves=15
num_cat=0
split_feature=3 0 6 1 6 1 7 0 4 7 6 4 1 4
split_gain=362.745 181.565 86.1442 77.7136 63.5979 55.3131 51.6347 28.3385 27.0463 17.4556 15.7577 12.3669 6.4513 2.80542
threshold=0.65451247955381564 0.748554935869291 0.86167074876692606 0.86482131763642223 0.88561144400121605 0.66015095158157788 0.8736332243963969 0.68679175981556939 0.91434836718528156 0.81417492508378875 0.95505687325466382 0.94930524331318888 0.85653889508363479 0.98490579313494842
decision_type=2 2 2 2 2 2 2 2 2 2 2 2 2 2
left_child=4 3 5 6 7 -3 -2 13 -4 -9 -5 12 -6 -1
right_child=1 2 8 10 11 -7 -8 9 -10 -11 -12 -13 -14 -15
leaf_value=-0.029264048652683689 -0.016374871980064057 -0.010164903461511389 0.0098500396315775868 0.0023169971357563154 -0.0083152226995064967 0.0049347760675441778 -0.0016375811904994985 -0.022019418285899203 0.018927010520390985 -0.008252705957605147 0.018184510121763673 0.023835590710696804 0.007226509547516486 0
leaf_weight=309.48436255252454 567.27235703391489 256.51097865693737 1021.3532537927385 296.52982555236667 64.457433673785999 1406.6710126587423 351.29092018387746 206.83171113720164 436.78719293233007 155.84611807815963 70.647067035082728 17.922180876834318 35.455562334973365 3.5665965261869124
leaf_count=10229 12532 4273 7562 3473 997 14185 4883 5601 2778 2596 548 145 338 82
internal_value=0 0.00336319 0.00727509 -0.0061085 -0.0186582 0.00258323 -0.0107793 -0.0222029 0.0126007 -0.0162252 0.00549258 0.00143202 -0.00248577 -0.0289589
internal_weight=5200.63 4407.06 3121.32 1285.74 793.564 1663.18 918.563 675.729 1458.14 362.678 367.177 117.835 99.913 313.051
internal_count=70222 50234 28798 21436 19988 18458 17415 18508 10340 8197 4021 1480 1335 10311
is_linear=0
shrinkage=0.03


Tree=45
num_leaves=15
num_cat=0
split_feature=2 6 7 5 4 2 4 5 7 3 3 4 7 2
split_gain=369.726 140.5 93.1882 89.1922 49.3604 40.3229 37.3632 34.9312 28.5699 21.1776 18.3185 11.0886 9.81931 6.39111
threshold=0.70631605700817379 0.86167074876692606 0.85545161217057408 0.80855937150164292 0.81498200000608134 0.96620340788713099 0.69930255051525225 0.92731348636793076 0.72206743286226127 0.84144108157943653 0.86356660870467372 0.69624099825110985 0.95677606288846473 0.60295036010114822
decision_type=2 2 2 2 2 2 2 2 2 2 2 2 2 2
left_child=3 2 4 6 -2 -4 -1 8 -3 -8 11 -5 -9 -12
right_child=1 7 5 10 -6 -7 9 12 -10 -11 13 -13 -14 -15
leaf_value=-0.027081767453376798 -0.012557450087758472 -0.0019736913660843122 0.002476779415463373 -0.018161414765740767 0.00045362813029908644 0.016632138194034717 -0.018024533210777471 0.013596507658874064 0.010033596220037556 -0.0020062373753535236 -0.0054568666680210026 -0.0039367166041804269 0.02249619407603138 0.008691425737013099
leaf_weight=397.54201129887952 610.74823879799806 211.86254810844548 915.238353134715 70.564391038613394 451.86018031567801 227.43490196857601 281.27391737303697 321.66085759503767 998.39311777590774 107.16219145071227 34.893728873925284 188.8526060951408 212.04083537403494 113.12238829629496
leaf_count=13314 11972 2365 9810 1493 5401 1669 7275 2229 7608 1641 371 2655 1290 1129
internal_value=0 0.00442231 -0.000597334 -0.0146258 -0.00700123 0.00533254 -0.0205318 0.0107837 0.00790699 -0.0136989 -0.00313659 -0.00797608 0.0172239 0.00514051
internal_weight=5142.65 3949.24 2205.28 1193.41 1062.61 1142.67 785.978 1743.96 1210.26 388.436 407.433 259.417 533.702 148.016
internal_count=70222 42344 28852 27878 17373 11479 22230 13492 9973 8916 5648 4148 3519 1500
is_linear=0
shrinkage=0.03


Tree=46
num_leaves=15
num_cat=0
split_feature=2 5 3 4 1 1 3 1 1 2 6 3 5 1
split_gain=345.579 171.851 99.7988 54.3316 51.0062 50.0324 45.3659 34.8678 27.0772 14.2437 14.1321 9.52803 8.27934 4.1003
threshold=0.66398031601234375 0.81861388929338652 0.8308258570811774 0.6946734119525102 0.8848795548132069 0.63989326612078956 0.92321432987607943 0.90198987942561915 0.83919306640358959 0.59566267677632334 0.93370009946901866 0.82257310232615444 0.93544302086872444 0.5621422321574433
decision_type=2 2 2 2 2 2 2 2 2 2 2 2 2 2
left_child=3 2 5 12 6 -2 -3 -4 9 -5 -6 -10 13 -1
right_child=1 4 7 8 10 -7 -8 -9 11 -11 -12 -13 -14 -15
leaf_value=-0.032934730545466639 -0.021850945021692752 0.0024073777647548168 0.0007184911846760824 -0.022022331208804737 0.012174285034622916 -0.0059006467296348845 0.013998308080478417 0.014683799717853083 -0.0080047022721388486 -0.0090863796232249112 0.021097662315043401 0.0075536542837956883 -0.0013969414707395772 -0.024144204142860434
leaf_weight=115.96659715566784 228.5939492197358 1116.9553349835915 606.6734644145472 157.92707515147049 575.15779826650396 822.87360763276229 421.52974582533352 220.59604229801334 64.884318293887191 174.88758746016538 247.74623412499204 75.349338832776994 14.205060971900819 236.25221617263742
leaf_count=4353 6243 11147 6920 3890 4279 13932 3123 1736 1088 3573 1539 668 250 7481
internal_value=0 0.0034827 -0.00327586 -0.0175741 0.00887166 -0.00941429 0.0056097 0.00449187 -0.0107137 -0.0153622 0.0149195 0.000136881 -0.026296 -0.0272084
internal_weight=5079.6 4240.13 1878.74 839.472 2361.39 1051.47 1538.49 827.27 473.048 332.815 822.904 140.234 366.424 352.219
internal_count=70222 48919 28831 21303 20088 20175 14270 8656 9219 7463 5818 1756 12084 11834
is_linear=0
shrinkage=0.03


Tree=47
num_leaves=15
num_cat=0
split_feature=6 2 0 7 3 0 3 2 0 3 7 0 5 0
split_gain=327.216 146.115 85.3934 66.4007 52.3371 51.8267 45.3856 41.685 26.2547 13.5961 8.92536 7.97958 5.28473 5.18894
threshold=0.68780454334279506 0.81308903701564461 0.89463333529247424 0.6709915763832609 0.80891597443954277 0.97669203981456831 0.81409324651189563 0.98623536310254345 0.94166202104553054 0.65451247955381564 0.99428040845365984 0.71929631699602137 0.96007316731094861 0.86576132143139839
decision_type=2 2 2 2 2 2 2 2 2 2 2 2 2 2
left_child=3 2 4 11 -2 6 -3 8 -5 -4 -7 -1 -13 -9
right_child=1 5 9 7 -6 10 -8 13 -10 -11 -12 12 -14 -15
leaf_value=-0.029156469046978065 -0.012690722577333028 0.00097400861515156787 -0.00850507454351789 -0.013841247367883258 -0.00039556705399149047 0.015926628472126479 0.010440717594226684 0.007212637938420057 0.0073595974594585448 0.0095494548183483116 0.027406094639287573 -0.020261310614823069 0.0029029969559415561 0.029086060453427175
leaf_weight=233.88818442687625 660.48127524019219 752.54639826936182 38.524028347281273 501.17808654322289 599.00773037679028 259.55196179437917 1185.3541226462694 31.092797010205686 56.157583792926744 437.80424942437094 99.427963126450777 136.75715760886669 6.8347235179971895 18.974433244206011
leaf_count=8597 13350 8167 629 11961 7152 1751 8863 329 803 3889 653 3822 113 143
internal_value=0 0.00378674 -0.00276819 -0.0154933 -0.00687195 0.00875259 0.00678237 -0.0092499 -0.0116419 0.00801165 0.0192568 -0.0254093 -0.0189388 0.0164969
internal_weight=5017.58 4032.7 1735.82 984.883 1259.49 2296.88 1937.9 607.403 557.336 476.328 358.98 377.48 143.592 50.0672
internal_count=70222 44454 25020 25768 20502 19434 17030 13236 12764 4518 2404 12532 3935 472
is_linear=0
shrinkage=0.03


Tree=48
num_leaves=15
num_cat=0
split_feature=5 1 0 2 3 1 0 2 5 4 5 4 4 1
split_gain=313.134 152.636 77.9891 66.2797 56.936 50.0047 38.806 28.0436 13.6742 12.3571 12.2072 10.1766 5.64479 2.27712
threshold=0.65420912237410944 0.71829846539788689 0.94166202104553054 0.76746803029342925 0.88899150422447326 0.67242850133711152 0.81107557840061573 0.90588014673751138 0.52507731527417323 0.7665782898801432 0.9501470220930498 0.86433345642700454 0.81826427636291721 0.60597034005834161
decision_type=2 2 2 2 2 2 2 2 2 2 2 2 2 2
left_child=5 4 3 -3 6 11 -2 8 -7 -4 -6 -1 -9 -13
right_child=1 2 9 -5 10 7 -8 12 -10 -11 -12 13 -14 -15
leaf_value=-0.028312372101994956 -0.0165365084739276 -0.0035784011284626478 0.00849143412361111 0.0072073380488763446 0.0011763928368033159 -0.025349419839568822 -0.0029186069894217323 -0.0015926759944391532 -0.010832263181425817 0.018133917624623731 0.015903626316623457 -0.015011653272678517 0.014498404475981302 0.00018740788869562431
leaf_weight=300.90165022050496 449.21291163912974 720.99878132040612 179.94644195539877 1745.4877049302449 223.75447565573268 81.92738458130043 335.07011938409414 36.746688422979787 268.9642482760828 490.73036269051954 66.718160065356642 14.285406878218057 34.735489327926189 12.501983049092813
leaf_count=10924 10876 10638 1548 15266 2594 2274 4609 530 6071 3413 500 362 346 271
internal_value=0 0.0031814 0.00652847 0.00404214 -0.00655766 -0.0178453 -0.0107678 -0.0108615 -0.0143694 0.0156079 0.00470495 -0.0266954 0.00590475 -0.00708699
internal_weight=4961.98 4211.92 3137.16 2466.49 1074.76 750.063 784.283 422.374 350.892 670.677 290.473 327.689 71.4822 26.7874
internal_count=70222 49444 30865 25904 18579 20778 15485 9221 8345 4961 3094 11557 876 633
is_linear=0
shrinkage=0.03


Tree=49
num_leaves=15
num_cat=0
split_feature=0 7 6 1 2 2 0 5 1 1 5 2 7 5
split_gain=300.783 163.44 81.0253 59.0416 58.4319 52.2345 26.8584 22.5484 21.5315 17.7167 17.5265 8.0502 7.01388 4.68108
threshold=0.65770994678831907 0.74607260954623211 0.88561144400121605 0.6940697527922931 0.8601035016766313 0.78319544333913627 0.52017775343743977 0.84737776940477705 0.62677992969419771 0.88717614244609022 0.85836717526431983 0.9252948646819773 0.62900793571953939 0.94716189726906819
decision_type=2 2 2 2 2 2 2 2 2 2 2 2 2 2
left_child=3 5 4 12 -3 7 11 -2 -7 -4 -8 -5 -1 -14
right_child=1 2 9 6 -6 8 10 -9 -10 -11 -12 -13 13 -15
leaf_value=-0.031698205345714776 -0.01763551231600102 -0.0016451368108155713 0.010132647871411519 -0.028112603029419946 0.0091026206655437508 -0.017059217037404852 -0.010714161992201536 -0.002813482365039081 0.0015455439171688178 0.018013144793163505 0.0027033032266468122 0 -0.022755218588977003 0
leaf_weight=150.63877191621577 370.64657411235385 1069.9326355005614 767.68100761482492 76.360751922882628 786.56512527540326 61.919269017176703 248.24370403314242 130.28108128800523 499.90271205909085 419.84085739264265 129.84513230063021 11.849116906989364 180.46905802143738 10.208763035945593
leaf_count=5828 10248 15050 6064 1849 6647 1188 5282 2003 5879 2815 1430 131 5627 181
internal_value=0 0.00329225 0.00683297 -0.0167246 0.0028948 -0.00681807 -0.00964997 -0.0138537 -0.00047828 0.0129568 -0.00603216 -0.0245791 -0.0262458 -0.0216389
internal_weight=4914.38 4106.77 3044.02 807.615 1856.5 1062.75 466.299 500.928 561.822 1187.52 378.089 88.2099 341.317 190.678
internal_count=70222 49894 30576 20328 21697 19318 8692 12251 7067 8879 6712 1980 11636 5808
is_linear=0
shrinkage=0.03


Tree=50
num_leaves=15
num_cat=0
split_feature=4 1 3 6 3 3 0 1 2 3 2 0 4 2
split_gain=297.815 126.152 79.8344 62.0647 55.7656 46.9662 33.0737 20.9044 20.7182 16.3989 14.8433 13.8175 11.4236 11.1639
threshold=0.68971518963708234 0.71510330806342648 0.81581089151967767 0.95505687325466382 0.85999126457383601 0.79826189019031013 0.79903180199840651 0.87746790080994386 0.93645144602363362 0.92868610329545687 0.79247379495020076 0.65770994678831907 0.62564442112974861 0.8364037384248485
decision_type=2 2 2 2 2 2 2 2 2 2 2 2 2 2
left_child=2 5 6 4 -3 8 12 9 -2 -4 -5 -7 -1 -8
right_child=1 3 7 10 -6 11 13 -9 -10 -11 -12 -13 -14 -15
leaf_value=-0.027418421846695691 -0.015183187541526708 0.00052273665446256464 -0.012280258214362523 0.0075685878761715796 0.010089560866330604 -0.012454555183197755 -0.014679039588632163 0.0092964786075650282 0.0033881809180696422 0.0029419893190409763 0.018417636641979304 0.0029243551910736578 -0.016911617181509516 -0.00017184329152703361
leaf_weight=330.5659078276949 387.20642362802755 1253.6707266893936 172.8243596397806 168.98811466537882 983.7471706449287 59.019863230758347 142.10959961207118 98.182203487143852 59.477912503993139 95.698725534137338 449.62105184723623 408.54794443736318 166.63220393424854 78.040834999643266
leaf_count=11464 9599 15670 2974 1427 8103 1131 3246 985 718 1253 3018 4643 5012 979
internal_value=0 0.00398494 -0.0138503 0.0070939 0.00474511 -0.0056915 -0.0196705 -0.00236079 -0.0126413 -0.00675312 0.0155194 0.000896653 -0.0239984 -0.00969609
internal_weight=4854.33 3770.28 1084.05 2856.03 2237.42 914.252 717.349 366.705 446.684 268.523 618.609 467.568 497.198 220.15
internal_count=70222 44309 25913 28218 23773 16091 20701 5212 10317 4227 4445 5774 16476 4225
is_linear=0
shrinkage=0.03


Tree=51
num_leaves=15
num_cat=0
split_feature=5 6 4 1 6 7 5 7 1 4 7 7 1 4
split_gain=284.237 126.51 75.4834 51.7362 51.1551 45.6917 43.961 30.8837 16.8984 13.7846 11.5406 9.70559 2.51441 1.14239
threshold=0.6689654917026141 0.7972906270063308 0.8798003198305232 0.93230868933565603 0.59509521827855949 0.65733526390127195 0.91445617824524128 0.85924247206103088 0.86702473019852655 0.94930524331318888 0.57056455541115458 0.61660034156422183 0.92646892706802131 0.85330931458127079
decision_type=2 2 2 2 2 2 2 2 2 2 2 2 2 2
left_child=4 2 5 6 12 -2 -3 10 -4 -9 -6 -5 13 -1
right_child=1 3 8 11 7 -7 -8 9 -10 -11 -12 -13 -14 -15
leaf_value=-0.030227954154945374 -0.019284319797143814 0.001899581410183162 0.0021582758115403665 0 -0.025429109090550042 -0.0043892519493610093 0.011487588399535766 -0.0054250484377735882 0.014483959200026004 0.016963340104765898 -0.013164183327209323 0.016825651167555949 0 -0.013816032992376676
leaf_weight=194.37635210331064 239.71344998350833 1276.2204824395012 261.26381759584183 34.969552591443062 107.51591769943479 851.19782941992162 656.47721483954228 194.91267849435098 169.21050364198163 26.944971235003322 271.07744934229413 500.81556501379237 4.1465051211416712 13.505048961844293
leaf_count=7934 6368 13238 3255 321 3654 14088 5024 3452 1383 273 7071 3663 103 395
internal_value=0 0.00329446 -0.00349527 0.007491 -0.0161624 -0.00770439 0.0051761 -0.0115719 0.00709511 -0.00250741 -0.0167841 0.0157603 -0.0289061 -0.0293766
internal_weight=4802.35 3989.87 1521.39 2468.48 812.479 1090.91 1932.7 600.451 430.474 221.858 378.593 535.785 212.028 207.881
internal_count=70222 47340 25094 22246 22882 20456 18262 14450 4638 3725 10725 3984 8432 8329
is_linear=0
shrinkage=0.03


Tree=52
num_leaves=15
num_cat=0
split_feature=3 1 7 2 1 7 2 5 6 2 5 6 6 7
split_gain=271.679 99.7244 93.019 59.3188 42.9403 39.2438 35.4146 34.4839 23.9741 18.9578 13.3871 13.3623 12.7245 4.12091
threshold=0.74993329383835505 0.76611416253375053 0.73200340622436044 0.88367877043035414 0.91519452288963088 0.84021364971871215 0.62709113013228324 0.95684338736625207 0.82382389979855397 0.93645144602363362 0.92731348636793076 0.81040110923112041 0.87682584454532642 0.93358663031638833
decision_type=2 2 2 2 2 2 2 2 2 2 2 2 2 2
left_child=1 6 7 4 -4 10 13 8 -2 -8 -3 -5 -7 -1
right_child=2 5 3 11 -6 12 9 -9 -10 -11 -12 -13 -14 -15
leaf_value=-0.028705940981851766 -0.013395305126779467 -0.012578954614450834 0.00086599696857594401 0.0080839557552307671 0.012598887522313995 6.612710951172449e-05 -0.015503696526301517 0.010443787206880554 -0.0011133578452391622 0.00093117203710032972 0.0028717392655246252 0.015617280284329876 0.011705516428665149 -0.011148733681806675
leaf_weight=223.87932316388469 312.67278408969287 271.28065337834414 1153.2473498508334 343.29095223871991 372.99717896082439 236.22183958964888 489.90277548134327 109.80847751023248 273.84585338807665 68.459752641734667 57.876748511567712 681.08314388256986 135.40147290413734 20.658354577841237
leaf_count=9320 6762 5742 13417 2939 2965 3220 13514 1031 3122 981 656 4744 1189 620
internal_value=0 -0.0105382 0.00488203 0.00753915 0.0037594 -0.00221378 -0.0177546 -0.00480475 -0.00772358 -0.013437 -0.00977088 0.0131323 0.0044075 -0.0273963
internal_weight=4750.63 1503.68 3246.95 2550.62 1526.24 700.781 802.9 696.327 586.519 558.363 329.157 1024.37 371.623 244.538
internal_count=70222 35242 34980 24065 16382 10807 24435 10915 9884 14495 6398 7683 4409 9940
is_linear=0
shrinkage=0.03


Tree=53
num_leaves=15
num_cat=0
split_feature=0 4 7 4 3 1 2 3 1 3 7 0 2 4
split_gain=265.736 136.094 72.5449 52.5944 49.1348 46.2188 32.6911 25.0371 22.2168 13.9396 11.6452 11.358 10.4099 8.43599
threshold=0.65770994678831907 0.70883184569477875 0.88414493552023088 0.82845862912066859 0.72230092577200111 0.6639468950384807 0.86428151421274613 0.95869234673304882 0.88717614244609022 0.92321432987607943 0.61660034156422183 0.5360116248622947 0.85814046190711435 0.92819771403928941
decision_type=2 2 2 2 2 2 2 2 2 2 2 2 2 2
left_child=3 4 5 8 12 -3 -4 -6 10 11 -1 -5 -2 -11
right_child=1 2 6 9 7 -7 -8 -9 -10 13 -12 -13 -14 -15
leaf_value=-0.030347800249509831 -0.020150556270850602 -0.010444621971370003 0.0064874156641496986 -0.021800480923850146 -0.0051672243195902698 0.0037513228713888661 0.015324474475092702 0.010832432380900122 -0.0043095981028643182 -0.0014459572349137448 -0.019653221796935322 -0.0033916068748009853 -0.0049329469583953671 0.022220521572844286
leaf_weight=168.46423673193203 235.02291363017866 244.81938171258662 816.33467893011402 40.222773944027722 475.2731222526636 1270.3967615787406 731.93100521480665 106.23432037245948 65.655497629195452 24.326730766100809 303.13434195407899 136.45407256530598 56.462970743712503 24.273377632547636
leaf_count=6929 7508 4769 8019 741 7526 14495 5415 1128 1111 286 8813 2240 1034 208
internal_value=0 0.00314091 0.00612374 -0.0161974 -0.00728708 0.00143247 0.0106916 -0.0021792 -0.0213047 -0.0038444 -0.0235931 -0.00785058 -0.0173323 0.00997914
internal_weight=4699.01 3936.48 3063.48 762.531 872.993 1515.22 1548.27 581.507 537.254 225.277 471.599 176.677 291.486 48.6001
internal_count=70222 49894 32698 20328 17196 19264 13434 8654 16853 3475 15742 2981 8542 494
is_linear=0
shrinkage=0.03


Tree=54
num_leaves=15
num_cat=0
split_feature=6 0 3 2 1 2 2 4 6 1 1 4 2 2
split_gain=254.265 105.051 69.3124 54.5533 45.951 39.269 34.9588 23.1527 22.6579 19.8106 10.6602 8.29006 4.74436 2.89708
threshold=0.70940478059273282 0.78647623620608509 0.63928088622300416 0.78478105703606338 0.90985102868751289 0.87166612718051362 0.93645144602363362 0.87389312624333282 0.97683970629605343 0.58983942512855392 0.85861981631257922 0.98976830661230963 0.99999949171338665 0.57679814489171999
decision_type=2 2 2 2 2 2 2 2 2 2 2 2 2 2
left_child=2 3 12 9 6 7 -3 -4 -5 -2 -7 -6 13 -1
right_child=1 4 5 8 11 10 -8 -9 -10 -11 -12 -13 -14 -15
leaf_value=-0.031146427549968454 -0.025180624317972179 0.0025903812138897164 -0.015196990000515014 -0.00024451954431463461 0.013221361056592024 -0.0022436179731572872 0.012778294263133339 0 0.012799991422402649 -0.0078953854780711482 0.011473547233768202 0.023711651902531432 0 -0.022614217887192749
leaf_weight=100.14097786485218 70.853506380924955 1227.3943699445226 452.00528537889477 666.30247418233193 515.93551024841145 129.79993943916634 407.14685239235405 109.50116926647024 144.0308922653785 456.10700605160673 80.192349466960877 90.70932434569113 4.4674771719146511 189.18890552653465
leaf_count=4713 2128 13021 12769 7951 4013 1944 3064 1898 1229 9024 794 618 76 6980
internal_value=0 0.00383058 -0.012859 -0.00280591 0.00780337 -0.00806077 0.00515269 -0.0122044 0.00204999 -0.0103196 0.00288209 0.0148757 -0.025287 -0.0257678
internal_weight=4643.78 3578.48 1065.3 1337.29 2241.19 771.499 1634.54 561.506 810.333 526.961 209.992 606.645 293.797 289.33
internal_count=70222 41048 29174 20332 20716 17405 16085 14667 9180 11152 2738 4631 11769 11693
is_linear=0
shrinkage=0.03


Tree=55
num_leaves=15
num_cat=0
split_feature=5 3 7 0 6 6 5 7 0 7 6 3 1 0
split_gain=254.865 132.917 70.5542 56.5899 45.4642 43.5386 34.122 14.5281 13.4516 10.4894 10.2804 10.2265 6.50793 6.34472
threshold=0.8152164851301954 0.65079621550116695 0.61660034156422183 0.93026001191142449 0.82545322829707435 0.90565387998915781 0.96355657403215345 0.64610058333919607 0.748554935869291 0.90233298578844912 0.92031102508308027 0.98585445298442875 0.8692742382501587 0.99998768637014679
decision_type=2 2 2 2 2 2 2 2 2 2 2 2 2 2
left_child=1 7 11 5 -4 6 -2 -1 -7 13 -9 -3 -11 -5
right_child=3 2 4 9 -6 8 -8 10 -10 12 -12 -13 -14 -15
leaf_value=-0.028325221927304443 -0.0024007166173585699 -0.01936806511710798 -0.0061701799787044565 0.0061253885459820372 0.0044139800198127691 0.0034642654383512067 0.008663377385771498 -0.018755716987480978 0.013591930664482646 0.014450798243272577 0 0.0047950477522195473 0.02448539153114436 0.015371359426827004
leaf_weight=190.65242517378647 867.82770585326944 246.36231332086027 743.16382032318506 163.29784316243604 714.38323825201951 176.99845555541106 350.96843957924284 246.13917726377258 422.81498125987127 170.25979548343457 26.474431650713086 14.371212877100332 125.88096843007952 138.32903962483397
leaf_count=8345 11262 6789 15018 1400 7697 1701 3284 7742 3110 1267 390 231 897 1089
internal_value=0 -0.00743176 -0.0035603 0.00670982 -0.000962559 0.00405061 0.000765231 -0.021688 0.010664 0.0147296 -0.01685 -0.0179084 0.0188852 0.0105016
internal_weight=4597.92 2181.55 1718.28 2416.38 1457.55 1818.61 1218.8 463.266 599.813 597.768 272.614 260.734 296.141 301.627
internal_count=70222 46212 29735 24010 22715 19357 14546 16477 4811 4653 8132 7020 2164 2489
is_linear=0
shrinkage=0.03


Tree=56
num_leaves=15
num_cat=0
split_feature=5 3 4 3 7 0 0 0 0 0 4 0 5 7
split_gain=236.685 111.878 64.0395 62.0269 51.1896 28.5867 27.9518 23.7958 20.7813 13.7241 12.2317 10.6816 6.29743 5.72554
threshold=0.7885102563841615 0.65451247955381564 0.81826427636291721 0.92068211372438535 0.79116665941601805 0.994897292107353 0.66810850014520662 0.87928586231408667 0.90879875978348901 0.79723263075359052 0.91983814024363786 0.78067423883706177 0.84737776940477705 0.9042425042989094
decision_type=2 2 2 2 2 2 2 2 2 2 2 2 2 2
left_child=1 9 6 4 8 -6 -3 -4 -2 -1 11 -5 -12 -11
right_child=3 2 7 10 5 -7 -8 -9 -10 13 12 -13 -14 -15
leaf_value=-0.024950646715777854 -0.0077794007267064751 -0.019400970374399557 -0.0010687502333014715 0.0035619857290040634 0.0043740195617468728 0.018073957244492744 -0.0063862578959263975 0.011443030890549991 0.0049892061474218095 -0.016196732924390583 0.008349778536259015 0.013036012723713504 0.021427678483908273 -7.0879430331151678e-05
leaf_weight=320.31836512457812 448.02057102340041 202.01395817624871 389.55051527911564 166.04795468063094 1190.6679159845808 156.58951421250822 611.69160405686125 206.78242034697905 150.30950128432596 76.526461363071576 52.821628532139584 368.22147453203797 183.63339519768488 31.721367587102577
leaf_count=13244 7590 6380 5864 1676 11726 1154 11738 1975 1521 2234 381 2836 1318 585
internal_value=0 -0.00830956 -0.00419635 0.00562553 0.00274966 0.00600082 -0.00967402 0.00323146 -0.00451871 -0.0217314 0.0128334 0.0101597 0.01868 -0.0117897
internal_weight=4554.92 1838.6 1410.04 2716.31 1945.59 1347.26 813.706 596.333 598.33 428.566 770.724 534.269 236.455 108.248
internal_count=70222 42020 25957 28202 21991 12880 18118 7839 9111 16063 6211 4512 1699 2819
is_linear=0
shrinkage=0.03


Tree=57
num_leaves=15
num_cat=0
split_feature=2 1 5 3 4 3 3 6 6 4 6 1 5 1
split_gain=231.515 118.154 67.8966 43.0343 39.6773 39.6526 22.3191 18.2919 18.2273 11.5226 10.1793 7.6196 5.1431 3.35364
threshold=0.66605671369739639 0.70852134111099141 0.86807281655050483 0.92593313027405677 0.68160952094410832 0.79826189019031013 0.83252888463552444 0.99998758000090915 0.90998328730991618 0.98976830661230963 0.73559594272450968 0.83919306640358959 0.93544302086872444 0.55025914143094468
decision_type=2 2 2 2 2 2 2 2 2 2 2 2 2 2
left_child=4 5 3 -3 12 8 10 -4 -2 -7 -6 -8 13 -1
right_child=1 2 7 -5 6 9 11 -9 -10 -11 -12 -13 -14 -15
leaf_value=-0.031727538649040439 -0.015613256550997465 -0.00094721232581732853 0.0095295161023981473 0.010393797048720108 -0.020875397164120093 -0.0019761193878826151 -0.0064140968362484049 0.019952769175927573 0.0010983318294031123 0.013585076490484483 -0.008872425953762763 0.0066747868247370975 -0.0016262131384568715 -0.022204244175543054
leaf_weight=80.131109414622188 371.32495329971425 1228.405549387855 1094.1556029999047 396.37691866420209 137.08666133100633 395.1062841268722 92.088981200300623 184.67686761752702 65.670005702675553 46.936161684803665 146.19935909617925 68.450853918911889 11.516107196919618 189.4462878247723
leaf_count=3939 10343 17162 9412 3467 4900 5562 1577 1350 951 409 2923 664 231 7332
internal_value=0 0.00297736 0.00589986 0.00180574 -0.0155187 -0.0066378 -0.00978392 0.0110726 -0.0130366 -0.000229181 -0.0148394 -0.000640784 -0.0244003 -0.0252527
internal_weight=4507.57 3782.65 2903.61 1624.78 724.919 879.037 443.826 1278.83 436.995 442.042 283.286 160.54 281.094 269.577
internal_count=70222 48656 31391 20629 21566 17265 10064 10762 11294 5971 7823 2241 11502 11271
is_linear=0
shrinkage=0.03


Tree=58
num_leaves=15
num_cat=0
split_feature=6 5 0 3 1 5 1 7 1 0 0 7 6 6
split_gain=220.476 102.486 73.1938 42.8607 42.0372 33.0661 29.525 26.3674 20.4133 11.1597 10.3148 10.2192 7.17616 5.86738
threshold=0.66983794365459148 0.84737776940477705 0.84248881947306109 0.8523529697218345 0.93539839951849146 0.99999480579032995 0.81420951132595076 0.91031888853603882 0.76920451565416048 0.62892961088098176 0.88338865758716534 0.96152460600733913 0.56934483937223235 0.59263007695136771
decision_type=2 2 2 2 2 2 2 2 2 2 2 2 2 2
left_child=3 2 4 7 -2 6 -3 9 -4 -1 13 -7 -9 -5
right_child=1 5 8 10 -6 11 -8 12 -10 -11 -12 -13 -14 -15
leaf_value=-0.028609586863881681 -0.009063659505092473 0.00094541319995207669 -0.0012221162355448424 -0.013999135438982558 0.0076204872086297355 0.011648134234928798 0.0099094080356389655 -0.01686418280146643 0.0085784924532179355 -0.018087768435467919 0.011115020691754036 0.021819292444656364 -0.00033841520867055182 0
leaf_weight=165.07734531781171 973.23965380352456 619.65867019159487 292.60177122952882 45.647002116078511 155.20989937032573 275.23675061052199 728.98430819518398 34.607843902078457 524.65555413154652 299.12774228124181 43.839954825118184 156.02765295747668 82.366735142131802 67.79989061964443
leaf_count=7736 20027 6767 4119 972 1817 2284 6014 883 4888 10015 558 1162 1695 1285
internal_value=0 0.00296921 -0.00177698 -0.0149636 -0.0067376 0.00817244 0.00581672 -0.0187206 0.00503572 -0.0219474 -0.00086139 0.0154393 -0.00558349 -0.00580832
internal_weight=4464.08 3725.61 1945.71 738.467 1128.45 1779.91 1348.64 581.18 817.257 464.205 157.287 431.264 116.975 113.447
internal_count=70222 47078 30851 23144 21844 16227 12781 20329 9007 17751 2815 3446 2578 2257
is_linear=0
shrinkage=0.03


Tree=59
num_leaves=15
num_cat=0
split_feature=2 5 1 6 5 3 2 2 7 7 3 2 3 6
split_gain=215.553 78.3978 75.8154 67.2698 39.3794 31.031 28.4371 18.8763 15.7142 13.0258 10.4197 8.94075 6.68738 5.64384
threshold=0.73597556120596386 0.9501470220930498 0.83919306640358959 0.78443863597439945 0.8282566509569832 0.92068211372438535 0.95842853932439787 0.58768631211424538 0.7556193104437573 0.94717839868990239 0.73905766893486735 0.9128163435678075 0.66152146948901114 0.8506107997391944
decision_type=2 2 2 2 2 2 2 2 2 2 2 2 2 2
left_child=2 3 4 6 7 -5 -2 -1 -4 11 -10 -3 -11 -6
right_child=1 9 8 5 13 -7 -8 -9 10 12 -12 -13 -14 -15
leaf_value=-0.026180779733092019 -0.0076435913805911714 0.0056234979900632517 -0.0087423299279376122 0.0025557610778438665 -0.0084091338658254782 0.011707706702429826 0.0062985748223784556 -0.015046029736835291 -0.0049599297504205097 0 0.0089757920145027079 0.01495552173773362 0.01942714435835468 0.0005878419067315622
leaf_weight=230.87945963558741 710.17549393238733 242.17669591656886 97.410445120302029 1147.2223687783116 154.23102713644039 477.06187532702461 158.42312704969663 417.24110390627175 61.388396791764535 14.376711582532151 185.67695633968106 168.80826738104224 259.64723097207025 95.234517857548781
leaf_count=9873 13770 2249 2111 12399 3168 3777 1809 13479 1116 117 1973 1322 1915 1144
internal_value=0 0.0041419 -0.0105921 0.00165597 -0.0151821 0.00526775 -0.00506187 -0.019093 0.00129038 0.0131294 0.00538621 0.00955636 0.0183249 -0.00486609
internal_weight=4419.95 3177.89 1242.06 2492.88 897.586 1624.28 868.599 648.121 344.476 685.009 247.065 410.985 274.024 249.466
internal_count=70222 37358 32864 31755 27664 16176 15579 23352 5200 5603 3089 3571 2032 4312
is_linear=0
shrinkage=0.03


Tree=60
num_leaves=15
num_cat=0
split_feature=3 7 1 6 2 6 5 7 5 2 3 1 7 1
split_gain=207.945 106.294 70.5858 40.4042 37.958 36.7714 28.5416 19.7034 14.275 12.2336 11.8449 7.86893 3.49027 2.34785
threshold=0.65451247955381564 0.88626181087317779 0.66735378656761812 0.82210062934202444 0.93645144602363362 0.89898692506659328 0.89986973499116341 0.66845553391291468 0.90941672842863952 0.81654355098921128 0.58611238090611872 0.93539839951849146 0.72609333953087696 0.7413090139653743
decision_type=2 2 2 2 2 2 2 2 2 2 2 2 2 2
left_child=5 2 8 -4 6 7 -3 -1 -2 13 -9 -6 -11 -7
right_child=1 4 3 -5 11 9 -8 10 -10 12 -12 -13 -14 -15
leaf_value=-0.026335964706804264 -0.016181382096275777 0.0020550538315220104 -0.0044842097678549483 0.0051187415502129867 0.013024569667324555 -0.020382107916909833 0.011333066142203462 -0.020176193016661528 -8.488645640386201e-05 -0.0023425871804721105 -0.0081029449832531707 0.023056518737150759 0.014669605928667959 -0.0030919225336877255
leaf_weight=211.9700973177678 322.05939943264821 855.68305411486654 731.60986690444406 850.97705257876078 352.89260278723668 15.262576854089273 466.53497068351135 154.26448546792381 63.033050201134756 10.332569446414707 165.08171808626503 105.56751528708264 42.572010124684311 22.416217945981771
leaf_count=9775 9067 10648 13396 8675 2845 349 3921 4826 891 140 4116 791 412 370
internal_value=0 0.0026667 -0.00212686 0.000660446 0.00797872 -0.0160514 0.0053575 -0.0190623 -0.0136314 0.00129685 -0.0140735 0.015445 0.0108087 -0.0112172
internal_weight=4370.26 3748.36 1967.68 1582.59 1780.68 621.9 1322.22 531.316 385.092 90.5834 319.346 458.46 52.9046 37.6788
internal_count=70222 50234 32029 22071 18205 19988 14569 18717 9958 1271 8942 3636 552 719
is_linear=0
shrinkage=0.03


Tree=61
num_leaves=15
num_cat=0
split_feature=0 1 5 3 2 2 7 0 3 1 3 1 5 7
split_gain=202.527 86.1024 67.5375 41.9598 36.5589 29.5567 24.6309 24.1946 22.4355 19.6148 19.5882 12.3514 11.4637 7.37044
threshold=0.748554935869291 0.71188219958892074 0.81861388929338652 0.82577548691981362 0.74943549747990257 0.96620340788713099 0.95458365097068831 0.99998768637014679 0.88690525704408563 0.91245750205989007 0.81738564677123227 0.56480053471330094 0.8152164851301954 0.84021364971871215
decision_type=2 2 2 2 2 2 2 2 2 2 2 2 2 2
left_child=1 8 3 6 12 7 -2 -4 11 -5 -6 -1 -3 -7
right_child=2 4 5 9 10 13 -8 -9 -10 -11 -12 -13 -14 -15
leaf_value=-0.028349558530827129 -0.0095463219058936656 -0.017057503676915532 0.0046987108242580664 0.0017713301214723955 -0.0053651120691378959 0.0096515190606486674 0.0037397834794922848 0.01616430783349463 -0.0031223837925825931 0.01456251826122104 0.0055367795963912735 -0.017295084310794431 -0.0044464125041959015 0.019862623980186674
leaf_weight=166.14339254924562 479.64219174324535 178.36262308357982 1149.2452505233232 450.62325694359606 266.13898934028111 114.38408644031733 165.6002461456228 196.92966582294321 73.865296287462115 144.14757301774807 330.88460738677531 283.2968058550905 114.88563121555489 218.68296362832189
leaf_count=7584 10770 5726 11189 5364 4652 930 2365 1607 1462 1229 3431 10296 1961 1656
internal_value=0 -0.00931695 0.00451315 -0.000774873 -0.00359084 0.00843401 -0.00608954 0.00640902 -0.0189758 0.00494097 0.000625964 -0.021502 -0.0122507 0.016485
internal_weight=4332.83 1413.58 2919.26 1240.01 890.272 1679.24 645.242 1346.17 523.305 594.771 597.024 449.44 293.248 333.067
internal_count=70222 35112 35110 19728 15770 15382 13135 12796 19342 6593 8083 17880 7687 2586
is_linear=0
shrinkage=0.03


Tree=62
num_leaves=15
num_cat=0
split_feature=4 5 0 0 7 4 7 5 2 7 3 5 7 0
split_gain=206.921 114.206 59.1139 46.9692 40.7469 35.3342 19.7781 14.3433 13.6858 12.0265 9.12499 8.74695 7.91803 6.45062
threshold=0.81162608051966589 0.65631038921628326 0.64641355778306231 0.8695522602525021 0.74607260954623211 0.95296799315271719 0.57349204910828078 0.52126647239788515 0.76607967055628368 0.78169605111121443 0.85999126457383601 0.98235186732915847 0.96391394877478243 0.93891753364585495
decision_type=2 2 2 2 2 2 2 2 2 2 2 2 2 2
left_child=1 7 11 5 -4 6 -2 -1 13 -7 -9 -3 -10 -5
right_child=3 2 4 8 -6 9 -8 10 12 -11 -12 -13 -14 -15
leaf_value=-0.028162805166384232 -0.015369166429236598 -0.018474135438159768 -0.0089702654453784787 -3.311993330069563e-05 0.0023137230045286502 0.0012182076299081725 0.0010692855115379254 -0.018441564812439793 0.011784366591231351 0.013830911695672391 -0.0043960024327434682 0.00093648396883200941 0.019411067964380101 0.01016915316141781
leaf_weight=140.62905868678354 70.469831613823771 219.39629278526991 390.98775826493511 98.583062002900988 1080.3402025139658 97.045444350223988 832.53736877493793 257.24041822500294 421.73282688355539 281.14219549979316 57.588432892924175 19.755810678005219 210.28174386080354 112.18188330507837
leaf_count=6430 1522 6543 8684 1142 13535 1346 10768 9916 3525 2633 1131 266 1668 1113
internal_value=0 -0.00652307 -0.00294278 0.00665189 -0.000668542 0.00299844 -0.000195952 -0.0198673 0.0121602 0.0106853 -0.0159894 -0.0167485 0.0143959 0.00527786
internal_weight=4289.91 2165.94 1710.48 2123.97 1471.33 1281.19 903.007 455.458 842.78 378.188 314.829 239.152 632.015 210.765
internal_count=70222 46505 29028 23717 22219 16269 12290 17477 7448 3979 11047 6809 5193 2255
is_linear=0
shrinkage=0.03


Tree=63
num_leaves=15
num_cat=0
split_feature=4 6 7 1 3 2 7 3 1 6 4 2 7 2
split_gain=192.225 82.8289 53.8824 43.6169 33.2484 30.7074 23.4729 22.8379 16.5396 15.5007 15.3826 7.93413 7.69821 5.18207
threshold=0.68971518963708234 0.78608086729743298 0.77987054446691673 0.85861981631257922 0.92068211372438535 0.87757494111988577 0.57349204910828078 0.95869234673304882 0.77078585399030075 0.86713654829902354 0.95296799315271719 0.59566267677632334 0.48332071256604442 0.87549934288440412
decision_type=2 2 2 2 2 2 2 2 2 2 2 2 2 2
left_child=2 3 9 6 5 -3 -2 8 -4 12 -5 -6 -1 -11
right_child=1 4 7 10 11 -7 -8 -9 -10 13 -12 -13 -14 -15
leaf_value=-0.030098443898692397 -0.020532600627340841 0.00075554534829017279 -0.013728214897176192 0.0020720753036250605 -0.0071541889263173099 0.0094743444554892444 -0.0050286952391784016 0.011498476498677796 -0.0015121912370431251 -0.011532117442261208 0.017278523908905507 0.01300328851970628 -0.019105546384028824 0.0053838981597097357
leaf_weight=96.196150066913106 102.35330568964127 900.23054420459084 202.8292058845982 287.58783593101543 15.529584117000921 618.71807676058961 687.40806124202209 62.995426263194531 207.98029302130453 45.710659436415881 76.969235564698465 640.09638078405987 280.61481499898946 21.511369802756235
leaf_count=4736 3496 11354 5262 3815 171 5371 14195 688 3068 1037 724 5183 10853 269
internal_value=0 0.00335197 -0.0121476 -0.00312359 0.00680301 0.00433064 -0.00709937 -0.00500917 -0.00763515 -0.0196689 0.00540318 0.01247 -0.0220636 -0.0056796
internal_weight=4246.73 3328.89 917.838 1154.32 2174.57 1518.95 789.761 473.805 410.809 444.033 364.557 655.626 376.811 67.222
internal_count=70222 44309 25913 22230 22079 16725 17691 9018 8330 16895 4539 5354 15589 1306
is_linear=0
shrinkage=0.03


Tree=64
num_leaves=15
num_cat=0
split_feature=5 0 3 1 5 1 1 2 6 0 1 5 3 3
split_gain=180.529 89.5601 55.5017 37.3442 36.2106 29.552 29.0679 21.1886 18.6933 11.6761 7.2028 6.06502 5.08203 3.47617
threshold=0.66736813163107378 0.79723263075359052 0.77178769626020327 0.67242850133711152 0.96355657403215345 0.92058601836621978 0.82488038218018434 0.88367877043035414 0.8652312792069593 0.96848307597844407 0.58489342380020382 0.58314929576281826 0.95869234673304882 0.9180345924669604
decision_type=2 2 2 2 2 2 2 2 2 2 2 2 2 2
left_child=3 2 8 11 5 -3 -4 9 -2 -5 -6 13 -9 -1
right_child=1 4 6 7 10 -7 -8 12 -10 -11 -12 -13 -14 -15
leaf_value=-0.028385621418284185 -0.013888755676514094 0.0024192192403590389 -0.0036193591909659973 -0.01369566357021236 -0.0033069923014055458 0.012058360901549142 0.0070524090311400367 0.00028282948233149957 -0.0010834408130744643 0.008612509086167253 0.015195844758283613 -0.016833472070663439 0.019138232131030733 0
leaf_weight=144.50106687576044 400.20266411191551 1269.1970442321617 471.68569050793303 295.76463643484749 16.730844144243747 373.91359455394559 442.91506104922155 78.244916738942266 145.13422013435047 20.383849198464304 420.02301977248862 113.24388463812647 15.306356646586208 5.6748257611179715
leaf_count=7487 11456 14889 7571 8654 170 3282 4528 1185 2306 330 3401 4674 146 143
internal_value=0 0.00270905 -0.00297116 -0.0142292 0.00671014 0.00463699 0.00151797 -0.00841425 -0.0105439 -0.0121401 0.0144126 -0.0230939 0.00385492 -0.0274737
internal_weight=4212.92 3539.8 1459.94 673.12 2079.86 1643.11 914.601 409.7 545.337 316.148 436.754 263.42 93.5513 150.176
internal_count=70222 47603 25861 22619 21742 18171 12099 10315 13762 8984 3571 12304 1331 7630
is_linear=0
shrinkage=0.03


Tree=65
num_leaves=15
num_cat=0
split_feature=4 1 4 2 2 7 6 6 7 1 5 1 6 1
split_gain=177.119 81.0037 49.1993 43.4828 43.0646 26.5859 19.652 16.2775 14.5827 14.4621 11.5572 8.96309 6.50365 6.31988
threshold=0.66608515660323664 0.69044797360166743 0.91434836718528156 0.8858251155135114 0.78152379935421112 0.87784804614880707 0.95198058322041956 0.90998328730991618 0.84216559877625363 0.55312715757316222 0.9381219205520569 0.49259695781045404 0.93669453371405864 0.81765540607365239
decision_type=2 2 2 2 2 2 2 2 2 2 2 2 2 2
left_child=4 5 3 -3 8 9 -4 10 12 -2 -6 -7 -1 -10
right_child=1 2 6 -5 7 11 -8 -9 13 -11 -12 -13 -14 -15
leaf_value=-0.024091549503403649 -0.020974910550505536 -0.00082376530017638327 0.0085174590239128663 0.008501570926912911 -0.011548818700612121 -0.017517177649430723 0.019491951955189595 0.0074153695367104571 -0.014919956778755308 -0.0077267662527856634 0.0061052758204685007 0.0024531073772408665 0 0
leaf_weight=290.82662763411645 105.68125669751316 1250.1447563501715 619.41811094601871 697.77014154999051 195.43598599493271 20.864903346402571 202.98603114997968 73.007537815487012 83.798687925213017 299.4204273839714 37.157580984057859 249.38818644336425 11.776894574286414 39.411064947023988
leaf_count=13234 3432 18616 6093 6523 4198 420 1615 805 2534 7503 454 3803 277 715
internal_value=0 0.00284703 0.00512408 0.00250395 -0.0133978 -0.00644291 0.011283 -0.00465376 -0.0195775 -0.0112999 -0.00858603 0.000741808 -0.023208 -0.0103044
internal_weight=4177.09 3445.67 2770.32 1947.91 731.414 675.355 822.404 305.601 425.813 405.102 232.594 270.253 302.604 123.21
internal_count=70222 48005 32847 25139 22217 15158 7708 5457 16760 10935 4652 4223 13511 3249
is_linear=0
shrinkage=0.03


Tree=66
num_leaves=15
num_cat=0
split_feature=0 3 7 1 7 6 7 7 0 3 1 1 5 1
split_gain=170.39 91.3116 44.9601 37.7522 36.4398 34.0657 21.0457 18.2038 17.1557 15.7123 13.9645 12.3751 5.46614 0.91578
threshold=0.65770994678831907 0.74993329383835505 0.74979843431596283 0.75981466032417588 0.90233298578844912 0.88561144400121605 0.84021364971871215 0.49622223552916084 0.54298487220661007 0.92593313027405677 0.57494652393814294 0.70054091675668484 0.85836717526431983 0.75366721556673311
decision_type=2 2 2 2 2 2 2 2 2 2 2 2 2 2
left_child=4 3 7 10 8 -4 -5 -3 -1 12 -2 -10 -6 -11
right_child=1 2 5 6 9 -7 -8 -9 11 13 -12 -13 -14 -15
leaf_value=-0.027120980505420507 -0.021700263364471079 -0.016070877971938208 0.0044411304082610922 -0.0065129943466140502 -0.011663575888907573 0.012564330920993542 0.0054326868040437994 0.00022762791290207318 -0.021589295284290641 0.0020198316034962904 -0.0086147577381829217 -0.0088511647213972994 0 0.017074206235497397
leaf_weight=153.06643636862282 101.82099922175985 68.633726093452424 1149.6700675667962 238.54197284474503 92.79156547941966 801.07239589223173 296.52844838169403 511.36309485434322 127.67346636555158 10.056700280634685 327.96434283832787 179.63981364277424 54.217449311254313 27.918343120487407
leaf_count=6741 3960 1398 12848 4671 2319 6600 3679 7611 5858 162 9127 4340 642 266
internal_value=0 0.0026158 0.00561485 -0.00521708 -0.0141505 0.00779702 4.89551e-05 -0.00167376 -0.0186729 -0.00269437 -0.0118277 -0.0142934 -0.00727793 0.0140113
internal_weight=4140.96 3495.6 2530.74 964.856 645.364 1950.74 535.07 579.997 460.38 184.984 429.785 307.313 147.009 37.975
internal_count=70222 49894 28457 21437 20328 19448 8350 9009 16939 3389 13087 10198 2961 428
is_linear=0
shrinkage=0.03


Tree=67
num_leaves=15
num_cat=0
split_feature=5 0 1 0 3 5 7 3 6 6 3 1 0 1
split_gain=165.237 85.2808 59.0829 35.5078 32.1184 24.3108 21.2771 16.0203 14.7476 9.35763 7.42431 7.27427 5.58473 4.06257
threshold=0.6689654917026141 0.8695522602525021 0.80251261344963931 0.748554935869291 0.9552287101783955 0.95684338736625207 0.70799149942783102 0.94939481199008291 0.86713654829902354 0.57961968886185222 0.92593313027405677 0.62495194916009489 0.59542668711309044 0.8848795548132069
decision_type=2 2 2 2 2 2 2 2 2 2 2 2 2 2
left_child=3 2 4 9 -2 7 -4 -3 11 -1 -10 -5 -11 -7
right_child=1 5 6 8 -6 13 -8 -9 10 12 -12 -13 -14 -15
leaf_value=-0.028323011284522678 -0.0082618526284041795 0.004362549602443133 -0.0052592377984522799 -0.020731891931770788 0.0067603198573521752 0.013200968239504753 0.0057115136225571661 0.013690321918799001 -0.001618743382545415 -0.023682554965906325 0.016481354846875351 -0.0072154708453642715 -0.012842774095881833 0.021700303967816921
leaf_weight=106.06035591999535 898.57516843068879 776.53509893716546 188.79393866402097 50.462495222571306 146.37587397301104 189.17286923131905 918.45840552367736 217.58601982810069 64.306399760884233 79.530077023664489 27.326856940286234 175.11700816184748 159.03995166969253 104.47433448117226
leaf_count=6303 19721 8651 3222 1964 1711 1613 9713 1830 970 3518 228 4186 5713 879
internal_value=0 0.00264208 -0.000999683 -0.0137156 -0.00612443 0.00874776 0.0038108 0.006446 -0.00630563 -0.0204114 0.00357486 -0.0104497 -0.0166653 0.0163901
internal_weight=4101.81 3439.97 2152.2 661.843 1044.95 1287.77 1107.25 994.121 317.213 344.63 91.6333 225.58 238.57 293.647
internal_count=70222 47340 34367 22882 21432 12973 12935 10481 7348 15534 1198 6150 9231 2492
is_linear=0
shrinkage=0.03


Tree=68
num_leaves=15
num_cat=0
split_feature=2 0 0 6 7 0 1 7 6 6 3 7 2 6
split_gain=164.328 83.5566 43.5864 37.4272 36.8263 32.6425 24.8376 17.1163 12.1183 9.2034 8.94558 6.07673 6.00754 1.59727
threshold=0.66398031601234375 0.748554935869291 0.99998768637014679 0.95198058322041956 0.90812146613309352 0.84941069412520165 0.86482131763642223 0.63872225663914783 0.95505687325466382 0.79900390479212369 0.61558825803151196 0.99428040845365984 0.58768631211424538 0.99998758000090915
decision_type=2 2 2 2 2 2 2 2 2 2 2 2 2 2
left_child=5 4 3 -3 6 7 -2 13 -6 -9 -7 -4 -12 -1
right_child=1 2 11 -5 8 10 -8 9 -10 -11 12 -13 -14 -15
leaf_value=-0.026506317486757271 -0.012827966061241354 0.0018164194735243117 0.012732936644543816 0.01161741059888992 0 -0.022124311251436744 0.00051899405670306732 -0.017692865673095182 0.013780584267969746 -0.0061376888441283485 -0.0087226407876639239 0.02268194152884025 0.0044009873133329025 0
leaf_weight=162.80322385556065 456.22936863367795 1660.1224337022868 250.67523325228831 447.68358969141264 302.76375976175768 17.127354631375056 166.99306605546735 189.70891353627667 70.247293742664624 108.35535080975387 44.812057129573077 90.360445392841939 98.208481149806175 1.9084369861520816
leaf_count=8682 12934 21172 2344 3814 4677 526 2502 7565 677 2131 899 799 1455 45
internal_value=0 0.00256498 0.00555001 0.00391683 -0.00474065 -0.014167 -0.00920847 -0.0182093 0.00264858 -0.0136271 -0.00225906 0.0155153 4.86955e-05 -0.0261881
internal_weight=4068 3445.08 2448.84 2107.81 996.233 622.924 623.222 462.776 373.011 298.064 160.148 341.036 143.021 164.712
internal_count=70222 48919 28129 24986 20790 21303 15436 18423 5354 9696 2880 3143 2354 8727
is_linear=0
shrinkage=0.03


Tree=69
num_leaves=15
num_cat=0
split_feature=4 7 0 2 1 0 5 7 1 1 4 4 2 5
split_gain=155.627 92.0302 46.2901 37.4085 34.6671 22.8956 22.1918 19.2133 13.9793 12.7968 12.6915 12.2985 10.3581 9.07488
threshold=0.81162608051966589 0.6709915763832609 0.92733249074000323 0.82984268001018868 0.68107781826602265 0.81437430730574578 0.94716189726906819 0.89055010725002381 0.85448336099117783 0.99995448376660823 0.98490579313494842 0.88619326799116194 0.91506872980176113 0.75710896996087096
decision_type=2 2 2 2 2 2 2 2 2 2 2 2 2 2
left_child=1 6 4 5 -3 13 8 10 -1 -7 -5 -9 -4 -2
right_child=3 2 12 7 -6 9 -8 11 -10 -11 -12 -13 -14 -15
leaf_value=-0.021769875556129192 -0.010064222614594068 -0.013725418270227182 0.004250744346401397 0.0026900436545998548 -0.0020065032834347247 0.004042046666856652 0.0032847429646892324 0.0075145762693920714 -0.0064074581885465104 0.020770730922441246 0.013780103932636295 0.016843290768717586 0.016570127154585688 -0.00053480407990730294
leaf_weight=365.20558426226489 139.74725817708531 302.5668445272604 216.3475938377087 409.20617019187193 939.5108818145236 435.04870712896809 39.971138251712546 222.69878031639382 70.474159548990428 46.084072790341452 123.80720011657104 362.0652356830542 91.748975100519601 269.98723517704639
leaf_count=16044 3859 9516 2611 4419 15299 4913 636 1962 1604 407 1103 3069 795 3985
internal_value=0 -0.00586563 -0.00229695 0.00591578 -0.00489408 0.00128838 -0.017404 0.00957254 -0.019374 0.00574634 0.00534318 0.0133607 0.00805817 -0.00387461
internal_weight=4034.47 2025.83 1550.17 2008.64 1242.08 890.867 475.651 1117.78 435.68 481.133 533.013 584.764 308.097 409.734
internal_count=70222 46505 28221 23717 24815 13164 18284 10553 17648 5320 5522 5031 3406 7844
is_linear=0
shrinkage=0.03


Tree=70
num_leaves=15
num_cat=0
split_feature=6 5 2 5 2 2 3 3 6 3 3 7 3 1
split_gain=156.759 77.6946 43.5479 30.5321 26.5633 26.0513 18.673 17.8599 16.3922 16.8531 13.6944 12.1594 6.47845 4.86685
threshold=0.79076587517134767 0.75710896996087096 0.838285075540665 0.89986973499116341 0.89007207885842299 0.62505708839364404 0.77178769626020327 0.63722662097901661 0.99489323343769043 0.81409324651189563 0.82577548691981362 0.97323714490468349 0.64502760313716734 0.70549552115140224
decision_type=2 2 2 2 2 2 2 2 2 2 2 2 2 2
left_child=1 5 3 6 7 -1 -2 -3 9 -4 -7 -6 -5 -10
right_child=2 4 8 12 11 10 -8 -9 13 -11 -12 -13 -14 -15
leaf_value=-0.024185066770847329 -0.0092249572623446068 -0.018368919405134031 0.00177949490124972 -0.0070779124167633725 0.0014463847234706903 -0.014281832970798051 0.00058951590767813652 -0.002999806674052087 0.0053472479079966807 0.0099979494906050695 -0.0032227639233927412 0.014480330221568818 0.0087220042815424198 0.017566661388045312
leaf_weight=194.4412745378213 264.27892322826665 78.383257954730652 368.69271113025025 22.179790424183011 203.70517916878453 349.40017941436963 494.68010191209032 551.64719936277834 44.003383664647117 617.9229621005943 153.28791488672141 97.810054761066567 349.2824107358465 213.32016234914772
leaf_count=10811 6000 2445 4261 295 2343 12998 6301 9760 393 5353 3307 872 3314 1769
internal_value=0 -0.00716553 0.00491609 0.000624104 -0.00145745 -0.014737 -0.00279617 -0.00498553 0.00878867 0.00696205 -0.0109822 0.00580759 0.00768159 0.015622
internal_weight=4003.04 1628.68 2374.36 1130.42 931.546 697.129 758.959 630.03 1243.94 986.616 502.688 301.515 371.462 257.324
internal_count=70222 42536 27686 15910 15420 27116 12301 12205 11776 9614 16305 3215 3609 2162
is_linear=0
shrinkage=0.03


Tree=71
num_leaves=15
num_cat=0
split_feature=6 5 0 5 0 4 4 4 7 3 3 7 6 5
split_gain=148.753 93.4711 51.2889 30.0226 27.1928 26.6554 14.7771 12.9361 7.17644 4.0114 3.28567 2.88468 1.44474 0.408785
threshold=0.59263007695136771 0.81861388929338652 0.69531144399565348 0.99999480579032995 0.92733249074000323 0.63782076486599981 0.87017014576669893 0.87567115654590666 0.96152460600733913 0.58611238090611872 0.82577548691981362 0.99181649939857131 0.57216593017434791 0.81351205133742255
decision_type=2 2 2 2 2 2 2 2 2 2 2 2 2 2
left_child=6 2 7 4 -3 -4 9 -2 -5 -1 12 -11 -8 -12
right_child=1 3 5 8 -6 -7 10 -9 -10 11 13 -13 -14 -15
leaf_value=-0.029219696335849515 -0.015677270853356247 0.0018967874579905919 -0.012023237058002687 0.010113755416780548 0.010976939835801355 0.0010811073298252058 -0.014393995143275655 -0.0017440903026300588 0.019075585354150933 -0.020783887251272302 0 -0.0060248315661217576 0 0.0098738128118194147
leaf_weight=79.526692144048866 317.63206555019133 1202.8157571954362 158.91334155076765 259.50972363073379 398.7166803026339 1091.7774249237846 17.670350954751488 80.365280012250878 142.70379459904507 168.10746259137522 8.2330590648343804 20.312597279611509 6.8642693103756747 9.7470522457733733
leaf_count=5080 11573 14655 4433 2475 3617 17220 517 1612 1224 6937 155 473 156 95
internal_value=0 0.00169664 -0.00358156 0.00605414 0.00418154 -0.000568244 -0.0199015 -0.0129504 0.0134072 -0.0225178 -0.00258481 -0.0193914 -0.0100284 0.00598489
internal_weight=3962.9 3652.43 1648.69 2003.75 1601.53 1250.69 310.461 397.997 402.214 267.947 42.5147 188.42 24.5346 17.9801
internal_count=70222 56809 34838 21971 18272 21653 13413 13185 3699 12490 923 7410 673 250
is_linear=0
shrinkage=0.03


Tree=72
num_leaves=15
num_cat=0
split_feature=6 0 3 0 2 2 1 0 6 3 0 7 7 1
split_gain=142.387 55.8679 53.6657 29.7474 29.5282 23.7751 23.5272 21.0162 18.0263 15.5566 7.77624 7.29339 6.54807 5.24138
threshold=0.73403326950592784 0.71289503911369612 0.7967023995004815 0.89004155141891184 0.97049046418333529 0.97049046418333529 0.88717614244609022 0.97669203981456831 0.5773478193771725 0.92321432987607943 0.55630677881735513 0.78552084563599267 0.72799754646868509 0.7308707512892334
decision_type=2 2 2 2 2 2 2 2 2 2 2 2 2 2
left_child=1 9 3 5 8 -2 7 -4 -3 10 -1 -5 -8 -6
right_child=2 4 6 11 13 -7 12 -9 -10 -11 -12 -13 -14 -15
leaf_value=-0.026989948483820237 -0.0071812653718256242 -0.017365209778881834 0.0024143330456960184 -0.00079993360650329459 0 0.0086615172874871509 0.0040335778662097949 0.013568000067522982 -0.0036910964050240378 0.00097987218681564055 -0.016594275861522182 0.0088806161318101158 0.012863306121425737 0.017202589505214343
leaf_weight=114.23858645549626 654.61006557004293 108.47216470778221 1017.2827021271805 94.764003156509716 17.127909452538006 95.514748488378245 102.54266617295798 180.66707724949811 474.69517267640913 31.888328065688256 254.95759620488388 218.11204611603171 507.78358691767789 61.060829504393041
leaf_count=6301 13600 3763 11905 1367 280 1061 1086 1570 10497 721 10951 2247 4282 591
internal_value=0 -0.00937779 0.00347206 -0.00185423 -0.00395139 -0.00511519 0.00661901 0.00413139 -0.00631128 -0.0182188 -0.0199562 0.00585978 0.0114379 0.0131283
internal_weight=3933.72 1062.44 2871.28 1063 661.356 750.125 1808.28 1197.95 583.167 401.085 369.196 312.876 610.326 78.1887
internal_count=70222 33104 37118 18275 15131 14661 18843 13475 14260 17973 17252 3614 5368 871
is_linear=0
shrinkage=0.03


Tree=73
num_leaves=15
num_cat=0
split_feature=2 5 6 1 3 3 3 2 7 6 7 3 5 2
split_gain=140.673 72.1066 34.8495 29.3981 25.916 23.8683 22.6227 17.4942 16.5366 9.80154 8.12156 5.02392 1.15621 0.0911999
threshold=0.66398031601234375 0.79003037504484663 0.8506107997391944 0.79724450381246914 0.61333460619788382 0.94331829913351484 0.59658614838480739 0.96620340788713099 0.8798646719770028 0.94888282379202271 0.46921122085380385 0.92068211372438535 0.96715874281856451 0.57679814489171999
decision_type=2 2 2 2 2 2 2 2 2 2 2 2 2 2
left_child=4 2 6 5 12 -3 -2 -5 10 -4 -6 -10 13 -1
right_child=1 3 9 7 8 -7 -8 -9 11 -11 -12 -13 -14 -15
leaf_value=-0.028447505067002738 -0.021499279105721573 -0.0011254189907065851 -0.00062775026584192372 0.0067570668612997572 -0.028056073578983747 0.010881999011024036 -0.0054709659849932731 0.015544724512996461 -0.0050830515280674161 0.0080967857214073041 -0.011987968145846579 0.0070137231112187793 0 -0.02029123638780057
leaf_weight=78.1769698348362 91.997687069582753 680.94273273771978 276.93441216618521 976.89579705879441 36.096242532192264 188.66858045966364 640.94175241547055 269.03126187156886 120.61297572305193 191.43525522877462 252.60954168316675 39.01044536579866 1.9881117045879353 57.081672935630195
leaf_count=5020 3853 9789 3881 9644 1750 1833 15456 2331 2536 2132 8466 466 54 3011
internal_value=0 0.00239432 -0.00345817 0.00573189 -0.013543 0.00145473 -0.00755025 0.00868958 -0.00990049 0.00288394 -0.0141904 -0.00191468 -0.0250668 -0.0253998
internal_weight=3902.42 3316.85 1201.31 2115.54 585.576 869.611 732.939 1245.93 448.329 468.37 288.706 159.623 137.247 135.259
internal_count=70222 48919 25322 23597 21303 11622 19309 11975 13218 6013 10216 3002 8085 8031
is_linear=0
shrinkage=0.03


Tree=74
num_leaves=15
num_cat=0
split_feature=6 5 7 5 2 2 2 3 1 1 1 7 5 1
split_gain=133.618 59.1436 46.3791 27.5673 25.2406 18.0815 17.4445 16.3667 15.3266 14.5626 13.2251 9.78709 8.26491 5.74169
threshold=0.76713313822471962 0.73658964433741447 0.74979843431596283 0.95343188408239887 0.81308903701564461 0.99999949171338665 0.62281481640062508 0.81064543822785218 0.96009774021554073 0.7070931727263875 0.88011138253255639 0.48743460245944975 0.61464693000128279 0.78619470183181883
decision_type=2 2 2 2 2 2 2 2 2 2 2 2 2 2
left_child=1 6 7 5 10 -3 -1 8 -2 -6 -4 -8 -9 -5
right_child=2 3 4 13 9 -7 11 12 -10 -11 -12 -13 -14 -15
leaf_value=-0.024049504739235641 -0.011068333370847179 -0.006950595278305014 -0.00074423310743245135 0.0010844221417785019 0.0017615536118834869 0.010080395868138678 -0.026016922383399581 -0.01961114921797975 0.011573733711951363 0.010653029073325739 0.0075977511853738532 -0.0098326628197973817 0.0024335651431142348 0.013044327501245437
leaf_weight=155.94993001432158 245.88903907907661 585.87240883801132 506.27315024985 66.759368098981213 210.89931437314954 59.808372748782858 40.342177494545467 14.922628250438718 28.111231620889157 962.59712150192354 253.23665714333765 335.47195590886986 310.11208078690106 97.08986662136158
leaf_count=9798 5901 12464 7580 970 2462 612 2134 363 374 8675 2518 11574 3743 1054
internal_value=0 -0.00765236 0.0040551 -0.00249608 0.00631983 -0.0053135 -0.0154263 -0.00320127 -0.00860263 0.00908347 0.00200405 -0.011714 0.00127241 0.00838946
internal_weight=3873.34 1341.29 2532.04 809.53 1933.01 645.681 531.764 599.035 274 1173.5 759.51 375.814 325.035 163.849
internal_count=70222 38606 31616 15100 21235 13076 23506 10381 6275 11137 10098 13708 4106 2024
is_linear=0
shrinkage=0.03


end of trees

feature_importances:
driver_absence=151
rating=150
recent_rating=150
trip_completion=149
successful_stops=122
confirmed_complaints=114
punctuality=108
breakdown=106

parameters:
[boosting: gbdt]
[objective: lambdarank]
[metric: ndcg]
[tree_learner: serial]
[device_type: cpu]
[data_sample_strategy: bagging]
[data: ]
[valid: ]
[num_iterations: 300]
[learning_rate: 0.03]
[num_leaves: 15]
[num_threads: 1]
[seed: 42]
[deterministic: 0]
[force_col_wise: 0]
[force_row_wise: 0]
[histogram_pool_size: -1]
[max_depth: 4]
[min_data_in_leaf: 100]
[min_sum_hessian_in_leaf: 0.001]
[bagging_fraction: 0.7]
[pos_bagging_fraction: 1]
[neg_bagging_fraction: 1]
[bagging_freq: 0]
[bagging_seed: 400]
[bagging_by_query: 0]
[feature_fraction: 0.7]
[feature_fraction_bynode: 1]
[feature_fraction_seed: 30056]
[extra_trees: 0]
[extra_seed: 12879]
[early_stopping_round: 0]
[early_stopping_min_delta: 0]
[first_metric_only: 0]
[max_delta_step: 0]
[lambda_l1: 1]
[lambda_l2: 1]
[linear_lambda: 0]
[min_gain_to_split: 0]
[drop_rate: 0.1]
[max_drop: 50]
[skip_drop: 0.5]
[xgboost_dart_mode: 0]
[uniform_drop: 0]
[drop_seed: 17869]
[top_rate: 0.2]
[other_rate: 0.1]
[min_data_per_group: 100]
[max_cat_threshold: 32]
[cat_l2: 10]
[cat_smooth: 10]
[max_cat_to_onehot: 4]
[top_k: 20]
[monotone_constraints: ]
[monotone_constraints_method: basic]
[monotone_penalty: 0]
[feature_contri: ]
[forcedsplits_filename: ]
[refit_decay_rate: 0.9]
[cegb_tradeoff: 1]
[cegb_penalty_split: 0]
[cegb_penalty_feature_lazy: ]
[cegb_penalty_feature_coupled: ]
[path_smooth: 0]
[interaction_constraints: ]
[verbosity: 1]
[saved_feature_importance_type: 0]
[use_quantized_grad: 0]
[num_grad_quant_bins: 4]
[quant_train_renew_leaf: 0]
[stochastic_rounding: 1]
[linear_tree: 0]
[max_bin: 255]
[max_bin_by_feature: ]
[min_data_in_bin: 3]
[bin_construct_sample_cnt: 200000]
[data_random_seed: 175]
[is_enable_sparse: 1]
[enable_bundle: 1]
[use_missing: 1]
[zero_as_missing: 0]
[feature_pre_filter: 1]
[pre_partition: 0]
[two_round: 0]
[header: 0]
[label_column: ]
[weight_column: ]
[group_column: ]
[ignore_column: ]
[categorical_feature: ]
[forcedbins_filename: ]
[precise_float_parser: 0]
[parser_config_file: ]
[objective_seed: 16083]
[num_class: 1]
[is_unbalance: 0]
[scale_pos_weight: 1]
[sigmoid: 1]
[boost_from_average: 1]
[reg_sqrt: 0]
[alpha: 0.9]
[fair_c: 1]
[poisson_max_delta_step: 0.7]
[tweedie_variance_power: 1.5]
[lambdarank_truncation_level: 30]
[lambdarank_norm: 1]
[label_gain: ]
[lambdarank_position_bias_regularization: 0]
[eval_at: 3,5]
[multi_error_top_k: 1]
[auc_mu_weights: ]
[num_machines: 1]
[local_listen_port: 12400]
[time_out: 120]
[machine_list_filename: ]
[machines: ]
[gpu_platform_id: -1]
[gpu_device_id: -1]
[gpu_use_dp: 0]
[num_gpu: 1]

end of parameters

pandas_categorical:[]
